event_id,match_date,candidate_rows,timeline_end_visible,capture_text_chars,source_file
15551889,2026-03-08,10,True,900,csl_2026_capture\scrapling_raw\15551889_5df772ed2803.json
15551891,2026-03-14,6,False,700,csl_2026_capture\scrapling_raw\15551891_e144460102b0.json
15551900,2026-03-21,6,True,700,csl_2026_capture\scrapling_raw\15551900_6aad6a086a16.json
15552476,2026-04-04,7,False,700,csl_2026_capture\scrapling_raw\15552476_97683eb020da.json
15552489,2026-04-12,8,False,700,csl_2026_capture\scrapling_raw\15552489_68788cf0ac8b.json
15552493,2026-04-17,10,True,700,csl_2026_capture\scrapling_raw\15552493_f06cd6c148d1.json
15552498,2026-04-21,7,True,700,csl_2026_capture\scrapling_raw\15552498_cf8dcc8dfc65.json
15552507,2026-04-25,6,False,700,csl_2026_capture\scrapling_raw\15552507_d46b6d4394b7.json
15552529,2026-05-02,9,False,700,csl_2026_capture\scrapling_raw\15552529_ce342cce04e6.json
15552536,2026-05-06,8,False,700,csl_2026_capture\scrapling_raw\15552536_15b65276678a.json
15552546,2026-05-10,7,False,700,csl_2026_capture\scrapling_raw\15552546_31170a7f09ee.json
15549838,2026-05-15,6,False,700,csl_2026_capture\scrapling_raw\15549838_cf5e04aba8ce.json
15549843,2026-05-19,9,True,700,csl_2026_capture\scrapling_raw\15549843_b84932f17c4f.json
15549855,2026-05-23,9,False,700,csl_2026_capture\scrapling_raw\15549855_71e9a8170e9f.json
15552547,2026-05-30,7,False,700,csl_2026_capture\scrapling_raw\15552547_cb3b00cb6d4b.json
15552561,2026-06-27,10,True,700,csl_2026_capture\scrapling_raw\15552561_5f360763f038.json
15552563,2026-07-04,9,False,700,csl_2026_capture\scrapling_raw\15552563_137917c1d143.json
15552576,2026-07-17,8,True,700,csl_2026_capture\scrapling_raw\15552576_0fd8affe560b.json
15552587,2026-07-26,7,False,700,csl_2026_capture\scrapling_raw\15552587_0e483c58a756.json
15552596,2026-08-01,10,True,700,csl_2026_capture\scrapling_raw\15552596_31efba3e94f9.json
15552600,2026-08-07,9,False,700,csl_2026_capture\scrapling_raw\15552600_f725716811aa.json
15552613,2026-08-15,8,False,700,csl_2026_capture\scrapling_raw\15552613_22700942829a.json
16851672,2026-08-18,9,False,700,csl_2026_capture\scrapling_raw\16851672_13476a8d14fc.json
15552619,2026-08-22,7,False,700,csl_2026_capture\scrapling_raw\15552619_a5e8b75cb023.json
15552624,2026-08-28,7,True,700,csl_2026_capture\scrapling_raw\15552624_6a6f41c5187b.json
15552633,2026-09-05,9,True,900,csl_2026_capture\scrapling_raw\15552633_1fcc5342d0d2.json
16863671,2026-09-15,8,False,700,csl_2026_capture\scrapling_raw\16863671_9ba0cd9a01b5.json
