observed_on,season_year,competition,competition_id,competition_season_id,round,match_date,match_id,status,home_team,away_team,home_goals,away_goals,source_url,source
2026-09-27,2026,AFC Champions League Elite,463,99217,Round 1,2026-09-15,16863670,finished,Ratchaburi,Shanghai Port,4,6,https://www.sofascore.com/football/match/ratchaburi-shanghai-port/MFqsToJ#id:16863670,Sofascore rendered AFC tournament round card
2026-09-27,2026,AFC Champions League Elite,463,99217,Round 1,2026-09-15,16863671,finished,Beijing Guoan,Pohang Steelers,3,1,https://www.sofascore.com/football/match/pohang-steelers-beijing-guoan/Brbsadd#id:16863671,Sofascore rendered AFC tournament round card
2026-09-27,2026,AFC Champions League Two,668,97465,Round 1,2026-09-17,16864092,finished,Shanghai Shenhua,Tampines Rovers,2,1,https://www.sofascore.com/football/match/shanghai-shenhua-tampines-rovers/Tkbsyrb#id:16864092,Sofascore rendered AFC tournament round card
2026-09-27,2026,AFC Champions League Elite,463,99217,Round 2,2026-10-13,16864332,scheduled,Buriram United,Beijing Guoan,,,https://www.sofascore.com/football/match/buriram-united-beijing-guoan/BrbstJn#id:16864332,Sofascore rendered AFC tournament round card
2026-09-27,2026,AFC Champions League Elite,463,99217,Round 2,2026-10-13,16864334,scheduled,Shanghai Port,Daejeon Hana Citizen,,,https://www.sofascore.com/football/match/shanghai-port-daejeon-hana-citizen/VcdsMFq#id:16864334,Sofascore rendered AFC tournament round card
2026-09-27,2026,AFC Champions League Two,668,97465,Round 2,2026-10-15,16864103,scheduled,Preah Khan Reach Svay Rieng FC,Shanghai Shenhua,,,https://www.sofascore.com/football/match/preah-khan-reach-svay-rieng-fc-shanghai-shenhua/yrbszulb#id:16864103,Sofascore rendered AFC tournament round card
2026-09-27,2026,AFC Champions League Elite,463,99217,Round 3,2026-10-27,16864348,scheduled,Shanghai Port,Công An Hà Nội,,,https://www.sofascore.com/football/match/cong-an-ha-noi-shanghai-port/MFqsqxCb#id:16864348,Sofascore rendered AFC tournament round card
2026-09-27,2026,AFC Champions League Elite,463,99217,Round 3,2026-10-27,16864349,scheduled,Beijing Guoan,Jeonbuk Hyundai Motors,,,https://www.sofascore.com/football/match/jeonbuk-hyundai-motors-beijing-guoan/BrbsiNc#id:16864349,Sofascore rendered AFC tournament round card
2026-09-27,2026,AFC Champions League Two,668,97465,Round 3,2026-10-29,16864093,scheduled,Shanghai Shenhua,Machida Zelvia,,,https://www.sofascore.com/football/match/machida-zelvia-shanghai-shenhua/yrbsjNr#id:16864093,Sofascore rendered AFC tournament round card
2026-09-27,2026,AFC Champions League Elite,463,99217,Round 4,2026-11-03,16864172,scheduled,Port FC,Beijing Guoan,,,https://www.sofascore.com/football/match/port-fc-beijing-guoan/Brbslnq#id:16864172,Sofascore rendered AFC tournament round card
2026-09-27,2026,AFC Champions League Elite,463,99217,Round 4,2026-11-03,16864363,scheduled,Newcastle Jets,Shanghai Port,,,https://www.sofascore.com/football/match/shanghai-port-newcastle-jets/JibsMFq#id:16864363,Sofascore rendered AFC tournament round card
2026-09-27,2026,AFC Champions League Two,668,97465,Round 4,2026-11-05,16864101,scheduled,Machida Zelvia,Shanghai Shenhua,,,https://www.sofascore.com/football/match/machida-zelvia-shanghai-shenhua/yrbsjNr#id:16864101,Sofascore rendered AFC tournament round card
2026-09-27,2026,AFC Champions League Elite,463,99217,Round 5,2026-11-24,16864579,scheduled,Daejeon Hana Citizen,Beijing Guoan,,,https://www.sofascore.com/football/match/daejeon-hana-citizen-beijing-guoan/BrbsVcd#id:16864579,Sofascore rendered AFC tournament round card
2026-09-27,2026,AFC Champions League Elite,463,99217,Round 5,2026-11-24,16864581,scheduled,Shanghai Port,Buriram United,,,https://www.sofascore.com/football/match/shanghai-port-buriram-united/tJnsMFq#id:16864581,Sofascore rendered AFC tournament round card
2026-09-27,2026,AFC Champions League Two,668,97465,Round 5,2026-11-26,16864105,scheduled,Tampines Rovers,Shanghai Shenhua,,,https://www.sofascore.com/football/match/shanghai-shenhua-tampines-rovers/Tkbsyrb#id:16864105,Sofascore rendered AFC tournament round card
2026-09-27,2026,AFC Champions League Elite,463,99217,Round 6,2026-12-01,16864595,scheduled,Pohang Steelers,Shanghai Port,,,https://www.sofascore.com/football/match/shanghai-port-pohang-steelers/addsMFq#id:16864595,Sofascore rendered AFC tournament round card
2026-09-27,2026,AFC Champions League Elite,463,99217,Round 6,2026-12-01,16864596,scheduled,Beijing Guoan,Ratchaburi,,,https://www.sofascore.com/football/match/ratchaburi-beijing-guoan/BrbsToJ#id:16864596,Sofascore rendered AFC tournament round card
2026-09-27,2026,AFC Champions League Two,668,97465,Round 6,2026-12-03,16864107,scheduled,Shanghai Shenhua,Preah Khan Reach Svay Rieng FC,,,https://www.sofascore.com/football/match/preah-khan-reach-svay-rieng-fc-shanghai-shenhua/yrbszulb#id:16864107,Sofascore rendered AFC tournament round card
2026-09-27,2026,AFC Champions League Elite,463,99217,Round 7,2027-02-09,16867973,scheduled,Shanghai Port,Port FC,,,https://www.sofascore.com/football/match/shanghai-port-port-fc/lnqsMFq#id:16867973,Sofascore rendered AFC tournament round card
2026-09-27,2026,AFC Champions League Elite,463,99217,Round 7,2027-02-09,16867980,scheduled,Công An Hà Nội,Beijing Guoan,,,https://www.sofascore.com/football/match/cong-an-ha-noi-beijing-guoan/BrbsqxCb#id:16867980,Sofascore rendered AFC tournament round card
2026-09-27,2026,AFC Champions League Elite,463,99217,Round 8,2027-02-16,16867985,scheduled,Jeonbuk Hyundai Motors,Shanghai Port,,,https://www.sofascore.com/football/match/shanghai-port-jeonbuk-hyundai-motors/iNcsMFq#id:16867985,Sofascore rendered AFC tournament round card
2026-09-27,2026,AFC Champions League Elite,463,99217,Round 8,2027-02-16,16867989,scheduled,Beijing Guoan,Newcastle Jets,,,https://www.sofascore.com/football/match/beijing-guoan-newcastle-jets/JibsBrb#id:16867989,Sofascore rendered AFC tournament round card
