match_id,competition,match_date,round,status,general_rows,category_counts,raw_file
15551883,Chinese Super League,2026-03-06,1,accepted,32,"{""General"": {""rows"": 32, ""ratings"": 31}, ""Attacking"": {""rows"": 32, ""ratings"": 31}, ""Defending"": {""rows"": 32, ""ratings"": 31}, ""Passing"": {""rows"": 32, ""ratings"": 31}, ""Duels"": {""rows"": 32, ""ratings"": 31}, ""Goalkeeping"": {""rows"": 2, ""ratings"": 2}}",csl_2026_capture\scrapling_raw\15551883_95d7211d6ece.json
15549789,Chinese Super League,2026-03-07,1,accepted,31,"{""General"": {""rows"": 31, ""ratings"": 30}, ""Attacking"": {""rows"": 31, ""ratings"": 30}, ""Defending"": {""rows"": 31, ""ratings"": 30}, ""Passing"": {""rows"": 31, ""ratings"": 30}, ""Duels"": {""rows"": 31, ""ratings"": 30}, ""Goalkeeping"": {""rows"": 2, ""ratings"": 2}}",csl_2026_capture\scrapling_raw\15549789_823e7a49b8d9.json
15551884,Chinese Super League,2026-03-07,1,accepted,31,"{""General"": {""rows"": 31, ""ratings"": 29}, ""Attacking"": {""rows"": 31, ""ratings"": 29}, ""Defending"": {""rows"": 31, ""ratings"": 29}, ""Passing"": {""rows"": 31, ""ratings"": 29}, ""Duels"": {""rows"": 31, ""ratings"": 29}, ""Goalkeeping"": {""rows"": 2, ""ratings"": 2}}",csl_2026_capture\scrapling_raw\15551884_6ca1fc7221d5.json
15551885,Chinese Super League,2026-03-07,1,accepted,31,"{""General"": {""rows"": 31, ""ratings"": 31}, ""Attacking"": {""rows"": 31, ""ratings"": 31}, ""Defending"": {""rows"": 31, ""ratings"": 31}, ""Passing"": {""rows"": 31, ""ratings"": 31}, ""Duels"": {""rows"": 31, ""ratings"": 31}, ""Goalkeeping"": {""rows"": 2, ""ratings"": 2}}",csl_2026_capture\scrapling_raw\15551885_c48e5fac19ef.json
15551886,Chinese Super League,2026-03-07,1,accepted,32,"{""General"": {""rows"": 32, ""ratings"": 30}, ""Attacking"": {""rows"": 32, ""ratings"": 30}, ""Defending"": {""rows"": 32, ""ratings"": 30}, ""Passing"": {""rows"": 32, ""ratings"": 30}, ""Duels"": {""rows"": 32, ""ratings"": 30}, ""Goalkeeping"": {""rows"": 2, ""ratings"": 2}}",csl_2026_capture\scrapling_raw\15551886_80d151f41bbe.json
15551887,Chinese Super League,2026-03-07,1,accepted,30,"{""General"": {""rows"": 30, ""ratings"": 30}, ""Attacking"": {""rows"": 30, ""ratings"": 30}, ""Defending"": {""rows"": 30, ""ratings"": 30}, ""Passing"": {""rows"": 30, ""ratings"": 30}, ""Duels"": {""rows"": 30, ""ratings"": 30}, ""Goalkeeping"": {""rows"": 2, ""ratings"": 2}}",csl_2026_capture\scrapling_raw\15551887_58c9b49d02f0.json
15551888,Chinese Super League,2026-03-08,1,accepted,31,"{""General"": {""rows"": 31, ""ratings"": 30}, ""Attacking"": {""rows"": 31, ""ratings"": 30}, ""Defending"": {""rows"": 31, ""ratings"": 30}, ""Passing"": {""rows"": 31, ""ratings"": 30}, ""Duels"": {""rows"": 31, ""ratings"": 30}, ""Goalkeeping"": {""rows"": 2, ""ratings"": 2}}",csl_2026_capture\scrapling_raw\15551888_9ae88b67f1af.json
15551889,Chinese Super League,2026-03-08,1,accepted,32,"{""General"": {""rows"": 32, ""ratings"": 32}, ""Attacking"": {""rows"": 32, ""ratings"": 32}, ""Defending"": {""rows"": 32, ""ratings"": 32}, ""Passing"": {""rows"": 32, ""ratings"": 32}, ""Duels"": {""rows"": 32, ""ratings"": 32}, ""Goalkeeping"": {""rows"": 2, ""ratings"": 2}}",csl_2026_capture\scrapling_raw\15551889_5df772ed2803.json
15551890,Chinese Super League,2026-03-13,2,accepted,31,"{""General"": {""rows"": 31, ""ratings"": 31}, ""Attacking"": {""rows"": 31, ""ratings"": 31}, ""Defending"": {""rows"": 31, ""ratings"": 31}, ""Passing"": {""rows"": 31, ""ratings"": 31}, ""Duels"": {""rows"": 31, ""ratings"": 31}, ""Goalkeeping"": {""rows"": 2, ""ratings"": 2}}",csl_2026_capture\scrapling_raw\15551890_3146d56ec74a.json
15551891,Chinese Super League,2026-03-14,2,accepted,28,"{""General"": {""rows"": 28, ""ratings"": 27}, ""Attacking"": {""rows"": 28, ""ratings"": 27}, ""Defending"": {""rows"": 28, ""ratings"": 27}, ""Passing"": {""rows"": 28, ""ratings"": 27}, ""Duels"": {""rows"": 28, ""ratings"": 27}, ""Goalkeeping"": {""rows"": 2, ""ratings"": 2}}",csl_2026_capture\scrapling_raw\15551891_e144460102b0.json
15551892,Chinese Super League,2026-03-14,2,accepted,29,"{""General"": {""rows"": 29, ""ratings"": 28}, ""Attacking"": {""rows"": 29, ""ratings"": 28}, ""Defending"": {""rows"": 29, ""ratings"": 28}, ""Passing"": {""rows"": 29, ""ratings"": 28}, ""Duels"": {""rows"": 29, ""ratings"": 28}, ""Goalkeeping"": {""rows"": 2, ""ratings"": 2}}",csl_2026_capture\scrapling_raw\15551892_c100acaabb75.json
15551893,Chinese Super League,2026-03-14,2,accepted,31,"{""General"": {""rows"": 31, ""ratings"": 31}, ""Attacking"": {""rows"": 31, ""ratings"": 31}, ""Defending"": {""rows"": 31, ""ratings"": 31}, ""Passing"": {""rows"": 31, ""ratings"": 31}, ""Duels"": {""rows"": 31, ""ratings"": 31}, ""Goalkeeping"": {""rows"": 2, ""ratings"": 2}}",csl_2026_capture\scrapling_raw\15551893_267e2e3c8d56.json
15551894,Chinese Super League,2026-03-14,2,accepted,31,"{""General"": {""rows"": 31, ""ratings"": 29}, ""Attacking"": {""rows"": 31, ""ratings"": 29}, ""Defending"": {""rows"": 31, ""ratings"": 29}, ""Passing"": {""rows"": 31, ""ratings"": 29}, ""Duels"": {""rows"": 31, ""ratings"": 29}, ""Goalkeeping"": {""rows"": 3, ""ratings"": 3}}",csl_2026_capture\scrapling_raw\15551894_eb3cd66c4e9f.json
15551895,Chinese Super League,2026-03-15,2,accepted,31,"{""General"": {""rows"": 31, ""ratings"": 29}, ""Attacking"": {""rows"": 31, ""ratings"": 29}, ""Defending"": {""rows"": 31, ""ratings"": 29}, ""Passing"": {""rows"": 31, ""ratings"": 29}, ""Duels"": {""rows"": 31, ""ratings"": 29}, ""Goalkeeping"": {""rows"": 2, ""ratings"": 2}}",csl_2026_capture\scrapling_raw\15551895_46b94496baea.json
15551896,Chinese Super League,2026-03-15,2,accepted,32,"{""General"": {""rows"": 32, ""ratings"": 32}, ""Attacking"": {""rows"": 32, ""ratings"": 32}, ""Defending"": {""rows"": 32, ""ratings"": 32}, ""Passing"": {""rows"": 32, ""ratings"": 32}, ""Duels"": {""rows"": 32, ""ratings"": 32}, ""Goalkeeping"": {""rows"": 2, ""ratings"": 2}}",csl_2026_capture\scrapling_raw\15551896_f7614463225f.json
15551897,Chinese Super League,2026-03-15,2,accepted,29,"{""General"": {""rows"": 29, ""ratings"": 29}, ""Attacking"": {""rows"": 29, ""ratings"": 29}, ""Defending"": {""rows"": 29, ""ratings"": 29}, ""Passing"": {""rows"": 29, ""ratings"": 29}, ""Duels"": {""rows"": 29, ""ratings"": 29}, ""Goalkeeping"": {""rows"": 2, ""ratings"": 2}}",csl_2026_capture\scrapling_raw\15551897_cde729d69d28.json
15551898,Chinese Super League,2026-03-20,3,accepted,29,"{""General"": {""rows"": 29, ""ratings"": 29}, ""Attacking"": {""rows"": 29, ""ratings"": 29}, ""Defending"": {""rows"": 29, ""ratings"": 29}, ""Passing"": {""rows"": 29, ""ratings"": 29}, ""Duels"": {""rows"": 29, ""ratings"": 29}, ""Goalkeeping"": {""rows"": 2, ""ratings"": 2}}",csl_2026_capture\scrapling_raw\15551898_65109093e266.json
15551899,Chinese Super League,2026-03-20,3,accepted,29,"{""General"": {""rows"": 29, ""ratings"": 28}, ""Attacking"": {""rows"": 29, ""ratings"": 28}, ""Defending"": {""rows"": 29, ""ratings"": 28}, ""Passing"": {""rows"": 29, ""ratings"": 28}, ""Duels"": {""rows"": 29, ""ratings"": 28}, ""Goalkeeping"": {""rows"": 2, ""ratings"": 2}}",csl_2026_capture\scrapling_raw\15551899_7d16d41bfa4a.json
15549792,Chinese Super League,2026-03-21,3,accepted,30,"{""General"": {""rows"": 30, ""ratings"": 29}, ""Attacking"": {""rows"": 30, ""ratings"": 29}, ""Defending"": {""rows"": 30, ""ratings"": 29}, ""Passing"": {""rows"": 30, ""ratings"": 29}, ""Duels"": {""rows"": 30, ""ratings"": 29}, ""Goalkeeping"": {""rows"": 2, ""ratings"": 2}}",csl_2026_capture\scrapling_raw\15549792_5bd6674f825e.json
15551900,Chinese Super League,2026-03-21,3,accepted,28,"{""General"": {""rows"": 28, ""ratings"": 28}, ""Attacking"": {""rows"": 28, ""ratings"": 28}, ""Defending"": {""rows"": 28, ""ratings"": 28}, ""Passing"": {""rows"": 28, ""ratings"": 28}, ""Duels"": {""rows"": 28, ""ratings"": 28}, ""Goalkeeping"": {""rows"": 2, ""ratings"": 2}}",csl_2026_capture\scrapling_raw\15551900_6aad6a086a16.json
15551901,Chinese Super League,2026-03-21,3,accepted,32,"{""General"": {""rows"": 32, ""ratings"": 29}, ""Attacking"": {""rows"": 32, ""ratings"": 29}, ""Defending"": {""rows"": 32, ""ratings"": 29}, ""Passing"": {""rows"": 32, ""ratings"": 29}, ""Duels"": {""rows"": 32, ""ratings"": 29}, ""Goalkeeping"": {""rows"": 2, ""ratings"": 2}}",csl_2026_capture\scrapling_raw\15551901_a35fd12e06ef.json
15551902,Chinese Super League,2026-03-21,3,accepted,31,"{""General"": {""rows"": 31, ""ratings"": 31}, ""Attacking"": {""rows"": 31, ""ratings"": 31}, ""Defending"": {""rows"": 31, ""ratings"": 31}, ""Passing"": {""rows"": 31, ""ratings"": 31}, ""Duels"": {""rows"": 31, ""ratings"": 31}, ""Goalkeeping"": {""rows"": 2, ""ratings"": 2}}",csl_2026_capture\scrapling_raw\15551902_890b0ae9e87b.json
15551903,Chinese Super League,2026-03-21,3,accepted,30,"{""General"": {""rows"": 30, ""ratings"": 28}, ""Attacking"": {""rows"": 30, ""ratings"": 28}, ""Defending"": {""rows"": 30, ""ratings"": 28}, ""Passing"": {""rows"": 30, ""ratings"": 28}, ""Duels"": {""rows"": 30, ""ratings"": 28}, ""Goalkeeping"": {""rows"": 2, ""ratings"": 2}}",csl_2026_capture\scrapling_raw\15551903_3ccf91962792.json
15551904,Chinese Super League,2026-03-21,3,accepted,31,"{""General"": {""rows"": 31, ""ratings"": 30}, ""Attacking"": {""rows"": 31, ""ratings"": 30}, ""Defending"": {""rows"": 31, ""ratings"": 30}, ""Passing"": {""rows"": 31, ""ratings"": 30}, ""Duels"": {""rows"": 31, ""ratings"": 30}, ""Goalkeeping"": {""rows"": 2, ""ratings"": 2}}",csl_2026_capture\scrapling_raw\15551904_a46231f3b9a4.json
15551905,Chinese Super League,2026-04-03,4,accepted,31,"{""General"": {""rows"": 31, ""ratings"": 31}, ""Attacking"": {""rows"": 31, ""ratings"": 31}, ""Defending"": {""rows"": 31, ""ratings"": 31}, ""Passing"": {""rows"": 31, ""ratings"": 31}, ""Duels"": {""rows"": 31, ""ratings"": 31}, ""Goalkeeping"": {""rows"": 2, ""ratings"": 2}}",csl_2026_capture\scrapling_raw\15551905_dd6517ac491e.json
15551906,Chinese Super League,2026-04-04,4,accepted,32,"{""General"": {""rows"": 32, ""ratings"": 31}, ""Attacking"": {""rows"": 32, ""ratings"": 31}, ""Defending"": {""rows"": 32, ""ratings"": 31}, ""Passing"": {""rows"": 32, ""ratings"": 31}, ""Duels"": {""rows"": 32, ""ratings"": 31}, ""Goalkeeping"": {""rows"": 2, ""ratings"": 2}}",csl_2026_capture\scrapling_raw\15551906_fda41eee77d2.json
15552476,Chinese Super League,2026-04-04,4,accepted,29,"{""General"": {""rows"": 29, ""ratings"": 28}, ""Attacking"": {""rows"": 29, ""ratings"": 28}, ""Defending"": {""rows"": 29, ""ratings"": 28}, ""Passing"": {""rows"": 29, ""ratings"": 28}, ""Duels"": {""rows"": 29, ""ratings"": 28}, ""Goalkeeping"": {""rows"": 2, ""ratings"": 2}}",csl_2026_capture\scrapling_raw\15552476_97683eb020da.json
15552477,Chinese Super League,2026-04-04,4,accepted,32,"{""General"": {""rows"": 32, ""ratings"": 32}, ""Attacking"": {""rows"": 32, ""ratings"": 32}, ""Defending"": {""rows"": 32, ""ratings"": 32}, ""Passing"": {""rows"": 32, ""ratings"": 32}, ""Duels"": {""rows"": 32, ""ratings"": 32}, ""Goalkeeping"": {""rows"": 2, ""ratings"": 2}}",csl_2026_capture\scrapling_raw\15552477_007285a8eb29.json
15552479,Chinese Super League,2026-04-04,4,accepted,31,"{""General"": {""rows"": 31, ""ratings"": 31}, ""Attacking"": {""rows"": 31, ""ratings"": 31}, ""Defending"": {""rows"": 31, ""ratings"": 31}, ""Passing"": {""rows"": 31, ""ratings"": 31}, ""Duels"": {""rows"": 31, ""ratings"": 31}, ""Goalkeeping"": {""rows"": 2, ""ratings"": 2}}",csl_2026_capture\scrapling_raw\15552479_d4b9e6580692.json
15552480,Chinese Super League,2026-04-05,4,accepted,31,"{""General"": {""rows"": 31, ""ratings"": 29}, ""Attacking"": {""rows"": 31, ""ratings"": 29}, ""Defending"": {""rows"": 31, ""ratings"": 29}, ""Passing"": {""rows"": 31, ""ratings"": 29}, ""Duels"": {""rows"": 31, ""ratings"": 29}, ""Goalkeeping"": {""rows"": 2, ""ratings"": 2}}",csl_2026_capture\scrapling_raw\15552480_992434d61e5d.json
15552481,Chinese Super League,2026-04-05,4,accepted,31,"{""General"": {""rows"": 31, ""ratings"": 31}, ""Attacking"": {""rows"": 31, ""ratings"": 31}, ""Defending"": {""rows"": 31, ""ratings"": 31}, ""Passing"": {""rows"": 31, ""ratings"": 31}, ""Duels"": {""rows"": 31, ""ratings"": 31}, ""Goalkeeping"": {""rows"": 2, ""ratings"": 2}}",csl_2026_capture\scrapling_raw\15552481_bf7e90d278d3.json
15552482,Chinese Super League,2026-04-05,4,accepted,32,"{""General"": {""rows"": 32, ""ratings"": 32}, ""Attacking"": {""rows"": 32, ""ratings"": 32}, ""Defending"": {""rows"": 32, ""ratings"": 32}, ""Passing"": {""rows"": 32, ""ratings"": 32}, ""Duels"": {""rows"": 32, ""ratings"": 32}, ""Goalkeeping"": {""rows"": 2, ""ratings"": 2}}",csl_2026_capture\scrapling_raw\15552482_6ff8633ee8e1.json
15552483,Chinese Super League,2026-04-10,5,accepted,30,"{""General"": {""rows"": 30, ""ratings"": 30}, ""Attacking"": {""rows"": 30, ""ratings"": 30}, ""Defending"": {""rows"": 30, ""ratings"": 30}, ""Passing"": {""rows"": 30, ""ratings"": 30}, ""Duels"": {""rows"": 30, ""ratings"": 30}, ""Goalkeeping"": {""rows"": 2, ""ratings"": 2}}",csl_2026_capture\scrapling_raw\15552483_2d992266c59d.json
15552484,Chinese Super League,2026-04-11,5,accepted,30,"{""General"": {""rows"": 30, ""ratings"": 30}, ""Attacking"": {""rows"": 30, ""ratings"": 30}, ""Defending"": {""rows"": 30, ""ratings"": 30}, ""Passing"": {""rows"": 30, ""ratings"": 30}, ""Duels"": {""rows"": 30, ""ratings"": 30}, ""Goalkeeping"": {""rows"": 2, ""ratings"": 2}}",csl_2026_capture\scrapling_raw\15552484_f8af445b0d58.json
15552485,Chinese Super League,2026-04-11,5,accepted,31,"{""General"": {""rows"": 31, ""ratings"": 30}, ""Attacking"": {""rows"": 31, ""ratings"": 30}, ""Defending"": {""rows"": 31, ""ratings"": 30}, ""Passing"": {""rows"": 31, ""ratings"": 30}, ""Duels"": {""rows"": 31, ""ratings"": 30}, ""Goalkeeping"": {""rows"": 2, ""ratings"": 2}}",csl_2026_capture\scrapling_raw\15552485_49b046032496.json
15552486,Chinese Super League,2026-04-11,5,accepted,31,"{""General"": {""rows"": 31, ""ratings"": 29}, ""Attacking"": {""rows"": 31, ""ratings"": 29}, ""Defending"": {""rows"": 31, ""ratings"": 29}, ""Passing"": {""rows"": 31, ""ratings"": 29}, ""Duels"": {""rows"": 31, ""ratings"": 29}, ""Goalkeeping"": {""rows"": 2, ""ratings"": 2}}",csl_2026_capture\scrapling_raw\15552486_572913101da6.json
15552487,Chinese Super League,2026-04-11,5,accepted,31,"{""General"": {""rows"": 31, ""ratings"": 31}, ""Attacking"": {""rows"": 31, ""ratings"": 31}, ""Defending"": {""rows"": 31, ""ratings"": 31}, ""Passing"": {""rows"": 31, ""ratings"": 31}, ""Duels"": {""rows"": 31, ""ratings"": 31}, ""Goalkeeping"": {""rows"": 2, ""ratings"": 2}}",csl_2026_capture\scrapling_raw\15552487_10c07604c351.json
15552488,Chinese Super League,2026-04-12,5,accepted,30,"{""General"": {""rows"": 30, ""ratings"": 29}, ""Attacking"": {""rows"": 30, ""ratings"": 29}, ""Defending"": {""rows"": 30, ""ratings"": 29}, ""Passing"": {""rows"": 30, ""ratings"": 29}, ""Duels"": {""rows"": 30, ""ratings"": 29}, ""Goalkeeping"": {""rows"": 2, ""ratings"": 2}}",csl_2026_capture\scrapling_raw\15552488_f134246b8b08.json
15552489,Chinese Super League,2026-04-12,5,accepted,31,"{""General"": {""rows"": 31, ""ratings"": 30}, ""Attacking"": {""rows"": 31, ""ratings"": 30}, ""Defending"": {""rows"": 31, ""ratings"": 30}, ""Passing"": {""rows"": 31, ""ratings"": 30}, ""Duels"": {""rows"": 31, ""ratings"": 30}, ""Goalkeeping"": {""rows"": 2, ""ratings"": 2}}",csl_2026_capture\scrapling_raw\15552489_68788cf0ac8b.json
15552490,Chinese Super League,2026-04-12,5,accepted,31,"{""General"": {""rows"": 31, ""ratings"": 31}, ""Attacking"": {""rows"": 31, ""ratings"": 31}, ""Defending"": {""rows"": 31, ""ratings"": 31}, ""Passing"": {""rows"": 31, ""ratings"": 31}, ""Duels"": {""rows"": 31, ""ratings"": 31}, ""Goalkeeping"": {""rows"": 2, ""ratings"": 2}}",csl_2026_capture\scrapling_raw\15552490_526592f44314.json
15552491,Chinese Super League,2026-04-17,6,accepted,32,"{""General"": {""rows"": 32, ""ratings"": 30}, ""Attacking"": {""rows"": 32, ""ratings"": 30}, ""Defending"": {""rows"": 32, ""ratings"": 30}, ""Passing"": {""rows"": 32, ""ratings"": 30}, ""Duels"": {""rows"": 32, ""ratings"": 30}, ""Goalkeeping"": {""rows"": 2, ""ratings"": 2}}",csl_2026_capture\scrapling_raw\15552491_274dd738a7d8.json
15552492,Chinese Super League,2026-04-17,6,accepted,30,"{""General"": {""rows"": 30, ""ratings"": 30}, ""Attacking"": {""rows"": 30, ""ratings"": 30}, ""Defending"": {""rows"": 30, ""ratings"": 30}, ""Passing"": {""rows"": 30, ""ratings"": 30}, ""Duels"": {""rows"": 30, ""ratings"": 30}, ""Goalkeeping"": {""rows"": 2, ""ratings"": 2}}",csl_2026_capture\scrapling_raw\15552492_573b3ab9aaa5.json
15552493,Chinese Super League,2026-04-17,6,accepted,32,"{""General"": {""rows"": 32, ""ratings"": 31}, ""Attacking"": {""rows"": 32, ""ratings"": 31}, ""Defending"": {""rows"": 32, ""ratings"": 31}, ""Passing"": {""rows"": 32, ""ratings"": 31}, ""Duels"": {""rows"": 32, ""ratings"": 31}, ""Goalkeeping"": {""rows"": 2, ""ratings"": 2}}",csl_2026_capture\scrapling_raw\15552493_f06cd6c148d1.json
15552494,Chinese Super League,2026-04-17,6,accepted,32,"{""General"": {""rows"": 32, ""ratings"": 27}, ""Attacking"": {""rows"": 32, ""ratings"": 27}, ""Defending"": {""rows"": 32, ""ratings"": 27}, ""Passing"": {""rows"": 32, ""ratings"": 27}, ""Duels"": {""rows"": 32, ""ratings"": 27}, ""Goalkeeping"": {""rows"": 2, ""ratings"": 2}}",csl_2026_capture\scrapling_raw\15552494_1d3f7af65376.json
15552495,Chinese Super League,2026-04-17,6,accepted,30,"{""General"": {""rows"": 30, ""ratings"": 30}, ""Attacking"": {""rows"": 30, ""ratings"": 30}, ""Defending"": {""rows"": 30, ""ratings"": 30}, ""Passing"": {""rows"": 30, ""ratings"": 30}, ""Duels"": {""rows"": 30, ""ratings"": 30}, ""Goalkeeping"": {""rows"": 2, ""ratings"": 2}}",csl_2026_capture\scrapling_raw\15552495_02d09a44a741.json
15552497,Chinese Super League,2026-04-17,6,accepted,31,"{""General"": {""rows"": 31, ""ratings"": 31}, ""Attacking"": {""rows"": 31, ""ratings"": 31}, ""Defending"": {""rows"": 31, ""ratings"": 31}, ""Passing"": {""rows"": 31, ""ratings"": 31}, ""Duels"": {""rows"": 31, ""ratings"": 31}, ""Goalkeeping"": {""rows"": 2, ""ratings"": 2}}",csl_2026_capture\scrapling_raw\15552497_be774e65e8e5.json
15552496,Chinese Super League,2026-04-18,6,accepted,31,"{""General"": {""rows"": 31, ""ratings"": 30}, ""Attacking"": {""rows"": 31, ""ratings"": 30}, ""Defending"": {""rows"": 31, ""ratings"": 30}, ""Passing"": {""rows"": 31, ""ratings"": 30}, ""Duels"": {""rows"": 31, ""ratings"": 30}, ""Goalkeeping"": {""rows"": 2, ""ratings"": 2}}",csl_2026_capture\scrapling_raw\15552496_ffe95f333436.json
15552500,Chinese Super League,2026-04-18,6,accepted,32,"{""General"": {""rows"": 32, ""ratings"": 32}, ""Attacking"": {""rows"": 32, ""ratings"": 32}, ""Defending"": {""rows"": 32, ""ratings"": 32}, ""Passing"": {""rows"": 32, ""ratings"": 32}, ""Duels"": {""rows"": 32, ""ratings"": 32}, ""Goalkeeping"": {""rows"": 2, ""ratings"": 2}}",csl_2026_capture\scrapling_raw\15552500_85f9546ecff6.json
15552498,Chinese Super League,2026-04-21,7,accepted,29,"{""General"": {""rows"": 29, ""ratings"": 28}, ""Attacking"": {""rows"": 29, ""ratings"": 28}, ""Defending"": {""rows"": 29, ""ratings"": 28}, ""Passing"": {""rows"": 29, ""ratings"": 28}, ""Duels"": {""rows"": 29, ""ratings"": 28}, ""Goalkeeping"": {""rows"": 2, ""ratings"": 2}}",csl_2026_capture\scrapling_raw\15552498_cf8dcc8dfc65.json
15552499,Chinese Super League,2026-04-21,7,accepted,32,"{""General"": {""rows"": 32, ""ratings"": 31}, ""Attacking"": {""rows"": 32, ""ratings"": 31}, ""Defending"": {""rows"": 32, ""ratings"": 31}, ""Passing"": {""rows"": 32, ""ratings"": 31}, ""Duels"": {""rows"": 32, ""ratings"": 31}, ""Goalkeeping"": {""rows"": 2, ""ratings"": 2}}",csl_2026_capture\scrapling_raw\15552499_6a66d787b230.json
15552501,Chinese Super League,2026-04-21,7,accepted,31,"{""General"": {""rows"": 31, ""ratings"": 31}, ""Attacking"": {""rows"": 31, ""ratings"": 31}, ""Defending"": {""rows"": 31, ""ratings"": 31}, ""Passing"": {""rows"": 31, ""ratings"": 31}, ""Duels"": {""rows"": 31, ""ratings"": 31}, ""Goalkeeping"": {""rows"": 2, ""ratings"": 2}}",csl_2026_capture\scrapling_raw\15552501_efacc09b396a.json
15552502,Chinese Super League,2026-04-21,7,accepted,32,"{""General"": {""rows"": 32, ""ratings"": 32}, ""Attacking"": {""rows"": 32, ""ratings"": 32}, ""Defending"": {""rows"": 32, ""ratings"": 32}, ""Passing"": {""rows"": 32, ""ratings"": 32}, ""Duels"": {""rows"": 32, ""ratings"": 32}, ""Goalkeeping"": {""rows"": 2, ""ratings"": 2}}",csl_2026_capture\scrapling_raw\15552502_86b64d6fe3ce.json
15552503,Chinese Super League,2026-04-21,7,accepted,30,"{""General"": {""rows"": 30, ""ratings"": 30}, ""Attacking"": {""rows"": 30, ""ratings"": 30}, ""Defending"": {""rows"": 30, ""ratings"": 30}, ""Passing"": {""rows"": 30, ""ratings"": 30}, ""Duels"": {""rows"": 30, ""ratings"": 30}, ""Goalkeeping"": {""rows"": 2, ""ratings"": 2}}",csl_2026_capture\scrapling_raw\15552503_00d9d7f48f4b.json
15552505,Chinese Super League,2026-04-22,7,accepted,31,"{""General"": {""rows"": 31, ""ratings"": 29}, ""Attacking"": {""rows"": 31, ""ratings"": 29}, ""Defending"": {""rows"": 31, ""ratings"": 29}, ""Passing"": {""rows"": 31, ""ratings"": 29}, ""Duels"": {""rows"": 31, ""ratings"": 29}, ""Goalkeeping"": {""rows"": 2, ""ratings"": 2}}",csl_2026_capture\scrapling_raw\15552505_d32d36bf50a1.json
15552506,Chinese Super League,2026-04-22,7,accepted,29,"{""General"": {""rows"": 29, ""ratings"": 27}, ""Attacking"": {""rows"": 29, ""ratings"": 27}, ""Defending"": {""rows"": 29, ""ratings"": 27}, ""Passing"": {""rows"": 29, ""ratings"": 27}, ""Duels"": {""rows"": 29, ""ratings"": 27}, ""Goalkeeping"": {""rows"": 2, ""ratings"": 2}}",csl_2026_capture\scrapling_raw\15552506_a8f503ea1cc3.json
15552508,Chinese Super League,2026-04-22,7,accepted,31,"{""General"": {""rows"": 31, ""ratings"": 31}, ""Attacking"": {""rows"": 31, ""ratings"": 31}, ""Defending"": {""rows"": 31, ""ratings"": 31}, ""Passing"": {""rows"": 31, ""ratings"": 31}, ""Duels"": {""rows"": 31, ""ratings"": 31}, ""Goalkeeping"": {""rows"": 2, ""ratings"": 2}}",csl_2026_capture\scrapling_raw\15552508_5336b1a98169.json
15552504,Chinese Super League,2026-04-25,8,accepted,32,"{""General"": {""rows"": 32, ""ratings"": 32}, ""Attacking"": {""rows"": 32, ""ratings"": 32}, ""Defending"": {""rows"": 32, ""ratings"": 32}, ""Passing"": {""rows"": 32, ""ratings"": 32}, ""Duels"": {""rows"": 32, ""ratings"": 32}, ""Goalkeeping"": {""rows"": 2, ""ratings"": 2}}",csl_2026_capture\scrapling_raw\15552504_91440858de73.json
15552507,Chinese Super League,2026-04-25,8,accepted,30,"{""General"": {""rows"": 30, ""ratings"": 30}, ""Attacking"": {""rows"": 30, ""ratings"": 30}, ""Defending"": {""rows"": 30, ""ratings"": 30}, ""Passing"": {""rows"": 30, ""ratings"": 30}, ""Duels"": {""rows"": 30, ""ratings"": 30}, ""Goalkeeping"": {""rows"": 2, ""ratings"": 2}}",csl_2026_capture\scrapling_raw\15552507_d46b6d4394b7.json
15552511,Chinese Super League,2026-04-25,8,accepted,32,"{""General"": {""rows"": 32, ""ratings"": 32}, ""Attacking"": {""rows"": 32, ""ratings"": 32}, ""Defending"": {""rows"": 32, ""ratings"": 32}, ""Passing"": {""rows"": 32, ""ratings"": 32}, ""Duels"": {""rows"": 32, ""ratings"": 32}, ""Goalkeeping"": {""rows"": 2, ""ratings"": 2}}",csl_2026_capture\scrapling_raw\15552511_32a0a14b0c4f.json
15552509,Chinese Super League,2026-04-26,8,accepted,30,"{""General"": {""rows"": 30, ""ratings"": 29}, ""Attacking"": {""rows"": 30, ""ratings"": 29}, ""Defending"": {""rows"": 30, ""ratings"": 29}, ""Passing"": {""rows"": 30, ""ratings"": 29}, ""Duels"": {""rows"": 30, ""ratings"": 29}, ""Goalkeeping"": {""rows"": 2, ""ratings"": 2}}",csl_2026_capture\scrapling_raw\15552509_739312fea6a5.json
15552510,Chinese Super League,2026-04-26,8,accepted,30,"{""General"": {""rows"": 30, ""ratings"": 28}, ""Attacking"": {""rows"": 30, ""ratings"": 28}, ""Defending"": {""rows"": 30, ""ratings"": 28}, ""Passing"": {""rows"": 30, ""ratings"": 28}, ""Duels"": {""rows"": 30, ""ratings"": 28}, ""Goalkeeping"": {""rows"": 2, ""ratings"": 2}}",csl_2026_capture\scrapling_raw\15552510_302ac73b8962.json
15552512,Chinese Super League,2026-04-26,8,accepted,32,"{""General"": {""rows"": 32, ""ratings"": 30}, ""Attacking"": {""rows"": 32, ""ratings"": 30}, ""Defending"": {""rows"": 32, ""ratings"": 30}, ""Passing"": {""rows"": 32, ""ratings"": 30}, ""Duels"": {""rows"": 32, ""ratings"": 30}, ""Goalkeeping"": {""rows"": 2, ""ratings"": 2}}",csl_2026_capture\scrapling_raw\15552512_f6fff1108dc6.json
15552513,Chinese Super League,2026-04-26,8,accepted,32,"{""General"": {""rows"": 32, ""ratings"": 31}, ""Attacking"": {""rows"": 32, ""ratings"": 31}, ""Defending"": {""rows"": 32, ""ratings"": 31}, ""Passing"": {""rows"": 32, ""ratings"": 31}, ""Duels"": {""rows"": 32, ""ratings"": 31}, ""Goalkeeping"": {""rows"": 2, ""ratings"": 2}}",csl_2026_capture\scrapling_raw\15552513_dce0068d5310.json
15552516,Chinese Super League,2026-04-26,8,accepted,32,"{""General"": {""rows"": 32, ""ratings"": 32}, ""Attacking"": {""rows"": 32, ""ratings"": 32}, ""Defending"": {""rows"": 32, ""ratings"": 32}, ""Passing"": {""rows"": 32, ""ratings"": 32}, ""Duels"": {""rows"": 32, ""ratings"": 32}, ""Goalkeeping"": {""rows"": 2, ""ratings"": 2}}",csl_2026_capture\scrapling_raw\15552516_102e110460be.json
15552514,Chinese Super League,2026-05-01,9,accepted,31,"{""General"": {""rows"": 31, ""ratings"": 31}, ""Attacking"": {""rows"": 31, ""ratings"": 31}, ""Defending"": {""rows"": 31, ""ratings"": 31}, ""Passing"": {""rows"": 31, ""ratings"": 31}, ""Duels"": {""rows"": 31, ""ratings"": 31}, ""Goalkeeping"": {""rows"": 2, ""ratings"": 2}}",csl_2026_capture\scrapling_raw\15552514_8ada473c4d4a.json
15552515,Chinese Super League,2026-05-01,9,accepted,32,"{""General"": {""rows"": 32, ""ratings"": 32}, ""Attacking"": {""rows"": 32, ""ratings"": 32}, ""Defending"": {""rows"": 32, ""ratings"": 32}, ""Passing"": {""rows"": 32, ""ratings"": 32}, ""Duels"": {""rows"": 32, ""ratings"": 32}, ""Goalkeeping"": {""rows"": 2, ""ratings"": 2}}",csl_2026_capture\scrapling_raw\15552515_9be76bd09e4a.json
15552517,Chinese Super League,2026-05-01,9,accepted,30,"{""General"": {""rows"": 30, ""ratings"": 30}, ""Attacking"": {""rows"": 30, ""ratings"": 30}, ""Defending"": {""rows"": 30, ""ratings"": 30}, ""Passing"": {""rows"": 30, ""ratings"": 30}, ""Duels"": {""rows"": 30, ""ratings"": 30}, ""Goalkeeping"": {""rows"": 2, ""ratings"": 2}}",csl_2026_capture\scrapling_raw\15552517_5139cb0c70bd.json
15552518,Chinese Super League,2026-05-01,9,accepted,31,"{""General"": {""rows"": 31, ""ratings"": 29}, ""Attacking"": {""rows"": 31, ""ratings"": 29}, ""Defending"": {""rows"": 31, ""ratings"": 29}, ""Passing"": {""rows"": 31, ""ratings"": 29}, ""Duels"": {""rows"": 31, ""ratings"": 29}, ""Goalkeeping"": {""rows"": 2, ""ratings"": 2}}",csl_2026_capture\scrapling_raw\15552518_28d3aa7294c2.json
15552520,Chinese Super League,2026-05-01,9,accepted,29,"{""General"": {""rows"": 29, ""ratings"": 29}, ""Attacking"": {""rows"": 29, ""ratings"": 29}, ""Defending"": {""rows"": 29, ""ratings"": 29}, ""Passing"": {""rows"": 29, ""ratings"": 29}, ""Duels"": {""rows"": 29, ""ratings"": 29}, ""Goalkeeping"": {""rows"": 2, ""ratings"": 2}}",csl_2026_capture\scrapling_raw\15552520_ab4c00e4e3ef.json
15552527,Chinese Super League,2026-05-02,9,accepted,31,"{""General"": {""rows"": 31, ""ratings"": 31}, ""Attacking"": {""rows"": 31, ""ratings"": 31}, ""Defending"": {""rows"": 31, ""ratings"": 31}, ""Passing"": {""rows"": 31, ""ratings"": 31}, ""Duels"": {""rows"": 31, ""ratings"": 31}, ""Goalkeeping"": {""rows"": 2, ""ratings"": 2}}",csl_2026_capture\scrapling_raw\15552527_14f187c0a451.json
15552528,Chinese Super League,2026-05-02,9,accepted,29,"{""General"": {""rows"": 29, ""ratings"": 29}, ""Attacking"": {""rows"": 29, ""ratings"": 29}, ""Defending"": {""rows"": 29, ""ratings"": 29}, ""Passing"": {""rows"": 29, ""ratings"": 29}, ""Duels"": {""rows"": 29, ""ratings"": 29}, ""Goalkeeping"": {""rows"": 2, ""ratings"": 2}}",csl_2026_capture\scrapling_raw\15552528_30227faae25e.json
15552529,Chinese Super League,2026-05-02,9,accepted,30,"{""General"": {""rows"": 30, ""ratings"": 30}, ""Attacking"": {""rows"": 30, ""ratings"": 30}, ""Defending"": {""rows"": 30, ""ratings"": 30}, ""Passing"": {""rows"": 30, ""ratings"": 30}, ""Duels"": {""rows"": 30, ""ratings"": 30}, ""Goalkeeping"": {""rows"": 2, ""ratings"": 2}}",csl_2026_capture\scrapling_raw\15552529_ce342cce04e6.json
15552530,Chinese Super League,2026-05-05,10,accepted,28,"{""General"": {""rows"": 28, ""ratings"": 27}, ""Attacking"": {""rows"": 28, ""ratings"": 27}, ""Defending"": {""rows"": 28, ""ratings"": 27}, ""Passing"": {""rows"": 28, ""ratings"": 27}, ""Duels"": {""rows"": 28, ""ratings"": 27}, ""Goalkeeping"": {""rows"": 2, ""ratings"": 2}}",csl_2026_capture\scrapling_raw\15552530_aed24bb68972.json
15552531,Chinese Super League,2026-05-05,10,accepted,29,"{""General"": {""rows"": 29, ""ratings"": 29}, ""Attacking"": {""rows"": 29, ""ratings"": 29}, ""Defending"": {""rows"": 29, ""ratings"": 29}, ""Passing"": {""rows"": 29, ""ratings"": 29}, ""Duels"": {""rows"": 29, ""ratings"": 29}, ""Goalkeeping"": {""rows"": 2, ""ratings"": 2}}",csl_2026_capture\scrapling_raw\15552531_2246c82f4747.json
15552532,Chinese Super League,2026-05-05,10,accepted,30,"{""General"": {""rows"": 30, ""ratings"": 30}, ""Attacking"": {""rows"": 30, ""ratings"": 30}, ""Defending"": {""rows"": 30, ""ratings"": 30}, ""Passing"": {""rows"": 30, ""ratings"": 30}, ""Duels"": {""rows"": 30, ""ratings"": 30}, ""Goalkeeping"": {""rows"": 2, ""ratings"": 2}}",csl_2026_capture\scrapling_raw\15552532_0a82fdb65112.json
15552535,Chinese Super League,2026-05-05,10,accepted,31,"{""General"": {""rows"": 31, ""ratings"": 30}, ""Attacking"": {""rows"": 31, ""ratings"": 30}, ""Defending"": {""rows"": 31, ""ratings"": 30}, ""Passing"": {""rows"": 31, ""ratings"": 30}, ""Duels"": {""rows"": 31, ""ratings"": 30}, ""Goalkeeping"": {""rows"": 2, ""ratings"": 2}}",csl_2026_capture\scrapling_raw\15552535_5286d6837412.json
15552533,Chinese Super League,2026-05-06,10,accepted,32,"{""General"": {""rows"": 32, ""ratings"": 32}, ""Attacking"": {""rows"": 32, ""ratings"": 32}, ""Defending"": {""rows"": 32, ""ratings"": 32}, ""Passing"": {""rows"": 32, ""ratings"": 32}, ""Duels"": {""rows"": 32, ""ratings"": 32}, ""Goalkeeping"": {""rows"": 2, ""ratings"": 2}}",csl_2026_capture\scrapling_raw\15552533_050c262615f4.json
15552534,Chinese Super League,2026-05-06,10,accepted,31,"{""General"": {""rows"": 31, ""ratings"": 31}, ""Attacking"": {""rows"": 31, ""ratings"": 31}, ""Defending"": {""rows"": 31, ""ratings"": 31}, ""Passing"": {""rows"": 31, ""ratings"": 31}, ""Duels"": {""rows"": 31, ""ratings"": 31}, ""Goalkeeping"": {""rows"": 2, ""ratings"": 2}}",csl_2026_capture\scrapling_raw\15552534_2bc7316fa7de.json
15552536,Chinese Super League,2026-05-06,10,accepted,32,"{""General"": {""rows"": 32, ""ratings"": 32}, ""Attacking"": {""rows"": 32, ""ratings"": 32}, ""Defending"": {""rows"": 32, ""ratings"": 32}, ""Passing"": {""rows"": 32, ""ratings"": 32}, ""Duels"": {""rows"": 32, ""ratings"": 32}, ""Goalkeeping"": {""rows"": 2, ""ratings"": 2}}",csl_2026_capture\scrapling_raw\15552536_15b65276678a.json
15552537,Chinese Super League,2026-05-06,10,accepted,29,"{""General"": {""rows"": 29, ""ratings"": 29}, ""Attacking"": {""rows"": 29, ""ratings"": 29}, ""Defending"": {""rows"": 29, ""ratings"": 29}, ""Passing"": {""rows"": 29, ""ratings"": 29}, ""Duels"": {""rows"": 29, ""ratings"": 29}, ""Goalkeeping"": {""rows"": 2, ""ratings"": 2}}",csl_2026_capture\scrapling_raw\15552537_7c2f9e7affa7.json
15552538,Chinese Super League,2026-05-09,11,accepted,28,"{""General"": {""rows"": 28, ""ratings"": 27}, ""Attacking"": {""rows"": 28, ""ratings"": 27}, ""Defending"": {""rows"": 28, ""ratings"": 27}, ""Passing"": {""rows"": 28, ""ratings"": 27}, ""Duels"": {""rows"": 28, ""ratings"": 27}, ""Goalkeeping"": {""rows"": 2, ""ratings"": 2}}",csl_2026_capture\scrapling_raw\15552538_7d9659c89474.json
15552539,Chinese Super League,2026-05-09,11,accepted,32,"{""General"": {""rows"": 32, ""ratings"": 32}, ""Attacking"": {""rows"": 32, ""ratings"": 32}, ""Defending"": {""rows"": 32, ""ratings"": 32}, ""Passing"": {""rows"": 32, ""ratings"": 32}, ""Duels"": {""rows"": 32, ""ratings"": 32}, ""Goalkeeping"": {""rows"": 2, ""ratings"": 2}}",csl_2026_capture\scrapling_raw\15552539_2a047e8444e9.json
15552540,Chinese Super League,2026-05-10,11,accepted,30,"{""General"": {""rows"": 30, ""ratings"": 30}, ""Attacking"": {""rows"": 30, ""ratings"": 30}, ""Defending"": {""rows"": 30, ""ratings"": 30}, ""Passing"": {""rows"": 30, ""ratings"": 30}, ""Duels"": {""rows"": 30, ""ratings"": 30}, ""Goalkeeping"": {""rows"": 2, ""ratings"": 2}}",csl_2026_capture\scrapling_raw\15552540_27d74b93500e.json
15552541,Chinese Super League,2026-05-10,11,accepted,30,"{""General"": {""rows"": 30, ""ratings"": 30}, ""Attacking"": {""rows"": 30, ""ratings"": 30}, ""Defending"": {""rows"": 30, ""ratings"": 30}, ""Passing"": {""rows"": 30, ""ratings"": 30}, ""Duels"": {""rows"": 30, ""ratings"": 30}, ""Goalkeeping"": {""rows"": 2, ""ratings"": 2}}",csl_2026_capture\scrapling_raw\15552541_f7b9b21d270a.json
15552542,Chinese Super League,2026-05-10,11,accepted,32,"{""General"": {""rows"": 32, ""ratings"": 32}, ""Attacking"": {""rows"": 32, ""ratings"": 32}, ""Defending"": {""rows"": 32, ""ratings"": 32}, ""Passing"": {""rows"": 32, ""ratings"": 32}, ""Duels"": {""rows"": 32, ""ratings"": 32}, ""Goalkeeping"": {""rows"": 2, ""ratings"": 2}}",csl_2026_capture\scrapling_raw\15552542_e05b642e79fa.json
15552543,Chinese Super League,2026-05-10,11,accepted,31,"{""General"": {""rows"": 31, ""ratings"": 30}, ""Attacking"": {""rows"": 31, ""ratings"": 30}, ""Defending"": {""rows"": 31, ""ratings"": 30}, ""Passing"": {""rows"": 31, ""ratings"": 30}, ""Duels"": {""rows"": 31, ""ratings"": 30}, ""Goalkeeping"": {""rows"": 2, ""ratings"": 2}}",csl_2026_capture\scrapling_raw\15552543_e7335d4e285e.json
15552545,Chinese Super League,2026-05-10,11,accepted,30,"{""General"": {""rows"": 30, ""ratings"": 30}, ""Attacking"": {""rows"": 30, ""ratings"": 30}, ""Defending"": {""rows"": 30, ""ratings"": 30}, ""Passing"": {""rows"": 30, ""ratings"": 30}, ""Duels"": {""rows"": 30, ""ratings"": 30}, ""Goalkeeping"": {""rows"": 2, ""ratings"": 2}}",csl_2026_capture\scrapling_raw\15552545_3096bd268a24.json
15552546,Chinese Super League,2026-05-10,11,accepted,30,"{""General"": {""rows"": 30, ""ratings"": 29}, ""Attacking"": {""rows"": 30, ""ratings"": 29}, ""Defending"": {""rows"": 30, ""ratings"": 29}, ""Passing"": {""rows"": 30, ""ratings"": 29}, ""Duels"": {""rows"": 30, ""ratings"": 29}, ""Goalkeeping"": {""rows"": 2, ""ratings"": 2}}",csl_2026_capture\scrapling_raw\15552546_31170a7f09ee.json
15549837,Chinese Super League,2026-05-15,12,accepted,31,"{""General"": {""rows"": 31, ""ratings"": 31}, ""Attacking"": {""rows"": 31, ""ratings"": 31}, ""Defending"": {""rows"": 31, ""ratings"": 31}, ""Passing"": {""rows"": 31, ""ratings"": 31}, ""Duels"": {""rows"": 31, ""ratings"": 31}, ""Goalkeeping"": {""rows"": 2, ""ratings"": 2}}",csl_2026_capture\scrapling_raw\15549837_50c83136e477.json
15549838,Chinese Super League,2026-05-15,12,accepted,31,"{""General"": {""rows"": 31, ""ratings"": 30}, ""Attacking"": {""rows"": 31, ""ratings"": 30}, ""Defending"": {""rows"": 31, ""ratings"": 30}, ""Passing"": {""rows"": 31, ""ratings"": 30}, ""Duels"": {""rows"": 31, ""ratings"": 30}, ""Goalkeeping"": {""rows"": 2, ""ratings"": 2}}",csl_2026_capture\scrapling_raw\15549838_cf5e04aba8ce.json
15549839,Chinese Super League,2026-05-15,12,accepted,34,"{""General"": {""rows"": 34, ""ratings"": 34}, ""Attacking"": {""rows"": 34, ""ratings"": 34}, ""Defending"": {""rows"": 34, ""ratings"": 34}, ""Passing"": {""rows"": 34, ""ratings"": 34}, ""Duels"": {""rows"": 34, ""ratings"": 34}, ""Goalkeeping"": {""rows"": 2, ""ratings"": 2}}",csl_2026_capture\scrapling_raw\15549839_0590c5569e7c.json
15549840,Chinese Super League,2026-05-15,12,accepted,32,"{""General"": {""rows"": 32, ""ratings"": 32}, ""Attacking"": {""rows"": 32, ""ratings"": 32}, ""Defending"": {""rows"": 32, ""ratings"": 32}, ""Passing"": {""rows"": 32, ""ratings"": 32}, ""Duels"": {""rows"": 32, ""ratings"": 32}, ""Goalkeeping"": {""rows"": 2, ""ratings"": 2}}",csl_2026_capture\scrapling_raw\15549840_ad3d88861d13.json
15549841,Chinese Super League,2026-05-15,12,accepted,30,"{""General"": {""rows"": 30, ""ratings"": 29}, ""Attacking"": {""rows"": 30, ""ratings"": 29}, ""Defending"": {""rows"": 30, ""ratings"": 29}, ""Passing"": {""rows"": 30, ""ratings"": 29}, ""Duels"": {""rows"": 30, ""ratings"": 29}, ""Goalkeeping"": {""rows"": 2, ""ratings"": 2}}",csl_2026_capture\scrapling_raw\15549841_f89330d5881a.json
15549842,Chinese Super League,2026-05-16,12,accepted,31,"{""General"": {""rows"": 31, ""ratings"": 31}, ""Attacking"": {""rows"": 31, ""ratings"": 31}, ""Defending"": {""rows"": 31, ""ratings"": 31}, ""Passing"": {""rows"": 31, ""ratings"": 31}, ""Duels"": {""rows"": 31, ""ratings"": 31}, ""Goalkeeping"": {""rows"": 2, ""ratings"": 2}}",csl_2026_capture\scrapling_raw\15549842_c25e0bb6b269.json
15549844,Chinese Super League,2026-05-16,12,accepted,32,"{""General"": {""rows"": 32, ""ratings"": 30}, ""Attacking"": {""rows"": 32, ""ratings"": 30}, ""Defending"": {""rows"": 32, ""ratings"": 30}, ""Passing"": {""rows"": 32, ""ratings"": 30}, ""Duels"": {""rows"": 32, ""ratings"": 30}, ""Goalkeeping"": {""rows"": 2, ""ratings"": 2}}",csl_2026_capture\scrapling_raw\15549844_5d9a7e8c27d7.json
15549848,Chinese Super League,2026-05-16,12,accepted,30,"{""General"": {""rows"": 30, ""ratings"": 30}, ""Attacking"": {""rows"": 30, ""ratings"": 30}, ""Defending"": {""rows"": 30, ""ratings"": 30}, ""Passing"": {""rows"": 30, ""ratings"": 30}, ""Duels"": {""rows"": 30, ""ratings"": 30}, ""Goalkeeping"": {""rows"": 2, ""ratings"": 2}}",csl_2026_capture\scrapling_raw\15549848_2abe94e1a78f.json
15549843,Chinese Super League,2026-05-19,13,accepted,30,"{""General"": {""rows"": 30, ""ratings"": 27}, ""Attacking"": {""rows"": 30, ""ratings"": 27}, ""Defending"": {""rows"": 30, ""ratings"": 27}, ""Passing"": {""rows"": 30, ""ratings"": 27}, ""Duels"": {""rows"": 30, ""ratings"": 27}, ""Goalkeeping"": {""rows"": 2, ""ratings"": 2}}",csl_2026_capture\scrapling_raw\15549843_b84932f17c4f.json
15549845,Chinese Super League,2026-05-19,13,accepted,31,"{""General"": {""rows"": 31, ""ratings"": 30}, ""Attacking"": {""rows"": 31, ""ratings"": 30}, ""Defending"": {""rows"": 31, ""ratings"": 30}, ""Passing"": {""rows"": 31, ""ratings"": 30}, ""Duels"": {""rows"": 31, ""ratings"": 30}, ""Goalkeeping"": {""rows"": 2, ""ratings"": 2}}",csl_2026_capture\scrapling_raw\15549845_9dce26eb55df.json
15549846,Chinese Super League,2026-05-19,13,accepted,30,"{""General"": {""rows"": 30, ""ratings"": 30}, ""Attacking"": {""rows"": 30, ""ratings"": 30}, ""Defending"": {""rows"": 30, ""ratings"": 30}, ""Passing"": {""rows"": 30, ""ratings"": 30}, ""Duels"": {""rows"": 30, ""ratings"": 30}, ""Goalkeeping"": {""rows"": 2, ""ratings"": 2}}",csl_2026_capture\scrapling_raw\15549846_af69e7e1a8c3.json
15549847,Chinese Super League,2026-05-19,13,accepted,31,"{""General"": {""rows"": 31, ""ratings"": 31}, ""Attacking"": {""rows"": 31, ""ratings"": 31}, ""Defending"": {""rows"": 31, ""ratings"": 31}, ""Passing"": {""rows"": 31, ""ratings"": 31}, ""Duels"": {""rows"": 31, ""ratings"": 31}, ""Goalkeeping"": {""rows"": 2, ""ratings"": 2}}",csl_2026_capture\scrapling_raw\15549847_a8eda2eaf10a.json
15549849,Chinese Super League,2026-05-20,13,accepted,31,"{""General"": {""rows"": 31, ""ratings"": 29}, ""Attacking"": {""rows"": 31, ""ratings"": 29}, ""Defending"": {""rows"": 31, ""ratings"": 29}, ""Passing"": {""rows"": 31, ""ratings"": 29}, ""Duels"": {""rows"": 31, ""ratings"": 29}, ""Goalkeeping"": {""rows"": 2, ""ratings"": 2}}",csl_2026_capture\scrapling_raw\15549849_0f5bef033128.json
15549851,Chinese Super League,2026-05-20,13,accepted,28,"{""General"": {""rows"": 28, ""ratings"": 28}, ""Attacking"": {""rows"": 28, ""ratings"": 28}, ""Defending"": {""rows"": 28, ""ratings"": 28}, ""Passing"": {""rows"": 28, ""ratings"": 28}, ""Duels"": {""rows"": 28, ""ratings"": 28}, ""Goalkeeping"": {""rows"": 2, ""ratings"": 2}}",csl_2026_capture\scrapling_raw\15549851_cbd908b9146c.json
15549852,Chinese Super League,2026-05-20,13,accepted,32,"{""General"": {""rows"": 32, ""ratings"": 32}, ""Attacking"": {""rows"": 32, ""ratings"": 32}, ""Defending"": {""rows"": 32, ""ratings"": 32}, ""Passing"": {""rows"": 32, ""ratings"": 32}, ""Duels"": {""rows"": 32, ""ratings"": 32}, ""Goalkeeping"": {""rows"": 2, ""ratings"": 2}}",csl_2026_capture\scrapling_raw\15549852_62cc180f7486.json
15549853,Chinese Super League,2026-05-20,13,accepted,32,"{""General"": {""rows"": 32, ""ratings"": 31}, ""Attacking"": {""rows"": 32, ""ratings"": 31}, ""Defending"": {""rows"": 32, ""ratings"": 31}, ""Passing"": {""rows"": 32, ""ratings"": 31}, ""Duels"": {""rows"": 32, ""ratings"": 31}, ""Goalkeeping"": {""rows"": 2, ""ratings"": 2}}",csl_2026_capture\scrapling_raw\15549853_3ed536414188.json
15549854,Chinese Super League,2026-05-23,14,accepted,31,"{""General"": {""rows"": 31, ""ratings"": 30}, ""Attacking"": {""rows"": 31, ""ratings"": 30}, ""Defending"": {""rows"": 31, ""ratings"": 30}, ""Passing"": {""rows"": 31, ""ratings"": 30}, ""Duels"": {""rows"": 31, ""ratings"": 30}, ""Goalkeeping"": {""rows"": 2, ""ratings"": 2}}",csl_2026_capture\scrapling_raw\15549854_6171a99319c8.json
15549855,Chinese Super League,2026-05-23,14,accepted,30,"{""General"": {""rows"": 30, ""ratings"": 29}, ""Attacking"": {""rows"": 30, ""ratings"": 29}, ""Defending"": {""rows"": 30, ""ratings"": 29}, ""Passing"": {""rows"": 30, ""ratings"": 29}, ""Duels"": {""rows"": 30, ""ratings"": 29}, ""Goalkeeping"": {""rows"": 2, ""ratings"": 2}}",csl_2026_capture\scrapling_raw\15549855_71e9a8170e9f.json
15549856,Chinese Super League,2026-05-23,14,accepted,30,"{""General"": {""rows"": 30, ""ratings"": 29}, ""Attacking"": {""rows"": 30, ""ratings"": 29}, ""Defending"": {""rows"": 30, ""ratings"": 29}, ""Passing"": {""rows"": 30, ""ratings"": 29}, ""Duels"": {""rows"": 30, ""ratings"": 29}, ""Goalkeeping"": {""rows"": 2, ""ratings"": 2}}",csl_2026_capture\scrapling_raw\15549856_a5078905588d.json
15549857,Chinese Super League,2026-05-24,14,accepted,30,"{""General"": {""rows"": 30, ""ratings"": 28}, ""Attacking"": {""rows"": 30, ""ratings"": 28}, ""Defending"": {""rows"": 30, ""ratings"": 28}, ""Passing"": {""rows"": 30, ""ratings"": 28}, ""Duels"": {""rows"": 30, ""ratings"": 28}, ""Goalkeeping"": {""rows"": 2, ""ratings"": 2}}",csl_2026_capture\scrapling_raw\15549857_a074336a9e7c.json
15549858,Chinese Super League,2026-05-24,14,accepted,31,"{""General"": {""rows"": 31, ""ratings"": 31}, ""Attacking"": {""rows"": 31, ""ratings"": 31}, ""Defending"": {""rows"": 31, ""ratings"": 31}, ""Passing"": {""rows"": 31, ""ratings"": 31}, ""Duels"": {""rows"": 31, ""ratings"": 31}, ""Goalkeeping"": {""rows"": 2, ""ratings"": 2}}",csl_2026_capture\scrapling_raw\15549858_1a4768176e13.json
15549859,Chinese Super League,2026-05-24,14,accepted,32,"{""General"": {""rows"": 32, ""ratings"": 32}, ""Attacking"": {""rows"": 32, ""ratings"": 32}, ""Defending"": {""rows"": 32, ""ratings"": 32}, ""Passing"": {""rows"": 32, ""ratings"": 32}, ""Duels"": {""rows"": 32, ""ratings"": 32}, ""Goalkeeping"": {""rows"": 2, ""ratings"": 2}}",csl_2026_capture\scrapling_raw\15549859_30e6048d2737.json
15549860,Chinese Super League,2026-05-24,14,accepted,30,"{""General"": {""rows"": 30, ""ratings"": 29}, ""Attacking"": {""rows"": 30, ""ratings"": 29}, ""Defending"": {""rows"": 30, ""ratings"": 29}, ""Passing"": {""rows"": 30, ""ratings"": 29}, ""Duels"": {""rows"": 30, ""ratings"": 29}, ""Goalkeeping"": {""rows"": 2, ""ratings"": 2}}",csl_2026_capture\scrapling_raw\15549860_76e65db423cf.json
15549862,Chinese Super League,2026-05-24,14,accepted,31,"{""General"": {""rows"": 31, ""ratings"": 31}, ""Attacking"": {""rows"": 31, ""ratings"": 31}, ""Defending"": {""rows"": 31, ""ratings"": 31}, ""Passing"": {""rows"": 31, ""ratings"": 31}, ""Duels"": {""rows"": 31, ""ratings"": 31}, ""Goalkeeping"": {""rows"": 2, ""ratings"": 2}}",csl_2026_capture\scrapling_raw\15549862_16d545755765.json
15549861,Chinese Super League,2026-05-29,15,accepted,32,"{""General"": {""rows"": 32, ""ratings"": 31}, ""Attacking"": {""rows"": 32, ""ratings"": 31}, ""Defending"": {""rows"": 32, ""ratings"": 31}, ""Passing"": {""rows"": 32, ""ratings"": 31}, ""Duels"": {""rows"": 32, ""ratings"": 31}, ""Goalkeeping"": {""rows"": 2, ""ratings"": 2}}",csl_2026_capture\scrapling_raw\15549861_244411f7bc06.json
15549863,Chinese Super League,2026-05-30,15,accepted,31,"{""General"": {""rows"": 31, ""ratings"": 31}, ""Attacking"": {""rows"": 31, ""ratings"": 31}, ""Defending"": {""rows"": 31, ""ratings"": 31}, ""Passing"": {""rows"": 31, ""ratings"": 31}, ""Duels"": {""rows"": 31, ""ratings"": 31}, ""Goalkeeping"": {""rows"": 2, ""ratings"": 2}}",csl_2026_capture\scrapling_raw\15549863_80a1d5b26a25.json
15552544,Chinese Super League,2026-05-30,15,accepted,30,"{""General"": {""rows"": 30, ""ratings"": 30}, ""Attacking"": {""rows"": 30, ""ratings"": 30}, ""Defending"": {""rows"": 30, ""ratings"": 30}, ""Passing"": {""rows"": 30, ""ratings"": 30}, ""Duels"": {""rows"": 30, ""ratings"": 30}, ""Goalkeeping"": {""rows"": 2, ""ratings"": 2}}",csl_2026_capture\scrapling_raw\15552544_9ee3f7163619.json
15552547,Chinese Super League,2026-05-30,15,accepted,31,"{""General"": {""rows"": 31, ""ratings"": 30}, ""Attacking"": {""rows"": 31, ""ratings"": 30}, ""Defending"": {""rows"": 31, ""ratings"": 30}, ""Passing"": {""rows"": 31, ""ratings"": 30}, ""Duels"": {""rows"": 31, ""ratings"": 30}, ""Goalkeeping"": {""rows"": 2, ""ratings"": 2}}",csl_2026_capture\scrapling_raw\15552547_cb3b00cb6d4b.json
15552548,Chinese Super League,2026-05-30,15,accepted,34,"{""General"": {""rows"": 34, ""ratings"": 33}, ""Attacking"": {""rows"": 34, ""ratings"": 33}, ""Defending"": {""rows"": 34, ""ratings"": 33}, ""Passing"": {""rows"": 34, ""ratings"": 33}, ""Duels"": {""rows"": 34, ""ratings"": 33}, ""Goalkeeping"": {""rows"": 2, ""ratings"": 2}}",csl_2026_capture\scrapling_raw\15552548_03c9d6247485.json
15552550,Chinese Super League,2026-05-30,15,accepted,32,"{""General"": {""rows"": 32, ""ratings"": 32}, ""Attacking"": {""rows"": 32, ""ratings"": 32}, ""Defending"": {""rows"": 32, ""ratings"": 32}, ""Passing"": {""rows"": 32, ""ratings"": 32}, ""Duels"": {""rows"": 32, ""ratings"": 32}, ""Goalkeeping"": {""rows"": 2, ""ratings"": 2}}",csl_2026_capture\scrapling_raw\15552550_2c1e4220d90f.json
15552551,Chinese Super League,2026-05-31,15,accepted,32,"{""General"": {""rows"": 32, ""ratings"": 32}, ""Attacking"": {""rows"": 32, ""ratings"": 32}, ""Defending"": {""rows"": 32, ""ratings"": 32}, ""Passing"": {""rows"": 32, ""ratings"": 32}, ""Duels"": {""rows"": 32, ""ratings"": 32}, ""Goalkeeping"": {""rows"": 2, ""ratings"": 2}}",csl_2026_capture\scrapling_raw\15552551_5c86047aa0f8.json
15552552,Chinese Super League,2026-05-31,15,accepted,31,"{""General"": {""rows"": 31, ""ratings"": 31}, ""Attacking"": {""rows"": 31, ""ratings"": 31}, ""Defending"": {""rows"": 31, ""ratings"": 31}, ""Passing"": {""rows"": 31, ""ratings"": 31}, ""Duels"": {""rows"": 31, ""ratings"": 31}, ""Goalkeeping"": {""rows"": 2, ""ratings"": 2}}",csl_2026_capture\scrapling_raw\15552552_fcca8ad05682.json
15552549,Chinese Super League,2026-06-26,16,accepted,31,"{""General"": {""rows"": 31, ""ratings"": 31}, ""Attacking"": {""rows"": 31, ""ratings"": 31}, ""Defending"": {""rows"": 31, ""ratings"": 31}, ""Passing"": {""rows"": 31, ""ratings"": 31}, ""Duels"": {""rows"": 31, ""ratings"": 31}, ""Goalkeeping"": {""rows"": 2, ""ratings"": 2}}",csl_2026_capture\scrapling_raw\15552549_91d3584c12da.json
15552553,Chinese Super League,2026-06-27,16,accepted,31,"{""General"": {""rows"": 31, ""ratings"": 30}, ""Attacking"": {""rows"": 31, ""ratings"": 30}, ""Defending"": {""rows"": 31, ""ratings"": 30}, ""Passing"": {""rows"": 31, ""ratings"": 30}, ""Duels"": {""rows"": 31, ""ratings"": 30}, ""Goalkeeping"": {""rows"": 2, ""ratings"": 2}}",csl_2026_capture\scrapling_raw\15552553_9a532260ae5d.json
15552554,Chinese Super League,2026-06-27,16,accepted,31,"{""General"": {""rows"": 31, ""ratings"": 31}, ""Attacking"": {""rows"": 31, ""ratings"": 31}, ""Defending"": {""rows"": 31, ""ratings"": 31}, ""Passing"": {""rows"": 31, ""ratings"": 31}, ""Duels"": {""rows"": 31, ""ratings"": 31}, ""Goalkeeping"": {""rows"": 2, ""ratings"": 2}}",csl_2026_capture\scrapling_raw\15552554_6d9316bb944d.json
15552555,Chinese Super League,2026-06-27,16,accepted,32,"{""General"": {""rows"": 32, ""ratings"": 30}, ""Attacking"": {""rows"": 32, ""ratings"": 30}, ""Defending"": {""rows"": 32, ""ratings"": 30}, ""Passing"": {""rows"": 32, ""ratings"": 30}, ""Duels"": {""rows"": 32, ""ratings"": 30}, ""Goalkeeping"": {""rows"": 2, ""ratings"": 2}}",csl_2026_capture\scrapling_raw\15552555_29c175bec51e.json
15552557,Chinese Super League,2026-06-27,16,accepted,32,"{""General"": {""rows"": 32, ""ratings"": 32}, ""Attacking"": {""rows"": 32, ""ratings"": 32}, ""Defending"": {""rows"": 32, ""ratings"": 32}, ""Passing"": {""rows"": 32, ""ratings"": 32}, ""Duels"": {""rows"": 32, ""ratings"": 32}, ""Goalkeeping"": {""rows"": 2, ""ratings"": 2}}",csl_2026_capture\scrapling_raw\15552557_3a66465547e7.json
15552561,Chinese Super League,2026-06-27,16,accepted,31,"{""General"": {""rows"": 31, ""ratings"": 31}, ""Attacking"": {""rows"": 31, ""ratings"": 31}, ""Defending"": {""rows"": 31, ""ratings"": 31}, ""Passing"": {""rows"": 31, ""ratings"": 31}, ""Duels"": {""rows"": 31, ""ratings"": 31}, ""Goalkeeping"": {""rows"": 2, ""ratings"": 2}}",csl_2026_capture\scrapling_raw\15552561_5f360763f038.json
15552556,Chinese Super League,2026-06-28,16,accepted,30,"{""General"": {""rows"": 30, ""ratings"": 28}, ""Attacking"": {""rows"": 30, ""ratings"": 28}, ""Defending"": {""rows"": 30, ""ratings"": 28}, ""Passing"": {""rows"": 30, ""ratings"": 28}, ""Duels"": {""rows"": 30, ""ratings"": 28}, ""Goalkeeping"": {""rows"": 2, ""ratings"": 2}}",csl_2026_capture\scrapling_raw\15552556_c16570b4d0d5.json
15552560,Chinese Super League,2026-06-28,16,accepted,31,"{""General"": {""rows"": 31, ""ratings"": 29}, ""Attacking"": {""rows"": 31, ""ratings"": 29}, ""Defending"": {""rows"": 31, ""ratings"": 29}, ""Passing"": {""rows"": 31, ""ratings"": 29}, ""Duels"": {""rows"": 31, ""ratings"": 29}, ""Goalkeeping"": {""rows"": 2, ""ratings"": 2}}",csl_2026_capture\scrapling_raw\15552560_fc1c0bf6a083.json
15552562,Chinese Super League,2026-07-03,17,accepted,30,"{""General"": {""rows"": 30, ""ratings"": 30}, ""Attacking"": {""rows"": 30, ""ratings"": 30}, ""Defending"": {""rows"": 30, ""ratings"": 30}, ""Passing"": {""rows"": 30, ""ratings"": 30}, ""Duels"": {""rows"": 30, ""ratings"": 30}, ""Goalkeeping"": {""rows"": 2, ""ratings"": 2}}",csl_2026_capture\scrapling_raw\15552562_898282d75c6f.json
15552558,Chinese Super League,2026-07-04,17,accepted,30,"{""General"": {""rows"": 30, ""ratings"": 28}, ""Attacking"": {""rows"": 30, ""ratings"": 28}, ""Defending"": {""rows"": 30, ""ratings"": 28}, ""Passing"": {""rows"": 30, ""ratings"": 28}, ""Duels"": {""rows"": 30, ""ratings"": 28}, ""Goalkeeping"": {""rows"": 2, ""ratings"": 2}}",csl_2026_capture\scrapling_raw\15552558_8f388f7dfb16.json
15552559,Chinese Super League,2026-07-04,17,accepted,31,"{""General"": {""rows"": 31, ""ratings"": 29}, ""Attacking"": {""rows"": 31, ""ratings"": 29}, ""Defending"": {""rows"": 31, ""ratings"": 29}, ""Passing"": {""rows"": 31, ""ratings"": 29}, ""Duels"": {""rows"": 31, ""ratings"": 29}, ""Goalkeeping"": {""rows"": 2, ""ratings"": 2}}",csl_2026_capture\scrapling_raw\15552559_999fa6826dd7.json
15552563,Chinese Super League,2026-07-04,17,accepted,31,"{""General"": {""rows"": 31, ""ratings"": 29}, ""Attacking"": {""rows"": 31, ""ratings"": 29}, ""Defending"": {""rows"": 31, ""ratings"": 29}, ""Passing"": {""rows"": 31, ""ratings"": 29}, ""Duels"": {""rows"": 31, ""ratings"": 29}, ""Goalkeeping"": {""rows"": 2, ""ratings"": 2}}",csl_2026_capture\scrapling_raw\15552563_137917c1d143.json
15552564,Chinese Super League,2026-07-04,17,accepted,30,"{""General"": {""rows"": 30, ""ratings"": 27}, ""Attacking"": {""rows"": 30, ""ratings"": 27}, ""Defending"": {""rows"": 30, ""ratings"": 27}, ""Passing"": {""rows"": 30, ""ratings"": 27}, ""Duels"": {""rows"": 30, ""ratings"": 27}, ""Goalkeeping"": {""rows"": 2, ""ratings"": 2}}",csl_2026_capture\scrapling_raw\15552564_deced0f1a699.json
15552565,Chinese Super League,2026-07-04,17,accepted,31,"{""General"": {""rows"": 31, ""ratings"": 31}, ""Attacking"": {""rows"": 31, ""ratings"": 31}, ""Defending"": {""rows"": 31, ""ratings"": 31}, ""Passing"": {""rows"": 31, ""ratings"": 31}, ""Duels"": {""rows"": 31, ""ratings"": 31}, ""Goalkeeping"": {""rows"": 2, ""ratings"": 2}}",csl_2026_capture\scrapling_raw\15552565_2a6c3e352f08.json
15552566,Chinese Super League,2026-07-05,17,accepted,30,"{""General"": {""rows"": 30, ""ratings"": 30}, ""Attacking"": {""rows"": 30, ""ratings"": 30}, ""Defending"": {""rows"": 30, ""ratings"": 30}, ""Passing"": {""rows"": 30, ""ratings"": 30}, ""Duels"": {""rows"": 30, ""ratings"": 30}, ""Goalkeeping"": {""rows"": 2, ""ratings"": 2}}",csl_2026_capture\scrapling_raw\15552566_1583caa1e21f.json
15552567,Chinese Super League,2026-07-05,17,accepted,30,"{""General"": {""rows"": 30, ""ratings"": 30}, ""Attacking"": {""rows"": 30, ""ratings"": 30}, ""Defending"": {""rows"": 30, ""ratings"": 30}, ""Passing"": {""rows"": 30, ""ratings"": 30}, ""Duels"": {""rows"": 30, ""ratings"": 30}, ""Goalkeeping"": {""rows"": 2, ""ratings"": 2}}",csl_2026_capture\scrapling_raw\15552567_3f87a9607ab6.json
15552568,Chinese Super League,2026-07-10,18,accepted,31,"{""General"": {""rows"": 31, ""ratings"": 31}, ""Attacking"": {""rows"": 31, ""ratings"": 31}, ""Defending"": {""rows"": 31, ""ratings"": 31}, ""Passing"": {""rows"": 31, ""ratings"": 31}, ""Duels"": {""rows"": 31, ""ratings"": 31}, ""Goalkeeping"": {""rows"": 2, ""ratings"": 2}}",csl_2026_capture\scrapling_raw\15552568_c50cd50ee720.json
15552571,Chinese Super League,2026-07-11,18,accepted,31,"{""General"": {""rows"": 31, ""ratings"": 28}, ""Attacking"": {""rows"": 31, ""ratings"": 28}, ""Defending"": {""rows"": 31, ""ratings"": 28}, ""Passing"": {""rows"": 31, ""ratings"": 28}, ""Duels"": {""rows"": 31, ""ratings"": 28}, ""Goalkeeping"": {""rows"": 2, ""ratings"": 2}}",csl_2026_capture\scrapling_raw\15552571_09a4074324d3.json
15552573,Chinese Super League,2026-07-11,18,accepted,28,"{""General"": {""rows"": 28, ""ratings"": 25}, ""Attacking"": {""rows"": 28, ""ratings"": 25}, ""Defending"": {""rows"": 28, ""ratings"": 25}, ""Passing"": {""rows"": 28, ""ratings"": 25}, ""Duels"": {""rows"": 28, ""ratings"": 25}, ""Goalkeeping"": {""rows"": 2, ""ratings"": 2}}",csl_2026_capture\scrapling_raw\15552573_48de2f286a39.json
16484884,Chinese Super League,2026-07-14,18,accepted,31,"{""General"": {""rows"": 31, ""ratings"": 31}, ""Attacking"": {""rows"": 31, ""ratings"": 31}, ""Defending"": {""rows"": 31, ""ratings"": 31}, ""Passing"": {""rows"": 31, ""ratings"": 31}, ""Duels"": {""rows"": 31, ""ratings"": 31}, ""Goalkeeping"": {""rows"": 2, ""ratings"": 2}}",csl_2026_capture\scrapling_raw\16484884_bf06e4359855.json
15552576,Chinese Super League,2026-07-17,19,accepted,30,"{""General"": {""rows"": 30, ""ratings"": 30}, ""Attacking"": {""rows"": 30, ""ratings"": 30}, ""Defending"": {""rows"": 30, ""ratings"": 30}, ""Passing"": {""rows"": 30, ""ratings"": 30}, ""Duels"": {""rows"": 30, ""ratings"": 30}, ""Goalkeeping"": {""rows"": 2, ""ratings"": 2}}",csl_2026_capture\scrapling_raw\15552576_0fd8affe560b.json
15552577,Chinese Super League,2026-07-17,19,accepted,29,"{""General"": {""rows"": 29, ""ratings"": 28}, ""Attacking"": {""rows"": 29, ""ratings"": 28}, ""Defending"": {""rows"": 29, ""ratings"": 28}, ""Passing"": {""rows"": 29, ""ratings"": 28}, ""Duels"": {""rows"": 29, ""ratings"": 28}, ""Goalkeeping"": {""rows"": 2, ""ratings"": 2}}",csl_2026_capture\scrapling_raw\15552577_1ad49b7ed5e8.json
15552580,Chinese Super League,2026-07-17,19,accepted,32,"{""General"": {""rows"": 32, ""ratings"": 31}, ""Attacking"": {""rows"": 32, ""ratings"": 31}, ""Defending"": {""rows"": 32, ""ratings"": 31}, ""Passing"": {""rows"": 32, ""ratings"": 31}, ""Duels"": {""rows"": 32, ""ratings"": 31}, ""Goalkeeping"": {""rows"": 2, ""ratings"": 2}}",csl_2026_capture\scrapling_raw\15552580_7a9397e2f6c6.json
15552581,Chinese Super League,2026-07-17,19,accepted,32,"{""General"": {""rows"": 32, ""ratings"": 32}, ""Attacking"": {""rows"": 32, ""ratings"": 32}, ""Defending"": {""rows"": 32, ""ratings"": 32}, ""Passing"": {""rows"": 32, ""ratings"": 32}, ""Duels"": {""rows"": 32, ""ratings"": 32}, ""Goalkeeping"": {""rows"": 2, ""ratings"": 2}}",csl_2026_capture\scrapling_raw\15552581_cdbf6b65605f.json
15552578,Chinese Super League,2026-07-18,19,accepted,30,"{""General"": {""rows"": 30, ""ratings"": 30}, ""Attacking"": {""rows"": 30, ""ratings"": 30}, ""Defending"": {""rows"": 30, ""ratings"": 30}, ""Passing"": {""rows"": 30, ""ratings"": 30}, ""Duels"": {""rows"": 30, ""ratings"": 30}, ""Goalkeeping"": {""rows"": 2, ""ratings"": 2}}",csl_2026_capture\scrapling_raw\15552578_cd9fbec40b56.json
15552579,Chinese Super League,2026-07-18,19,accepted,28,"{""General"": {""rows"": 28, ""ratings"": 27}, ""Attacking"": {""rows"": 28, ""ratings"": 27}, ""Defending"": {""rows"": 28, ""ratings"": 27}, ""Passing"": {""rows"": 28, ""ratings"": 27}, ""Duels"": {""rows"": 28, ""ratings"": 27}, ""Goalkeeping"": {""rows"": 2, ""ratings"": 2}}",csl_2026_capture\scrapling_raw\15552579_17cc6000774b.json
15552583,Chinese Super League,2026-07-18,19,accepted,32,"{""General"": {""rows"": 32, ""ratings"": 31}, ""Attacking"": {""rows"": 32, ""ratings"": 31}, ""Defending"": {""rows"": 32, ""ratings"": 31}, ""Passing"": {""rows"": 32, ""ratings"": 31}, ""Duels"": {""rows"": 32, ""ratings"": 31}, ""Goalkeeping"": {""rows"": 2, ""ratings"": 2}}",csl_2026_capture\scrapling_raw\15552583_78763c6be8f6.json
15552584,Chinese Super League,2026-07-18,19,accepted,30,"{""General"": {""rows"": 30, ""ratings"": 30}, ""Attacking"": {""rows"": 30, ""ratings"": 30}, ""Defending"": {""rows"": 30, ""ratings"": 30}, ""Passing"": {""rows"": 30, ""ratings"": 30}, ""Duels"": {""rows"": 30, ""ratings"": 30}, ""Goalkeeping"": {""rows"": 2, ""ratings"": 2}}",csl_2026_capture\scrapling_raw\15552584_3d2612a145ed.json
15552582,Chinese Super League,2026-07-25,20,accepted,32,"{""General"": {""rows"": 32, ""ratings"": 32}, ""Attacking"": {""rows"": 32, ""ratings"": 32}, ""Defending"": {""rows"": 32, ""ratings"": 32}, ""Passing"": {""rows"": 32, ""ratings"": 32}, ""Duels"": {""rows"": 32, ""ratings"": 32}, ""Goalkeeping"": {""rows"": 2, ""ratings"": 2}}",csl_2026_capture\scrapling_raw\15552582_b0bf5299d105.json
15552585,Chinese Super League,2026-07-25,20,accepted,30,"{""General"": {""rows"": 30, ""ratings"": 30}, ""Attacking"": {""rows"": 30, ""ratings"": 30}, ""Defending"": {""rows"": 30, ""ratings"": 30}, ""Passing"": {""rows"": 30, ""ratings"": 30}, ""Duels"": {""rows"": 30, ""ratings"": 30}, ""Goalkeeping"": {""rows"": 2, ""ratings"": 2}}",csl_2026_capture\scrapling_raw\15552585_2571b0b5eb6f.json
15552586,Chinese Super League,2026-07-25,20,accepted,32,"{""General"": {""rows"": 32, ""ratings"": 31}, ""Attacking"": {""rows"": 32, ""ratings"": 31}, ""Defending"": {""rows"": 32, ""ratings"": 31}, ""Passing"": {""rows"": 32, ""ratings"": 31}, ""Duels"": {""rows"": 32, ""ratings"": 31}, ""Goalkeeping"": {""rows"": 2, ""ratings"": 2}}",csl_2026_capture\scrapling_raw\15552586_fcf3106c37af.json
15552589,Chinese Super League,2026-07-25,20,accepted,31,"{""General"": {""rows"": 31, ""ratings"": 30}, ""Attacking"": {""rows"": 31, ""ratings"": 30}, ""Defending"": {""rows"": 31, ""ratings"": 30}, ""Passing"": {""rows"": 31, ""ratings"": 30}, ""Duels"": {""rows"": 31, ""ratings"": 30}, ""Goalkeeping"": {""rows"": 2, ""ratings"": 2}}",csl_2026_capture\scrapling_raw\15552589_74371f19f1cc.json
15552587,Chinese Super League,2026-07-26,20,accepted,32,"{""General"": {""rows"": 32, ""ratings"": 32}, ""Attacking"": {""rows"": 32, ""ratings"": 32}, ""Defending"": {""rows"": 32, ""ratings"": 32}, ""Passing"": {""rows"": 32, ""ratings"": 32}, ""Duels"": {""rows"": 32, ""ratings"": 32}, ""Goalkeeping"": {""rows"": 2, ""ratings"": 2}}",csl_2026_capture\scrapling_raw\15552587_0e483c58a756.json
15552588,Chinese Super League,2026-07-26,20,accepted,29,"{""General"": {""rows"": 29, ""ratings"": 29}, ""Attacking"": {""rows"": 29, ""ratings"": 29}, ""Defending"": {""rows"": 29, ""ratings"": 29}, ""Passing"": {""rows"": 29, ""ratings"": 29}, ""Duels"": {""rows"": 29, ""ratings"": 29}, ""Goalkeeping"": {""rows"": 2, ""ratings"": 2}}",csl_2026_capture\scrapling_raw\15552588_060c737e8d9a.json
15552590,Chinese Super League,2026-07-26,20,accepted,30,"{""General"": {""rows"": 30, ""ratings"": 27}, ""Attacking"": {""rows"": 30, ""ratings"": 27}, ""Defending"": {""rows"": 30, ""ratings"": 27}, ""Passing"": {""rows"": 30, ""ratings"": 27}, ""Duels"": {""rows"": 30, ""ratings"": 27}, ""Goalkeeping"": {""rows"": 2, ""ratings"": 2}}",csl_2026_capture\scrapling_raw\15552590_c2c1f08467b4.json
15552592,Chinese Super League,2026-07-26,20,accepted,32,"{""General"": {""rows"": 32, ""ratings"": 32}, ""Attacking"": {""rows"": 32, ""ratings"": 32}, ""Defending"": {""rows"": 32, ""ratings"": 32}, ""Passing"": {""rows"": 32, ""ratings"": 32}, ""Duels"": {""rows"": 32, ""ratings"": 32}, ""Goalkeeping"": {""rows"": 2, ""ratings"": 2}}",csl_2026_capture\scrapling_raw\15552592_47e6da3eddcb.json
15552591,Chinese Super League,2026-07-31,21,accepted,29,"{""General"": {""rows"": 29, ""ratings"": 27}, ""Attacking"": {""rows"": 29, ""ratings"": 27}, ""Defending"": {""rows"": 29, ""ratings"": 27}, ""Passing"": {""rows"": 29, ""ratings"": 27}, ""Duels"": {""rows"": 29, ""ratings"": 27}, ""Goalkeeping"": {""rows"": 2, ""ratings"": 2}}",csl_2026_capture\scrapling_raw\15552591_3dbe1c2ff69e.json
15552593,Chinese Super League,2026-08-01,21,accepted,32,"{""General"": {""rows"": 32, ""ratings"": 32}, ""Attacking"": {""rows"": 32, ""ratings"": 32}, ""Defending"": {""rows"": 32, ""ratings"": 32}, ""Passing"": {""rows"": 32, ""ratings"": 32}, ""Duels"": {""rows"": 32, ""ratings"": 32}, ""Goalkeeping"": {""rows"": 2, ""ratings"": 2}}",csl_2026_capture\scrapling_raw\15552593_b7c09d979a8b.json
15552594,Chinese Super League,2026-08-01,21,accepted,32,"{""General"": {""rows"": 32, ""ratings"": 32}, ""Attacking"": {""rows"": 32, ""ratings"": 32}, ""Defending"": {""rows"": 32, ""ratings"": 32}, ""Passing"": {""rows"": 32, ""ratings"": 32}, ""Duels"": {""rows"": 32, ""ratings"": 32}, ""Goalkeeping"": {""rows"": 2, ""ratings"": 2}}",csl_2026_capture\scrapling_raw\15552594_c9d60d1001da.json
15552596,Chinese Super League,2026-08-01,21,accepted,31,"{""General"": {""rows"": 31, ""ratings"": 31}, ""Attacking"": {""rows"": 31, ""ratings"": 31}, ""Defending"": {""rows"": 31, ""ratings"": 31}, ""Passing"": {""rows"": 31, ""ratings"": 31}, ""Duels"": {""rows"": 31, ""ratings"": 31}, ""Goalkeeping"": {""rows"": 2, ""ratings"": 2}}",csl_2026_capture\scrapling_raw\15552596_31efba3e94f9.json
15552597,Chinese Super League,2026-08-01,21,accepted,32,"{""General"": {""rows"": 32, ""ratings"": 32}, ""Attacking"": {""rows"": 32, ""ratings"": 32}, ""Defending"": {""rows"": 32, ""ratings"": 32}, ""Passing"": {""rows"": 32, ""ratings"": 32}, ""Duels"": {""rows"": 32, ""ratings"": 32}, ""Goalkeeping"": {""rows"": 2, ""ratings"": 2}}",csl_2026_capture\scrapling_raw\15552597_e9b8f669a547.json
15552595,Chinese Super League,2026-08-02,21,accepted,31,"{""General"": {""rows"": 31, ""ratings"": 30}, ""Attacking"": {""rows"": 31, ""ratings"": 30}, ""Defending"": {""rows"": 31, ""ratings"": 30}, ""Passing"": {""rows"": 31, ""ratings"": 30}, ""Duels"": {""rows"": 31, ""ratings"": 30}, ""Goalkeeping"": {""rows"": 2, ""ratings"": 2}}",csl_2026_capture\scrapling_raw\15552595_9f0fb2d3ae83.json
15552598,Chinese Super League,2026-08-02,21,accepted,32,"{""General"": {""rows"": 32, ""ratings"": 32}, ""Attacking"": {""rows"": 32, ""ratings"": 32}, ""Defending"": {""rows"": 32, ""ratings"": 32}, ""Passing"": {""rows"": 32, ""ratings"": 32}, ""Duels"": {""rows"": 32, ""ratings"": 32}, ""Goalkeeping"": {""rows"": 2, ""ratings"": 2}}",csl_2026_capture\scrapling_raw\15552598_b1993fe4378f.json
15552599,Chinese Super League,2026-08-02,21,accepted,31,"{""General"": {""rows"": 31, ""ratings"": 30}, ""Attacking"": {""rows"": 31, ""ratings"": 30}, ""Defending"": {""rows"": 31, ""ratings"": 30}, ""Passing"": {""rows"": 31, ""ratings"": 30}, ""Duels"": {""rows"": 31, ""ratings"": 30}, ""Goalkeeping"": {""rows"": 2, ""ratings"": 2}}",csl_2026_capture\scrapling_raw\15552599_84597a7cb3a7.json
15552600,Chinese Super League,2026-08-07,22,accepted,30,"{""General"": {""rows"": 30, ""ratings"": 30}, ""Attacking"": {""rows"": 30, ""ratings"": 30}, ""Defending"": {""rows"": 30, ""ratings"": 30}, ""Passing"": {""rows"": 30, ""ratings"": 30}, ""Duels"": {""rows"": 30, ""ratings"": 30}, ""Goalkeeping"": {""rows"": 2, ""ratings"": 2}}",csl_2026_capture\scrapling_raw\15552600_f725716811aa.json
15552601,Chinese Super League,2026-08-08,22,accepted,31,"{""General"": {""rows"": 31, ""ratings"": 31}, ""Attacking"": {""rows"": 31, ""ratings"": 31}, ""Defending"": {""rows"": 31, ""ratings"": 31}, ""Passing"": {""rows"": 31, ""ratings"": 31}, ""Duels"": {""rows"": 31, ""ratings"": 31}, ""Goalkeeping"": {""rows"": 2, ""ratings"": 2}}",csl_2026_capture\scrapling_raw\15552601_83b69d5c3208.json
15552602,Chinese Super League,2026-08-08,22,accepted,31,"{""General"": {""rows"": 31, ""ratings"": 30}, ""Attacking"": {""rows"": 31, ""ratings"": 30}, ""Defending"": {""rows"": 31, ""ratings"": 30}, ""Passing"": {""rows"": 31, ""ratings"": 30}, ""Duels"": {""rows"": 31, ""ratings"": 30}, ""Goalkeeping"": {""rows"": 2, ""ratings"": 2}}",csl_2026_capture\scrapling_raw\15552602_b26042570e38.json
15552604,Chinese Super League,2026-08-08,22,accepted,31,"{""General"": {""rows"": 31, ""ratings"": 30}, ""Attacking"": {""rows"": 31, ""ratings"": 30}, ""Defending"": {""rows"": 31, ""ratings"": 30}, ""Passing"": {""rows"": 31, ""ratings"": 30}, ""Duels"": {""rows"": 31, ""ratings"": 30}, ""Goalkeeping"": {""rows"": 2, ""ratings"": 2}}",csl_2026_capture\scrapling_raw\15552604_09acbd3c1927.json
15552605,Chinese Super League,2026-08-09,22,accepted,28,"{""General"": {""rows"": 28, ""ratings"": 28}, ""Attacking"": {""rows"": 28, ""ratings"": 28}, ""Defending"": {""rows"": 28, ""ratings"": 28}, ""Passing"": {""rows"": 28, ""ratings"": 28}, ""Duels"": {""rows"": 28, ""ratings"": 28}, ""Goalkeeping"": {""rows"": 2, ""ratings"": 2}}",csl_2026_capture\scrapling_raw\15552605_fd33d86b82c0.json
15552606,Chinese Super League,2026-08-09,22,accepted,32,"{""General"": {""rows"": 32, ""ratings"": 32}, ""Attacking"": {""rows"": 32, ""ratings"": 32}, ""Defending"": {""rows"": 32, ""ratings"": 32}, ""Passing"": {""rows"": 32, ""ratings"": 32}, ""Duels"": {""rows"": 32, ""ratings"": 32}, ""Goalkeeping"": {""rows"": 2, ""ratings"": 2}}",csl_2026_capture\scrapling_raw\15552606_97630306e017.json
15552609,Chinese Super League,2026-08-09,22,accepted,32,"{""General"": {""rows"": 32, ""ratings"": 31}, ""Attacking"": {""rows"": 32, ""ratings"": 31}, ""Defending"": {""rows"": 32, ""ratings"": 31}, ""Passing"": {""rows"": 32, ""ratings"": 31}, ""Duels"": {""rows"": 32, ""ratings"": 31}, ""Goalkeeping"": {""rows"": 2, ""ratings"": 2}}",csl_2026_capture\scrapling_raw\15552609_ce1dc9fb8d7e.json
15552607,Chinese Super League,2026-08-14,23,accepted,31,"{""General"": {""rows"": 31, ""ratings"": 31}, ""Attacking"": {""rows"": 31, ""ratings"": 31}, ""Defending"": {""rows"": 31, ""ratings"": 31}, ""Passing"": {""rows"": 31, ""ratings"": 31}, ""Duels"": {""rows"": 31, ""ratings"": 31}, ""Goalkeeping"": {""rows"": 2, ""ratings"": 2}}",csl_2026_capture\scrapling_raw\15552607_9ec5a58a7a02.json
15552608,Chinese Super League,2026-08-14,23,accepted,32,"{""General"": {""rows"": 32, ""ratings"": 32}, ""Attacking"": {""rows"": 32, ""ratings"": 32}, ""Defending"": {""rows"": 32, ""ratings"": 32}, ""Passing"": {""rows"": 32, ""ratings"": 32}, ""Duels"": {""rows"": 32, ""ratings"": 32}, ""Goalkeeping"": {""rows"": 2, ""ratings"": 2}}",csl_2026_capture\scrapling_raw\15552608_0e129a335b84.json
15552611,Chinese Super League,2026-08-14,23,accepted,30,"{""General"": {""rows"": 30, ""ratings"": 29}, ""Attacking"": {""rows"": 30, ""ratings"": 29}, ""Defending"": {""rows"": 30, ""ratings"": 29}, ""Passing"": {""rows"": 30, ""ratings"": 29}, ""Duels"": {""rows"": 30, ""ratings"": 29}, ""Goalkeeping"": {""rows"": 2, ""ratings"": 2}}",csl_2026_capture\scrapling_raw\15552611_5735c7484333.json
15552610,Chinese Super League,2026-08-15,23,accepted,29,"{""General"": {""rows"": 29, ""ratings"": 28}, ""Attacking"": {""rows"": 29, ""ratings"": 28}, ""Defending"": {""rows"": 29, ""ratings"": 28}, ""Passing"": {""rows"": 29, ""ratings"": 28}, ""Duels"": {""rows"": 29, ""ratings"": 28}, ""Goalkeeping"": {""rows"": 2, ""ratings"": 2}}",csl_2026_capture\scrapling_raw\15552610_f8b506d5631a.json
15552612,Chinese Super League,2026-08-15,23,accepted,30,"{""General"": {""rows"": 30, ""ratings"": 30}, ""Attacking"": {""rows"": 30, ""ratings"": 30}, ""Defending"": {""rows"": 30, ""ratings"": 30}, ""Passing"": {""rows"": 30, ""ratings"": 30}, ""Duels"": {""rows"": 30, ""ratings"": 30}, ""Goalkeeping"": {""rows"": 2, ""ratings"": 2}}",csl_2026_capture\scrapling_raw\15552612_c00ef7ace400.json
15552613,Chinese Super League,2026-08-15,23,accepted,32,"{""General"": {""rows"": 32, ""ratings"": 32}, ""Attacking"": {""rows"": 32, ""ratings"": 32}, ""Defending"": {""rows"": 32, ""ratings"": 32}, ""Passing"": {""rows"": 32, ""ratings"": 32}, ""Duels"": {""rows"": 32, ""ratings"": 32}, ""Goalkeeping"": {""rows"": 2, ""ratings"": 2}}",csl_2026_capture\scrapling_raw\15552613_22700942829a.json
15552614,Chinese Super League,2026-08-15,23,accepted,32,"{""General"": {""rows"": 32, ""ratings"": 32}, ""Attacking"": {""rows"": 32, ""ratings"": 32}, ""Defending"": {""rows"": 32, ""ratings"": 32}, ""Passing"": {""rows"": 32, ""ratings"": 32}, ""Duels"": {""rows"": 32, ""ratings"": 32}, ""Goalkeeping"": {""rows"": 2, ""ratings"": 2}}",csl_2026_capture\scrapling_raw\15552614_ed9dd57afe60.json
15552615,Chinese Super League,2026-08-15,23,accepted,31,"{""General"": {""rows"": 31, ""ratings"": 31}, ""Attacking"": {""rows"": 31, ""ratings"": 31}, ""Defending"": {""rows"": 31, ""ratings"": 31}, ""Passing"": {""rows"": 31, ""ratings"": 31}, ""Duels"": {""rows"": 31, ""ratings"": 31}, ""Goalkeeping"": {""rows"": 2, ""ratings"": 2}}",csl_2026_capture\scrapling_raw\15552615_8ed86df1408e.json
16851672,Chinese Super League,2026-08-18,18,accepted,31,"{""General"": {""rows"": 31, ""ratings"": 30}, ""Attacking"": {""rows"": 31, ""ratings"": 30}, ""Defending"": {""rows"": 31, ""ratings"": 30}, ""Passing"": {""rows"": 31, ""ratings"": 30}, ""Duels"": {""rows"": 31, ""ratings"": 30}, ""Goalkeeping"": {""rows"": 2, ""ratings"": 2}}",csl_2026_capture\scrapling_raw\16851672_13476a8d14fc.json
16851577,Chinese Super League,2026-08-19,18,accepted,34,"{""General"": {""rows"": 34, ""ratings"": 33}, ""Attacking"": {""rows"": 34, ""ratings"": 33}, ""Defending"": {""rows"": 34, ""ratings"": 33}, ""Passing"": {""rows"": 34, ""ratings"": 33}, ""Duels"": {""rows"": 34, ""ratings"": 33}, ""Goalkeeping"": {""rows"": 2, ""ratings"": 2}}",csl_2026_capture\scrapling_raw\16851577_ef2e7376bbcb.json
15552616,Chinese Super League,2026-08-22,24,accepted,32,"{""General"": {""rows"": 32, ""ratings"": 30}, ""Attacking"": {""rows"": 32, ""ratings"": 30}, ""Defending"": {""rows"": 32, ""ratings"": 30}, ""Passing"": {""rows"": 32, ""ratings"": 30}, ""Duels"": {""rows"": 32, ""ratings"": 30}, ""Goalkeeping"": {""rows"": 2, ""ratings"": 2}}",csl_2026_capture\scrapling_raw\15552616_08f89d5a3a70.json
15552617,Chinese Super League,2026-08-22,24,accepted,31,"{""General"": {""rows"": 31, ""ratings"": 30}, ""Attacking"": {""rows"": 31, ""ratings"": 30}, ""Defending"": {""rows"": 31, ""ratings"": 30}, ""Passing"": {""rows"": 31, ""ratings"": 30}, ""Duels"": {""rows"": 31, ""ratings"": 30}, ""Goalkeeping"": {""rows"": 2, ""ratings"": 2}}",csl_2026_capture\scrapling_raw\15552617_3f5259d350da.json
15552618,Chinese Super League,2026-08-22,24,accepted,29,"{""General"": {""rows"": 29, ""ratings"": 28}, ""Attacking"": {""rows"": 29, ""ratings"": 28}, ""Defending"": {""rows"": 29, ""ratings"": 28}, ""Passing"": {""rows"": 29, ""ratings"": 28}, ""Duels"": {""rows"": 29, ""ratings"": 28}, ""Goalkeeping"": {""rows"": 2, ""ratings"": 2}}",csl_2026_capture\scrapling_raw\15552618_9edada38df09.json
15552619,Chinese Super League,2026-08-22,24,accepted,30,"{""General"": {""rows"": 30, ""ratings"": 30}, ""Attacking"": {""rows"": 30, ""ratings"": 30}, ""Defending"": {""rows"": 30, ""ratings"": 30}, ""Passing"": {""rows"": 30, ""ratings"": 30}, ""Duels"": {""rows"": 30, ""ratings"": 30}, ""Goalkeeping"": {""rows"": 2, ""ratings"": 2}}",csl_2026_capture\scrapling_raw\15552619_a5e8b75cb023.json
15552621,Chinese Super League,2026-08-22,24,accepted,31,"{""General"": {""rows"": 31, ""ratings"": 31}, ""Attacking"": {""rows"": 31, ""ratings"": 31}, ""Defending"": {""rows"": 31, ""ratings"": 31}, ""Passing"": {""rows"": 31, ""ratings"": 31}, ""Duels"": {""rows"": 31, ""ratings"": 31}, ""Goalkeeping"": {""rows"": 2, ""ratings"": 2}}",csl_2026_capture\scrapling_raw\15552621_e57175157a10.json
15552620,Chinese Super League,2026-08-23,24,accepted,32,"{""General"": {""rows"": 32, ""ratings"": 32}, ""Attacking"": {""rows"": 32, ""ratings"": 32}, ""Defending"": {""rows"": 32, ""ratings"": 32}, ""Passing"": {""rows"": 32, ""ratings"": 32}, ""Duels"": {""rows"": 32, ""ratings"": 32}, ""Goalkeeping"": {""rows"": 2, ""ratings"": 2}}",csl_2026_capture\scrapling_raw\15552620_92dc6752a287.json
15552622,Chinese Super League,2026-08-23,24,accepted,30,"{""General"": {""rows"": 30, ""ratings"": 30}, ""Attacking"": {""rows"": 30, ""ratings"": 30}, ""Defending"": {""rows"": 30, ""ratings"": 30}, ""Passing"": {""rows"": 30, ""ratings"": 30}, ""Duels"": {""rows"": 30, ""ratings"": 30}, ""Goalkeeping"": {""rows"": 2, ""ratings"": 2}}",csl_2026_capture\scrapling_raw\15552622_b5cb5cfbe4bb.json
15552623,Chinese Super League,2026-08-23,24,accepted,31,"{""General"": {""rows"": 31, ""ratings"": 29}, ""Attacking"": {""rows"": 31, ""ratings"": 29}, ""Defending"": {""rows"": 31, ""ratings"": 29}, ""Passing"": {""rows"": 31, ""ratings"": 29}, ""Duels"": {""rows"": 31, ""ratings"": 29}, ""Goalkeeping"": {""rows"": 2, ""ratings"": 2}}",csl_2026_capture\scrapling_raw\15552623_ad9c4dcd7dd7.json
15552624,Chinese Super League,2026-08-28,25,accepted,29,"{""General"": {""rows"": 29, ""ratings"": 29}, ""Attacking"": {""rows"": 29, ""ratings"": 29}, ""Defending"": {""rows"": 29, ""ratings"": 29}, ""Passing"": {""rows"": 29, ""ratings"": 29}, ""Duels"": {""rows"": 29, ""ratings"": 29}, ""Goalkeeping"": {""rows"": 2, ""ratings"": 2}}",csl_2026_capture\scrapling_raw\15552624_6a6f41c5187b.json
15552625,Chinese Super League,2026-08-28,25,accepted,32,"{""General"": {""rows"": 32, ""ratings"": 32}, ""Attacking"": {""rows"": 32, ""ratings"": 32}, ""Defending"": {""rows"": 32, ""ratings"": 32}, ""Passing"": {""rows"": 32, ""ratings"": 32}, ""Duels"": {""rows"": 32, ""ratings"": 32}, ""Goalkeeping"": {""rows"": 2, ""ratings"": 2}}",csl_2026_capture\scrapling_raw\15552625_0a6bf12d1058.json
15552629,Chinese Super League,2026-08-28,25,accepted,32,"{""General"": {""rows"": 32, ""ratings"": 32}, ""Attacking"": {""rows"": 32, ""ratings"": 32}, ""Defending"": {""rows"": 32, ""ratings"": 32}, ""Passing"": {""rows"": 32, ""ratings"": 32}, ""Duels"": {""rows"": 32, ""ratings"": 32}, ""Goalkeeping"": {""rows"": 2, ""ratings"": 2}}",csl_2026_capture\scrapling_raw\15552629_e40eb4b91f68.json
15552626,Chinese Super League,2026-08-29,25,accepted,32,"{""General"": {""rows"": 32, ""ratings"": 32}, ""Attacking"": {""rows"": 32, ""ratings"": 32}, ""Defending"": {""rows"": 32, ""ratings"": 32}, ""Passing"": {""rows"": 32, ""ratings"": 32}, ""Duels"": {""rows"": 32, ""ratings"": 32}, ""Goalkeeping"": {""rows"": 2, ""ratings"": 2}}",csl_2026_capture\scrapling_raw\15552626_e8dc7c54c58e.json
15552627,Chinese Super League,2026-08-29,25,accepted,31,"{""General"": {""rows"": 31, ""ratings"": 31}, ""Attacking"": {""rows"": 31, ""ratings"": 31}, ""Defending"": {""rows"": 31, ""ratings"": 31}, ""Passing"": {""rows"": 31, ""ratings"": 31}, ""Duels"": {""rows"": 31, ""ratings"": 31}, ""Goalkeeping"": {""rows"": 2, ""ratings"": 2}}",csl_2026_capture\scrapling_raw\15552627_41a2ae38e458.json
15552628,Chinese Super League,2026-08-29,25,accepted,33,"{""General"": {""rows"": 33, ""ratings"": 33}, ""Attacking"": {""rows"": 33, ""ratings"": 33}, ""Defending"": {""rows"": 33, ""ratings"": 33}, ""Passing"": {""rows"": 33, ""ratings"": 33}, ""Duels"": {""rows"": 33, ""ratings"": 33}, ""Goalkeeping"": {""rows"": 2, ""ratings"": 2}}",csl_2026_capture\scrapling_raw\15552628_29f335e9cde6.json
15552630,Chinese Super League,2026-08-29,25,accepted,31,"{""General"": {""rows"": 31, ""ratings"": 30}, ""Attacking"": {""rows"": 31, ""ratings"": 30}, ""Defending"": {""rows"": 31, ""ratings"": 30}, ""Passing"": {""rows"": 31, ""ratings"": 30}, ""Duels"": {""rows"": 31, ""ratings"": 30}, ""Goalkeeping"": {""rows"": 2, ""ratings"": 2}}",csl_2026_capture\scrapling_raw\15552630_12456ff85479.json
15552631,Chinese Super League,2026-08-29,25,accepted,32,"{""General"": {""rows"": 32, ""ratings"": 30}, ""Attacking"": {""rows"": 32, ""ratings"": 30}, ""Defending"": {""rows"": 32, ""ratings"": 30}, ""Passing"": {""rows"": 32, ""ratings"": 30}, ""Duels"": {""rows"": 32, ""ratings"": 30}, ""Goalkeeping"": {""rows"": 2, ""ratings"": 2}}",csl_2026_capture\scrapling_raw\15552631_ef0396355893.json
15552632,Chinese Super League,2026-09-05,26,accepted,29,"{""General"": {""rows"": 29, ""ratings"": 29}, ""Attacking"": {""rows"": 29, ""ratings"": 29}, ""Defending"": {""rows"": 29, ""ratings"": 29}, ""Passing"": {""rows"": 29, ""ratings"": 29}, ""Duels"": {""rows"": 29, ""ratings"": 29}, ""Goalkeeping"": {""rows"": 2, ""ratings"": 2}}",csl_2026_capture\scrapling_raw\15552632_997cb5b759ab.json
15552633,Chinese Super League,2026-09-05,26,accepted,31,"{""General"": {""rows"": 31, ""ratings"": 29}, ""Attacking"": {""rows"": 31, ""ratings"": 29}, ""Defending"": {""rows"": 31, ""ratings"": 29}, ""Passing"": {""rows"": 31, ""ratings"": 29}, ""Duels"": {""rows"": 31, ""ratings"": 29}, ""Goalkeeping"": {""rows"": 2, ""ratings"": 2}}",csl_2026_capture\scrapling_raw\15552633_15397ab3f5f8.json
15552634,Chinese Super League,2026-09-05,26,accepted,31,"{""General"": {""rows"": 31, ""ratings"": 30}, ""Attacking"": {""rows"": 31, ""ratings"": 30}, ""Defending"": {""rows"": 31, ""ratings"": 30}, ""Passing"": {""rows"": 31, ""ratings"": 30}, ""Duels"": {""rows"": 31, ""ratings"": 30}, ""Goalkeeping"": {""rows"": 2, ""ratings"": 2}}",csl_2026_capture\scrapling_raw\15552634_8cd535f0bc45.json
15552635,Chinese Super League,2026-09-05,26,accepted,31,"{""General"": {""rows"": 31, ""ratings"": 29}, ""Attacking"": {""rows"": 31, ""ratings"": 29}, ""Defending"": {""rows"": 31, ""ratings"": 29}, ""Passing"": {""rows"": 31, ""ratings"": 29}, ""Duels"": {""rows"": 31, ""ratings"": 29}, ""Goalkeeping"": {""rows"": 2, ""ratings"": 2}}",csl_2026_capture\scrapling_raw\15552635_21f9bb410d78.json
15552636,Chinese Super League,2026-09-06,26,accepted,32,"{""General"": {""rows"": 32, ""ratings"": 30}, ""Attacking"": {""rows"": 32, ""ratings"": 30}, ""Defending"": {""rows"": 32, ""ratings"": 30}, ""Passing"": {""rows"": 32, ""ratings"": 30}, ""Duels"": {""rows"": 32, ""ratings"": 30}, ""Goalkeeping"": {""rows"": 2, ""ratings"": 2}}",csl_2026_capture\scrapling_raw\15552636_3b0c63a0db87.json
15552638,Chinese Super League,2026-09-06,26,accepted,29,"{""General"": {""rows"": 29, ""ratings"": 27}, ""Attacking"": {""rows"": 29, ""ratings"": 27}, ""Defending"": {""rows"": 29, ""ratings"": 27}, ""Passing"": {""rows"": 29, ""ratings"": 27}, ""Duels"": {""rows"": 29, ""ratings"": 27}, ""Goalkeeping"": {""rows"": 2, ""ratings"": 2}}",csl_2026_capture\scrapling_raw\15552638_18aac67b8088.json
15552640,Chinese Super League,2026-09-06,26,accepted,32,"{""General"": {""rows"": 32, ""ratings"": 30}, ""Attacking"": {""rows"": 32, ""ratings"": 30}, ""Defending"": {""rows"": 32, ""ratings"": 30}, ""Passing"": {""rows"": 32, ""ratings"": 30}, ""Duels"": {""rows"": 32, ""ratings"": 30}, ""Goalkeeping"": {""rows"": 2, ""ratings"": 2}}",csl_2026_capture\scrapling_raw\15552640_f8bb6924c6fb.json
15552641,Chinese Super League,2026-09-06,26,accepted,28,"{""General"": {""rows"": 28, ""ratings"": 25}, ""Attacking"": {""rows"": 28, ""ratings"": 25}, ""Defending"": {""rows"": 28, ""ratings"": 25}, ""Passing"": {""rows"": 28, ""ratings"": 25}, ""Duels"": {""rows"": 28, ""ratings"": 25}, ""Goalkeeping"": {""rows"": 2, ""ratings"": 2}}",csl_2026_capture\scrapling_raw\15552641_8096abb8701a.json
17040294,Chinese Super League,2026-09-12,18,accepted,30,"{""General"": {""rows"": 30, ""ratings"": 27}, ""Attacking"": {""rows"": 30, ""ratings"": 27}, ""Defending"": {""rows"": 30, ""ratings"": 27}, ""Passing"": {""rows"": 30, ""ratings"": 27}, ""Duels"": {""rows"": 30, ""ratings"": 27}, ""Goalkeeping"": {""rows"": 2, ""ratings"": 2}}",csl_2026_capture\scrapling_raw\17040294_262cdf3fb9bc.json
17047314,Chinese Super League,2026-09-12,18,accepted,32,"{""General"": {""rows"": 32, ""ratings"": 30}, ""Attacking"": {""rows"": 32, ""ratings"": 30}, ""Defending"": {""rows"": 32, ""ratings"": 30}, ""Passing"": {""rows"": 32, ""ratings"": 30}, ""Duels"": {""rows"": 32, ""ratings"": 30}, ""Goalkeeping"": {""rows"": 2, ""ratings"": 2}}",csl_2026_capture\scrapling_raw\17047314_f835eee05965.json
16863670,AFC Champions League Elite,2026-09-15,Round 1,accepted,32,"{""General"": {""rows"": 32, ""ratings"": 32}, ""Attacking"": {""rows"": 32, ""ratings"": 32}, ""Defending"": {""rows"": 32, ""ratings"": 32}, ""Passing"": {""rows"": 32, ""ratings"": 32}, ""Duels"": {""rows"": 32, ""ratings"": 32}, ""Goalkeeping"": {""rows"": 2, ""ratings"": 2}}",csl_2026_capture\scrapling_raw\16863670_00c51478f8a1.json
16863671,AFC Champions League Elite,2026-09-15,Round 1,accepted,32,"{""General"": {""rows"": 32, ""ratings"": 32}, ""Attacking"": {""rows"": 32, ""ratings"": 32}, ""Defending"": {""rows"": 32, ""ratings"": 32}, ""Passing"": {""rows"": 32, ""ratings"": 32}, ""Duels"": {""rows"": 32, ""ratings"": 32}, ""Goalkeeping"": {""rows"": 2, ""ratings"": 2}}",csl_2026_capture\scrapling_raw\16863671_9ba0cd9a01b5.json
16864092,AFC Champions League Two,2026-09-17,Round 1,accepted,30,"{""General"": {""rows"": 30, ""ratings"": 28}, ""Attacking"": {""rows"": 30, ""ratings"": 28}, ""Defending"": {""rows"": 30, ""ratings"": 28}, ""Passing"": {""rows"": 30, ""ratings"": 28}, ""Duels"": {""rows"": 30, ""ratings"": 28}, ""Goalkeeping"": {""rows"": 2, ""ratings"": 2}}",csl_2026_capture\scrapling_raw\16864092_3b32c7bea567.json
17040296,Chinese Super League,2026-09-18,22,accepted,32,"{""General"": {""rows"": 32, ""ratings"": 29}, ""Attacking"": {""rows"": 32, ""ratings"": 29}, ""Defending"": {""rows"": 32, ""ratings"": 29}, ""Passing"": {""rows"": 32, ""ratings"": 29}, ""Duels"": {""rows"": 32, ""ratings"": 29}, ""Goalkeeping"": {""rows"": 2, ""ratings"": 2}}",csl_2026_capture\scrapling_raw\17040296_7ee164ecba11.json
