observed_on,season_year,round,match_date,competition,competition_id,competition_season_id,match_id,status,home_team,away_team,home_goals,away_goals,source_url,source
2026-09-27,2026,1,2026-03-06,Chinese Super League,649,90049,15551883,finished,Chengdu Rongcheng,Shenzhen Peng City,5,1,https://www.sofascore.com/football/match/shenzhen-peng-city-chengdu-rongcheng/QzNbsGBmc#id:15551883,Sofascore rendered tournament round card
2026-09-27,2026,1,2026-03-07,Chinese Super League,649,90049,15549789,finished,Shanghai Shenhua,Dalian Yingbo FC,5,3,https://www.sofascore.com/football/match/dalian-yingbo-fc-shanghai-shenhua/yrbsRZOd#id:15549789,Sofascore rendered tournament round card
2026-09-27,2026,1,2026-03-07,Chinese Super League,649,90049,15551884,finished,Tianjin Jinmen Tiger,Chongqing Tonglianglong FC,0,0,https://www.sofascore.com/football/match/chongqing-tonglianglong-fc-tianjin-jinmen-tiger/rrbsOZOd#id:15551884,Sofascore rendered tournament round card
2026-09-27,2026,1,2026-03-07,Chinese Super League,649,90049,15551885,finished,Shandong Taishan,Liaoning Tieren FC,3,0,https://www.sofascore.com/football/match/liaoning-tieren-fc-shandong-taishan/wrbsPzNb#id:15551885,Sofascore rendered tournament round card
2026-09-27,2026,1,2026-03-07,Chinese Super League,649,90049,15551886,finished,Shanghai Port,Henan FC,1,2,https://www.sofascore.com/football/match/shanghai-port-henan-fc-jiuzu-dukang/RTnsMFq#id:15551886,Sofascore rendered tournament round card
2026-09-27,2026,1,2026-03-07,Chinese Super League,649,90049,15551887,finished,Yunnan Yukun,Qingdao Hainiu,3,1,https://www.sofascore.com/football/match/yunnan-yukun-qingdao-hainiu/VTnsQZOd#id:15551887,Sofascore rendered tournament round card
2026-09-27,2026,1,2026-03-08,Chinese Super League,649,90049,15551888,finished,Zhejiang,Qingdao West Coast,2,0,https://www.sofascore.com/football/match/qingdao-west-coast-zhejiang/XTnsHPXc#id:15551888,Sofascore rendered tournament round card
2026-09-27,2026,1,2026-03-08,Chinese Super League,649,90049,15551889,finished,Wuhan Three Towns,Beijing Guoan,0,2,https://www.sofascore.com/football/match/wuhan-three-towns-beijing-guoan/Brbscdtc#id:15551889,Sofascore rendered tournament round card
2026-09-27,2026,2,2026-03-13,Chinese Super League,649,90049,15551890,finished,Wuhan Three Towns,Dalian Yingbo FC,4,1,https://www.sofascore.com/football/match/dalian-yingbo-fc-wuhan-three-towns/cdtcsRZOd#id:15551890,Sofascore rendered tournament round card
2026-09-27,2026,2,2026-03-14,Chinese Super League,649,90049,15551891,finished,Shandong Taishan,Beijing Guoan,2,1,https://www.sofascore.com/football/match/beijing-guoan-shandong-taishan/wrbsBrb#id:15551891,Sofascore rendered tournament round card
2026-09-27,2026,2,2026-03-14,Chinese Super League,649,90049,15551892,finished,Zhejiang,Shanghai Shenhua,1,1,https://www.sofascore.com/football/match/zhejiang-shanghai-shenhua/yrbsXTn#id:15551892,Sofascore rendered tournament round card
2026-09-27,2026,2,2026-03-14,Chinese Super League,649,90049,15551893,finished,Chongqing Tonglianglong FC,Liaoning Tieren FC,1,0,https://www.sofascore.com/football/match/chongqing-tonglianglong-fc-liaoning-tieren-fc/PzNbsOZOd#id:15551893,Sofascore rendered tournament round card
2026-09-27,2026,2,2026-03-14,Chinese Super League,649,90049,15551894,finished,Shenzhen Peng City,Tianjin Jinmen Tiger,1,0,https://www.sofascore.com/football/match/shenzhen-peng-city-tianjin-jinmen-tiger/rrbsGBmc#id:15551894,Sofascore rendered tournament round card
2026-09-27,2026,2,2026-03-15,Chinese Super League,649,90049,15551895,finished,Henan FC,Yunnan Yukun,2,1,https://www.sofascore.com/football/match/yunnan-yukun-henan-fc-jiuzu-dukang/RTnsQZOd#id:15551895,Sofascore rendered tournament round card
2026-09-27,2026,2,2026-03-15,Chinese Super League,649,90049,15551896,finished,Shanghai Port,Qingdao West Coast,4,1,https://www.sofascore.com/football/match/qingdao-west-coast-shanghai-port/MFqsHPXc#id:15551896,Sofascore rendered tournament round card
2026-09-27,2026,2,2026-03-15,Chinese Super League,649,90049,15551897,finished,Chengdu Rongcheng,Qingdao Hainiu,1,0,https://www.sofascore.com/football/match/chengdu-rongcheng-qingdao-hainiu/VTnsQzNb#id:15551897,Sofascore rendered tournament round card
2026-09-27,2026,3,2026-03-20,Chinese Super League,649,90049,15551898,finished,Dalian Yingbo FC,Shanghai Port,1,0,https://www.sofascore.com/football/match/dalian-yingbo-fc-shanghai-port/MFqsRZOd#id:15551898,Sofascore rendered tournament round card
2026-09-27,2026,3,2026-03-20,Chinese Super League,649,90049,15551899,finished,Qingdao Hainiu,Zhejiang,1,4,https://www.sofascore.com/football/match/zhejiang-qingdao-hainiu/VTnsXTn#id:15551899,Sofascore rendered tournament round card
2026-09-27,2026,3,2026-03-21,Chinese Super League,649,90049,15549792,finished,Henan FC,Wuhan Three Towns,1,1,https://www.sofascore.com/football/match/wuhan-three-towns-henan-fc-jiuzu-dukang/RTnscdtc#id:15549792,Sofascore rendered tournament round card
2026-09-27,2026,3,2026-03-21,Chinese Super League,649,90049,15551900,finished,Beijing Guoan,Shanghai Shenhua,1,1,https://www.sofascore.com/football/match/beijing-guoan-shanghai-shenhua/yrbsBrb#id:15551900,Sofascore rendered tournament round card
2026-09-27,2026,3,2026-03-21,Chinese Super League,649,90049,15551901,finished,Liaoning Tieren FC,Tianjin Jinmen Tiger,3,0,https://www.sofascore.com/football/match/liaoning-tieren-fc-tianjin-jinmen-tiger/rrbsPzNb#id:15551901,Sofascore rendered tournament round card
2026-09-27,2026,3,2026-03-21,Chinese Super League,649,90049,15551902,finished,Chongqing Tonglianglong FC,Chengdu Rongcheng,3,3,https://www.sofascore.com/football/match/chongqing-tonglianglong-fc-chengdu-rongcheng/QzNbsOZOd#id:15551902,Sofascore rendered tournament round card
2026-09-27,2026,3,2026-03-21,Chinese Super League,649,90049,15551903,finished,Qingdao West Coast,Shenzhen Peng City,1,0,https://www.sofascore.com/football/match/qingdao-west-coast-shenzhen-peng-city/GBmcsHPXc#id:15551903,Sofascore rendered tournament round card
2026-09-27,2026,3,2026-03-21,Chinese Super League,649,90049,15551904,finished,Yunnan Yukun,Shandong Taishan,4,0,https://www.sofascore.com/football/match/yunnan-yukun-shandong-taishan/wrbsQZOd#id:15551904,Sofascore rendered tournament round card
2026-09-27,2026,4,2026-04-03,Chinese Super League,649,90049,15551905,finished,Chengdu Rongcheng,Qingdao West Coast,5,1,https://www.sofascore.com/football/match/qingdao-west-coast-chengdu-rongcheng/QzNbsHPXc#id:15551905,Sofascore rendered tournament round card
2026-09-27,2026,4,2026-04-04,Chinese Super League,649,90049,15551906,finished,Qingdao Hainiu,Henan FC,1,0,https://www.sofascore.com/football/match/qingdao-hainiu-henan-fc-jiuzu-dukang/RTnsVTn#id:15551906,Sofascore rendered tournament round card
2026-09-27,2026,4,2026-04-04,Chinese Super League,649,90049,15552476,finished,Liaoning Tieren FC,Beijing Guoan,2,1,https://www.sofascore.com/football/match/liaoning-tieren-fc-beijing-guoan/BrbsPzNb#id:15552476,Sofascore rendered tournament round card
2026-09-27,2026,4,2026-04-04,Chinese Super League,649,90049,15552477,finished,Shandong Taishan,Dalian Yingbo FC,1,2,https://www.sofascore.com/football/match/dalian-yingbo-fc-shandong-taishan/wrbsRZOd#id:15552477,Sofascore rendered tournament round card
2026-09-27,2026,4,2026-04-04,Chinese Super League,649,90049,15552479,finished,Shanghai Port,Yunnan Yukun,2,1,https://www.sofascore.com/football/match/yunnan-yukun-shanghai-port/MFqsQZOd#id:15552479,Sofascore rendered tournament round card
2026-09-27,2026,4,2026-04-05,Chinese Super League,649,90049,15552480,finished,Tianjin Jinmen Tiger,Shanghai Shenhua,2,3,https://www.sofascore.com/football/match/shanghai-shenhua-tianjin-jinmen-tiger/rrbsyrb#id:15552480,Sofascore rendered tournament round card
2026-09-27,2026,4,2026-04-05,Chinese Super League,649,90049,15552481,finished,Zhejiang,Chongqing Tonglianglong FC,0,1,https://www.sofascore.com/football/match/chongqing-tonglianglong-fc-zhejiang/XTnsOZOd#id:15552481,Sofascore rendered tournament round card
2026-09-27,2026,4,2026-04-05,Chinese Super League,649,90049,15552482,finished,Shenzhen Peng City,Wuhan Three Towns,5,2,https://www.sofascore.com/football/match/wuhan-three-towns-shenzhen-peng-city/GBmcscdtc#id:15552482,Sofascore rendered tournament round card
2026-09-27,2026,5,2026-04-10,Chinese Super League,649,90049,15552483,finished,Dalian Yingbo FC,Zhejiang,3,0,https://www.sofascore.com/football/match/dalian-yingbo-fc-zhejiang/XTnsRZOd#id:15552483,Sofascore rendered tournament round card
2026-09-27,2026,5,2026-04-11,Chinese Super League,649,90049,15552484,finished,Qingdao West Coast,Liaoning Tieren FC,1,1,https://www.sofascore.com/football/match/qingdao-west-coast-liaoning-tieren-fc/PzNbsHPXc#id:15552484,Sofascore rendered tournament round card
2026-09-27,2026,5,2026-04-11,Chinese Super League,649,90049,15552485,finished,Chongqing Tonglianglong FC,Wuhan Three Towns,2,1,https://www.sofascore.com/football/match/chongqing-tonglianglong-fc-wuhan-three-towns/cdtcsOZOd#id:15552485,Sofascore rendered tournament round card
2026-09-27,2026,5,2026-04-11,Chinese Super League,649,90049,15552486,finished,Henan FC,Shandong Taishan,0,1,https://www.sofascore.com/football/match/henan-fc-jiuzu-dukang-shandong-taishan/wrbsRTn#id:15552486,Sofascore rendered tournament round card
2026-09-27,2026,5,2026-04-11,Chinese Super League,649,90049,15552487,finished,Shanghai Shenhua,Shanghai Port,1,0,https://www.sofascore.com/football/match/shanghai-port-shanghai-shenhua/yrbsMFq#id:15552487,Sofascore rendered tournament round card
2026-09-27,2026,5,2026-04-12,Chinese Super League,649,90049,15552488,finished,Tianjin Jinmen Tiger,Qingdao Hainiu,1,1,https://www.sofascore.com/football/match/qingdao-hainiu-tianjin-jinmen-tiger/rrbsVTn#id:15552488,Sofascore rendered tournament round card
2026-09-27,2026,5,2026-04-12,Chinese Super League,649,90049,15552489,finished,Beijing Guoan,Chengdu Rongcheng,1,2,https://www.sofascore.com/football/match/chengdu-rongcheng-beijing-guoan/BrbsQzNb#id:15552489,Sofascore rendered tournament round card
2026-09-27,2026,5,2026-04-12,Chinese Super League,649,90049,15552490,finished,Shenzhen Peng City,Yunnan Yukun,3,4,https://www.sofascore.com/football/match/yunnan-yukun-shenzhen-peng-city/GBmcsQZOd#id:15552490,Sofascore rendered tournament round card
2026-09-27,2026,6,2026-04-17,Chinese Super League,649,90049,15552491,finished,Qingdao Hainiu,Qingdao West Coast,0,0,https://www.sofascore.com/football/match/qingdao-west-coast-qingdao-hainiu/VTnsHPXc#id:15552491,Sofascore rendered tournament round card
2026-09-27,2026,6,2026-04-17,Chinese Super League,649,90049,15552492,finished,Shandong Taishan,Shanghai Port,1,1,https://www.sofascore.com/football/match/shanghai-port-shandong-taishan/wrbsMFq#id:15552492,Sofascore rendered tournament round card
2026-09-27,2026,6,2026-04-17,Chinese Super League,649,90049,15552493,finished,Zhejiang,Beijing Guoan,0,0,https://www.sofascore.com/football/match/zhejiang-beijing-guoan/BrbsXTn#id:15552493,Sofascore rendered tournament round card
2026-09-27,2026,6,2026-04-17,Chinese Super League,649,90049,15552494,finished,Chongqing Tonglianglong FC,Shenzhen Peng City,2,0,https://www.sofascore.com/football/match/chongqing-tonglianglong-fc-shenzhen-peng-city/GBmcsOZOd#id:15552494,Sofascore rendered tournament round card
2026-09-27,2026,6,2026-04-17,Chinese Super League,649,90049,15552495,finished,Wuhan Three Towns,Chengdu Rongcheng,0,1,https://www.sofascore.com/football/match/wuhan-three-towns-chengdu-rongcheng/QzNbscdtc#id:15552495,Sofascore rendered tournament round card
2026-09-27,2026,6,2026-04-17,Chinese Super League,649,90049,15552497,finished,Yunnan Yukun,Tianjin Jinmen Tiger,0,3,https://www.sofascore.com/football/match/yunnan-yukun-tianjin-jinmen-tiger/rrbsQZOd#id:15552497,Sofascore rendered tournament round card
2026-09-27,2026,6,2026-04-18,Chinese Super League,649,90049,15552496,finished,Dalian Yingbo FC,Henan FC,2,1,https://www.sofascore.com/football/match/dalian-yingbo-fc-henan-fc-jiuzu-dukang/RTnsRZOd#id:15552496,Sofascore rendered tournament round card
2026-09-27,2026,6,2026-04-18,Chinese Super League,649,90049,15552500,finished,Shanghai Shenhua,Liaoning Tieren FC,3,1,https://www.sofascore.com/football/match/liaoning-tieren-fc-shanghai-shenhua/yrbsPzNb#id:15552500,Sofascore rendered tournament round card
2026-09-27,2026,7,2026-04-21,Chinese Super League,649,90049,15552498,finished,Shenzhen Peng City,Beijing Guoan,0,1,https://www.sofascore.com/football/match/shenzhen-peng-city-beijing-guoan/BrbsGBmc#id:15552498,Sofascore rendered tournament round card
2026-09-27,2026,7,2026-04-21,Chinese Super League,649,90049,15552499,finished,Chengdu Rongcheng,Yunnan Yukun,2,1,https://www.sofascore.com/football/match/yunnan-yukun-chengdu-rongcheng/QzNbsQZOd#id:15552499,Sofascore rendered tournament round card
2026-09-27,2026,7,2026-04-21,Chinese Super League,649,90049,15552501,finished,Wuhan Three Towns,Zhejiang,2,0,https://www.sofascore.com/football/match/wuhan-three-towns-zhejiang/XTnscdtc#id:15552501,Sofascore rendered tournament round card
2026-09-27,2026,7,2026-04-21,Chinese Super League,649,90049,15552502,finished,Shanghai Port,Chongqing Tonglianglong FC,1,2,https://www.sofascore.com/football/match/chongqing-tonglianglong-fc-shanghai-port/MFqsOZOd#id:15552502,Sofascore rendered tournament round card
2026-09-27,2026,7,2026-04-21,Chinese Super League,649,90049,15552503,finished,Tianjin Jinmen Tiger,Shandong Taishan,1,2,https://www.sofascore.com/football/match/shandong-taishan-tianjin-jinmen-tiger/rrbswrb#id:15552503,Sofascore rendered tournament round card
2026-09-27,2026,7,2026-04-22,Chinese Super League,649,90049,15552505,finished,Qingdao West Coast,Henan FC,0,0,https://www.sofascore.com/football/match/qingdao-west-coast-henan-fc-jiuzu-dukang/RTnsHPXc#id:15552505,Sofascore rendered tournament round card
2026-09-27,2026,7,2026-04-22,Chinese Super League,649,90049,15552506,finished,Liaoning Tieren FC,Dalian Yingbo FC,0,1,https://www.sofascore.com/football/match/dalian-yingbo-fc-liaoning-tieren-fc/PzNbsRZOd#id:15552506,Sofascore rendered tournament round card
2026-09-27,2026,7,2026-04-22,Chinese Super League,649,90049,15552508,finished,Shanghai Shenhua,Qingdao Hainiu,2,0,https://www.sofascore.com/football/match/qingdao-hainiu-shanghai-shenhua/yrbsVTn#id:15552508,Sofascore rendered tournament round card
2026-09-27,2026,8,2026-04-25,Chinese Super League,649,90049,15552504,finished,Chengdu Rongcheng,Zhejiang,4,0,https://www.sofascore.com/football/match/chengdu-rongcheng-zhejiang/XTnsQzNb#id:15552504,Sofascore rendered tournament round card
2026-09-27,2026,8,2026-04-25,Chinese Super League,649,90049,15552507,finished,Beijing Guoan,Tianjin Jinmen Tiger,2,4,https://www.sofascore.com/football/match/beijing-guoan-tianjin-jinmen-tiger/rrbsBrb#id:15552507,Sofascore rendered tournament round card
2026-09-27,2026,8,2026-04-25,Chinese Super League,649,90049,15552511,finished,Shanghai Port,Wuhan Three Towns,4,0,https://www.sofascore.com/football/match/wuhan-three-towns-shanghai-port/MFqscdtc#id:15552511,Sofascore rendered tournament round card
2026-09-27,2026,8,2026-04-26,Chinese Super League,649,90049,15552509,finished,Shenzhen Peng City,Liaoning Tieren FC,1,0,https://www.sofascore.com/football/match/shenzhen-peng-city-liaoning-tieren-fc/PzNbsGBmc#id:15552509,Sofascore rendered tournament round card
2026-09-27,2026,8,2026-04-26,Chinese Super League,649,90049,15552510,finished,Chongqing Tonglianglong FC,Qingdao West Coast,1,1,https://www.sofascore.com/football/match/chongqing-tonglianglong-fc-qingdao-west-coast/HPXcsOZOd#id:15552510,Sofascore rendered tournament round card
2026-09-27,2026,8,2026-04-26,Chinese Super League,649,90049,15552512,finished,Henan FC,Shanghai Shenhua,0,3,https://www.sofascore.com/football/match/henan-fc-jiuzu-dukang-shanghai-shenhua/yrbsRTn#id:15552512,Sofascore rendered tournament round card
2026-09-27,2026,8,2026-04-26,Chinese Super League,649,90049,15552513,finished,Dalian Yingbo FC,Yunnan Yukun,1,3,https://www.sofascore.com/football/match/dalian-yingbo-fc-yunnan-yukun/QZOdsRZOd#id:15552513,Sofascore rendered tournament round card
2026-09-27,2026,8,2026-04-26,Chinese Super League,649,90049,15552516,finished,Qingdao Hainiu,Shandong Taishan,4,1,https://www.sofascore.com/football/match/qingdao-hainiu-shandong-taishan/wrbsVTn#id:15552516,Sofascore rendered tournament round card
2026-09-27,2026,9,2026-05-01,Chinese Super League,649,90049,15552514,finished,Tianjin Jinmen Tiger,Wuhan Three Towns,2,2,https://www.sofascore.com/football/match/wuhan-three-towns-tianjin-jinmen-tiger/rrbscdtc#id:15552514,Sofascore rendered tournament round card
2026-09-27,2026,9,2026-05-01,Chinese Super League,649,90049,15552515,finished,Henan FC,Liaoning Tieren FC,4,0,https://www.sofascore.com/football/match/liaoning-tieren-fc-henan-fc-jiuzu-dukang/RTnsPzNb#id:15552515,Sofascore rendered tournament round card
2026-09-27,2026,9,2026-05-01,Chinese Super League,649,90049,15552517,finished,Dalian Yingbo FC,Chongqing Tonglianglong FC,1,0,https://www.sofascore.com/football/match/dalian-yingbo-fc-chongqing-tonglianglong-fc/OZOdsRZOd#id:15552517,Sofascore rendered tournament round card
2026-09-27,2026,9,2026-05-01,Chinese Super League,649,90049,15552518,finished,Shandong Taishan,Qingdao West Coast,1,1,https://www.sofascore.com/football/match/qingdao-west-coast-shandong-taishan/wrbsHPXc#id:15552518,Sofascore rendered tournament round card
2026-09-27,2026,9,2026-05-01,Chinese Super League,649,90049,15552520,finished,Shanghai Shenhua,Chengdu Rongcheng,2,3,https://www.sofascore.com/football/match/chengdu-rongcheng-shanghai-shenhua/yrbsQzNb#id:15552520,Sofascore rendered tournament round card
2026-09-27,2026,9,2026-05-02,Chinese Super League,649,90049,15552527,finished,Qingdao Hainiu,Shanghai Port,3,1,https://www.sofascore.com/football/match/shanghai-port-qingdao-hainiu/VTnsMFq#id:15552527,Sofascore rendered tournament round card
2026-09-27,2026,9,2026-05-02,Chinese Super League,649,90049,15552528,finished,Zhejiang,Shenzhen Peng City,2,1,https://www.sofascore.com/football/match/shenzhen-peng-city-zhejiang/XTnsGBmc#id:15552528,Sofascore rendered tournament round card
2026-09-27,2026,9,2026-05-02,Chinese Super League,649,90049,15552529,finished,Yunnan Yukun,Beijing Guoan,3,3,https://www.sofascore.com/football/match/yunnan-yukun-beijing-guoan/BrbsQZOd#id:15552529,Sofascore rendered tournament round card
2026-09-27,2026,10,2026-05-05,Chinese Super League,649,90049,15552530,finished,Qingdao West Coast,Tianjin Jinmen Tiger,1,1,https://www.sofascore.com/football/match/qingdao-west-coast-tianjin-jinmen-tiger/rrbsHPXc#id:15552530,Sofascore rendered tournament round card
2026-09-27,2026,10,2026-05-05,Chinese Super League,649,90049,15552531,finished,Chongqing Tonglianglong FC,Henan FC,1,1,https://www.sofascore.com/football/match/chongqing-tonglianglong-fc-henan-fc-jiuzu-dukang/RTnsOZOd#id:15552531,Sofascore rendered tournament round card
2026-09-27,2026,10,2026-05-05,Chinese Super League,649,90049,15552532,finished,Liaoning Tieren FC,Chengdu Rongcheng,0,1,https://www.sofascore.com/football/match/chengdu-rongcheng-liaoning-tieren-fc/PzNbsQzNb#id:15552532,Sofascore rendered tournament round card
2026-09-27,2026,10,2026-05-05,Chinese Super League,649,90049,15552535,finished,Shandong Taishan,Shanghai Shenhua,4,1,https://www.sofascore.com/football/match/shanghai-shenhua-shandong-taishan/wrbsyrb#id:15552535,Sofascore rendered tournament round card
2026-09-27,2026,10,2026-05-06,Chinese Super League,649,90049,15552533,finished,Wuhan Three Towns,Qingdao Hainiu,1,3,https://www.sofascore.com/football/match/wuhan-three-towns-qingdao-hainiu/VTnscdtc#id:15552533,Sofascore rendered tournament round card
2026-09-27,2026,10,2026-05-06,Chinese Super League,649,90049,15552534,finished,Shanghai Port,Shenzhen Peng City,1,1,https://www.sofascore.com/football/match/shenzhen-peng-city-shanghai-port/MFqsGBmc#id:15552534,Sofascore rendered tournament round card
2026-09-27,2026,10,2026-05-06,Chinese Super League,649,90049,15552536,finished,Beijing Guoan,Dalian Yingbo FC,3,0,https://www.sofascore.com/football/match/dalian-yingbo-fc-beijing-guoan/BrbsRZOd#id:15552536,Sofascore rendered tournament round card
2026-09-27,2026,10,2026-05-06,Chinese Super League,649,90049,15552537,finished,Yunnan Yukun,Zhejiang,1,2,https://www.sofascore.com/football/match/yunnan-yukun-zhejiang/XTnsQZOd#id:15552537,Sofascore rendered tournament round card
2026-09-27,2026,11,2026-05-09,Chinese Super League,649,90049,15552538,finished,Shanghai Shenhua,Chongqing Tonglianglong FC,2,2,https://www.sofascore.com/football/match/chongqing-tonglianglong-fc-shanghai-shenhua/yrbsOZOd#id:15552538,Sofascore rendered tournament round card
2026-09-27,2026,11,2026-05-09,Chinese Super League,649,90049,15552539,finished,Chengdu Rongcheng,Henan FC,3,0,https://www.sofascore.com/football/match/chengdu-rongcheng-henan-fc-jiuzu-dukang/RTnsQzNb#id:15552539,Sofascore rendered tournament round card
2026-09-27,2026,11,2026-05-10,Chinese Super League,649,90049,15552540,finished,Qingdao West Coast,Wuhan Three Towns,1,1,https://www.sofascore.com/football/match/qingdao-west-coast-wuhan-three-towns/cdtcsHPXc#id:15552540,Sofascore rendered tournament round card
2026-09-27,2026,11,2026-05-10,Chinese Super League,649,90049,15552541,finished,Qingdao Hainiu,Dalian Yingbo FC,3,1,https://www.sofascore.com/football/match/dalian-yingbo-fc-qingdao-hainiu/VTnsRZOd#id:15552541,Sofascore rendered tournament round card
2026-09-27,2026,11,2026-05-10,Chinese Super League,649,90049,15552542,finished,Zhejiang,Tianjin Jinmen Tiger,1,1,https://www.sofascore.com/football/match/zhejiang-tianjin-jinmen-tiger/rrbsXTn#id:15552542,Sofascore rendered tournament round card
2026-09-27,2026,11,2026-05-10,Chinese Super League,649,90049,15552543,finished,Liaoning Tieren FC,Yunnan Yukun,1,2,https://www.sofascore.com/football/match/yunnan-yukun-liaoning-tieren-fc/PzNbsQZOd#id:15552543,Sofascore rendered tournament round card
2026-09-27,2026,11,2026-05-10,Chinese Super League,649,90049,15552545,finished,Shenzhen Peng City,Shandong Taishan,1,2,https://www.sofascore.com/football/match/shenzhen-peng-city-shandong-taishan/wrbsGBmc#id:15552545,Sofascore rendered tournament round card
2026-09-27,2026,11,2026-05-10,Chinese Super League,649,90049,15552546,finished,Beijing Guoan,Shanghai Port,2,2,https://www.sofascore.com/football/match/shanghai-port-beijing-guoan/BrbsMFq#id:15552546,Sofascore rendered tournament round card
2026-09-27,2026,12,2026-05-15,Chinese Super League,649,90049,15549837,finished,Henan FC,Shenzhen Peng City,1,0,https://www.sofascore.com/football/match/shenzhen-peng-city-henan-fc-jiuzu-dukang/RTnsGBmc#id:15549837,Sofascore rendered tournament round card
2026-09-27,2026,12,2026-05-15,Chinese Super League,649,90049,15549838,finished,Beijing Guoan,Qingdao Hainiu,4,2,https://www.sofascore.com/football/match/qingdao-hainiu-beijing-guoan/BrbsVTn#id:15549838,Sofascore rendered tournament round card
2026-09-27,2026,12,2026-05-15,Chinese Super League,649,90049,15549839,finished,Shanghai Port,Zhejiang,2,2,https://www.sofascore.com/football/match/shanghai-port-zhejiang/XTnsMFq#id:15549839,Sofascore rendered tournament round card
2026-09-27,2026,12,2026-05-15,Chinese Super League,649,90049,15549840,finished,Tianjin Jinmen Tiger,Chengdu Rongcheng,1,2,https://www.sofascore.com/football/match/chengdu-rongcheng-tianjin-jinmen-tiger/rrbsQzNb#id:15549840,Sofascore rendered tournament round card
2026-09-27,2026,12,2026-05-15,Chinese Super League,649,90049,15549841,finished,Dalian Yingbo FC,Qingdao West Coast,2,3,https://www.sofascore.com/football/match/dalian-yingbo-fc-qingdao-west-coast/HPXcsRZOd#id:15549841,Sofascore rendered tournament round card
2026-09-27,2026,12,2026-05-16,Chinese Super League,649,90049,15549842,finished,Wuhan Three Towns,Liaoning Tieren FC,2,2,https://www.sofascore.com/football/match/wuhan-three-towns-liaoning-tieren-fc/PzNbscdtc#id:15549842,Sofascore rendered tournament round card
2026-09-27,2026,12,2026-05-16,Chinese Super League,649,90049,15549844,finished,Shandong Taishan,Chongqing Tonglianglong FC,3,1,https://www.sofascore.com/football/match/chongqing-tonglianglong-fc-shandong-taishan/wrbsOZOd#id:15549844,Sofascore rendered tournament round card
2026-09-27,2026,12,2026-05-16,Chinese Super League,649,90049,15549848,finished,Yunnan Yukun,Shanghai Shenhua,1,0,https://www.sofascore.com/football/match/yunnan-yukun-shanghai-shenhua/yrbsQZOd#id:15549848,Sofascore rendered tournament round card
2026-09-27,2026,13,2026-05-19,Chinese Super League,649,90049,15549843,finished,Qingdao West Coast,Beijing Guoan,1,1,https://www.sofascore.com/football/match/qingdao-west-coast-beijing-guoan/BrbsHPXc#id:15549843,Sofascore rendered tournament round card
2026-09-27,2026,13,2026-05-19,Chinese Super League,649,90049,15549845,finished,Shenzhen Peng City,Dalian Yingbo FC,1,1,https://www.sofascore.com/football/match/dalian-yingbo-fc-shenzhen-peng-city/GBmcsRZOd#id:15549845,Sofascore rendered tournament round card
2026-09-27,2026,13,2026-05-19,Chinese Super League,649,90049,15549846,finished,Chengdu Rongcheng,Shanghai Port,0,1,https://www.sofascore.com/football/match/chengdu-rongcheng-shanghai-port/MFqsQzNb#id:15549846,Sofascore rendered tournament round card
2026-09-27,2026,13,2026-05-19,Chinese Super League,649,90049,15549847,finished,Tianjin Jinmen Tiger,Henan FC,1,2,https://www.sofascore.com/football/match/henan-fc-jiuzu-dukang-tianjin-jinmen-tiger/rrbsRTn#id:15549847,Sofascore rendered tournament round card
2026-09-27,2026,13,2026-05-20,Chinese Super League,649,90049,15549849,finished,Liaoning Tieren FC,Qingdao Hainiu,2,1,https://www.sofascore.com/football/match/liaoning-tieren-fc-qingdao-hainiu/VTnsPzNb#id:15549849,Sofascore rendered tournament round card
2026-09-27,2026,13,2026-05-20,Chinese Super League,649,90049,15549851,finished,Shanghai Shenhua,Wuhan Three Towns,2,2,https://www.sofascore.com/football/match/wuhan-three-towns-shanghai-shenhua/yrbscdtc#id:15549851,Sofascore rendered tournament round card
2026-09-27,2026,13,2026-05-20,Chinese Super League,649,90049,15549852,finished,Chongqing Tonglianglong FC,Yunnan Yukun,0,0,https://www.sofascore.com/football/match/yunnan-yukun-chongqing-tonglianglong-fc/OZOdsQZOd#id:15549852,Sofascore rendered tournament round card
2026-09-27,2026,13,2026-05-20,Chinese Super League,649,90049,15549853,finished,Zhejiang,Shandong Taishan,4,1,https://www.sofascore.com/football/match/zhejiang-shandong-taishan/wrbsXTn#id:15549853,Sofascore rendered tournament round card
2026-09-27,2026,14,2026-05-23,Chinese Super League,649,90049,15549854,finished,Shanghai Port,Tianjin Jinmen Tiger,1,1,https://www.sofascore.com/football/match/shanghai-port-tianjin-jinmen-tiger/rrbsMFq#id:15549854,Sofascore rendered tournament round card
2026-09-27,2026,14,2026-05-23,Chinese Super League,649,90049,15549855,finished,Beijing Guoan,Henan FC,1,2,https://www.sofascore.com/football/match/henan-fc-jiuzu-dukang-beijing-guoan/BrbsRTn#id:15549855,Sofascore rendered tournament round card
2026-09-27,2026,14,2026-05-23,Chinese Super League,649,90049,15549856,finished,Dalian Yingbo FC,Chengdu Rongcheng,2,0,https://www.sofascore.com/football/match/dalian-yingbo-fc-chengdu-rongcheng/QzNbsRZOd#id:15549856,Sofascore rendered tournament round card
2026-09-27,2026,14,2026-05-24,Chinese Super League,649,90049,15549857,finished,Yunnan Yukun,Qingdao West Coast,2,3,https://www.sofascore.com/football/match/yunnan-yukun-qingdao-west-coast/HPXcsQZOd#id:15549857,Sofascore rendered tournament round card
2026-09-27,2026,14,2026-05-24,Chinese Super League,649,90049,15549858,finished,Shandong Taishan,Wuhan Three Towns,3,3,https://www.sofascore.com/football/match/wuhan-three-towns-shandong-taishan/wrbscdtc#id:15549858,Sofascore rendered tournament round card
2026-09-27,2026,14,2026-05-24,Chinese Super League,649,90049,15549859,finished,Zhejiang,Liaoning Tieren FC,0,5,https://www.sofascore.com/football/match/liaoning-tieren-fc-zhejiang/XTnsPzNb#id:15549859,Sofascore rendered tournament round card
2026-09-27,2026,14,2026-05-24,Chinese Super League,649,90049,15549860,finished,Qingdao Hainiu,Chongqing Tonglianglong FC,0,1,https://www.sofascore.com/football/match/chongqing-tonglianglong-fc-qingdao-hainiu/VTnsOZOd#id:15549860,Sofascore rendered tournament round card
2026-09-27,2026,14,2026-05-24,Chinese Super League,649,90049,15549862,finished,Shanghai Shenhua,Shenzhen Peng City,1,2,https://www.sofascore.com/football/match/shenzhen-peng-city-shanghai-shenhua/yrbsGBmc#id:15549862,Sofascore rendered tournament round card
2026-09-27,2026,15,2026-05-29,Chinese Super League,649,90049,15549861,finished,Liaoning Tieren FC,Shanghai Port,3,2,https://www.sofascore.com/football/match/liaoning-tieren-fc-shanghai-port/MFqsPzNb#id:15549861,Sofascore rendered tournament round card
2026-09-27,2026,15,2026-05-30,Chinese Super League,649,90049,15549863,finished,Henan FC,Zhejiang,0,2,https://www.sofascore.com/football/match/zhejiang-henan-fc-jiuzu-dukang/RTnsXTn#id:15549863,Sofascore rendered tournament round card
2026-09-27,2026,15,2026-05-30,Chinese Super League,649,90049,15552544,finished,Qingdao West Coast,Shanghai Shenhua,2,2,https://www.sofascore.com/football/match/qingdao-west-coast-shanghai-shenhua/yrbsHPXc#id:15552544,Sofascore rendered tournament round card
2026-09-27,2026,15,2026-05-30,Chinese Super League,649,90049,15552547,finished,Chongqing Tonglianglong FC,Beijing Guoan,2,3,https://www.sofascore.com/football/match/chongqing-tonglianglong-fc-beijing-guoan/BrbsOZOd#id:15552547,Sofascore rendered tournament round card
2026-09-27,2026,15,2026-05-30,Chinese Super League,649,90049,15552548,finished,Chengdu Rongcheng,Shandong Taishan,1,0,https://www.sofascore.com/football/match/chengdu-rongcheng-shandong-taishan/wrbsQzNb#id:15552548,Sofascore rendered tournament round card
2026-09-27,2026,15,2026-05-30,Chinese Super League,649,90049,15552550,finished,Shenzhen Peng City,Qingdao Hainiu,3,2,https://www.sofascore.com/football/match/shenzhen-peng-city-qingdao-hainiu/VTnsGBmc#id:15552550,Sofascore rendered tournament round card
2026-09-27,2026,15,2026-05-31,Chinese Super League,649,90049,15552551,finished,Wuhan Three Towns,Yunnan Yukun,1,1,https://www.sofascore.com/football/match/yunnan-yukun-wuhan-three-towns/cdtcsQZOd#id:15552551,Sofascore rendered tournament round card
2026-09-27,2026,15,2026-05-31,Chinese Super League,649,90049,15552552,finished,Tianjin Jinmen Tiger,Dalian Yingbo FC,1,0,https://www.sofascore.com/football/match/dalian-yingbo-fc-tianjin-jinmen-tiger/rrbsRZOd#id:15552552,Sofascore rendered tournament round card
2026-09-27,2026,16,2026-06-26,Chinese Super League,649,90049,15552549,finished,Qingdao Hainiu,Yunnan Yukun,4,2,https://www.sofascore.com/football/match/yunnan-yukun-qingdao-hainiu/VTnsQZOd#id:15552549,Sofascore rendered tournament round card
2026-09-27,2026,16,2026-06-27,Chinese Super League,649,90049,15552553,finished,Liaoning Tieren FC,Shandong Taishan,1,5,https://www.sofascore.com/football/match/liaoning-tieren-fc-shandong-taishan/wrbsPzNb#id:15552553,Sofascore rendered tournament round card
2026-09-27,2026,16,2026-06-27,Chinese Super League,649,90049,15552554,finished,Shenzhen Peng City,Chengdu Rongcheng,2,3,https://www.sofascore.com/football/match/shenzhen-peng-city-chengdu-rongcheng/QzNbsGBmc#id:15552554,Sofascore rendered tournament round card
2026-09-27,2026,16,2026-06-27,Chinese Super League,649,90049,15552555,finished,Henan FC,Shanghai Port,1,2,https://www.sofascore.com/football/match/shanghai-port-henan-fc-jiuzu-dukang/RTnsMFq#id:15552555,Sofascore rendered tournament round card
2026-09-27,2026,16,2026-06-27,Chinese Super League,649,90049,15552557,finished,Chongqing Tonglianglong FC,Tianjin Jinmen Tiger,1,0,https://www.sofascore.com/football/match/chongqing-tonglianglong-fc-tianjin-jinmen-tiger/rrbsOZOd#id:15552557,Sofascore rendered tournament round card
2026-09-27,2026,16,2026-06-27,Chinese Super League,649,90049,15552561,finished,Beijing Guoan,Wuhan Three Towns,1,0,https://www.sofascore.com/football/match/wuhan-three-towns-beijing-guoan/Brbscdtc#id:15552561,Sofascore rendered tournament round card
2026-09-27,2026,16,2026-06-28,Chinese Super League,649,90049,15552556,finished,Qingdao West Coast,Zhejiang,3,1,https://www.sofascore.com/football/match/qingdao-west-coast-zhejiang/XTnsHPXc#id:15552556,Sofascore rendered tournament round card
2026-09-27,2026,16,2026-06-28,Chinese Super League,649,90049,15552560,finished,Dalian Yingbo FC,Shanghai Shenhua,1,4,https://www.sofascore.com/football/match/dalian-yingbo-fc-shanghai-shenhua/yrbsRZOd#id:15552560,Sofascore rendered tournament round card
2026-09-27,2026,17,2026-07-03,Chinese Super League,649,90049,15552562,finished,Yunnan Yukun,Henan FC,2,1,https://www.sofascore.com/football/match/yunnan-yukun-henan-fc-jiuzu-dukang/RTnsQZOd#id:15552562,Sofascore rendered tournament round card
2026-09-27,2026,17,2026-07-04,Chinese Super League,649,90049,15552558,finished,Qingdao West Coast,Shanghai Port,2,1,https://www.sofascore.com/football/match/qingdao-west-coast-shanghai-port/MFqsHPXc#id:15552558,Sofascore rendered tournament round card
2026-09-27,2026,17,2026-07-04,Chinese Super League,649,90049,15552559,finished,Liaoning Tieren FC,Chongqing Tonglianglong FC,3,1,https://www.sofascore.com/football/match/chongqing-tonglianglong-fc-liaoning-tieren-fc/PzNbsOZOd#id:15552559,Sofascore rendered tournament round card
2026-09-27,2026,17,2026-07-04,Chinese Super League,649,90049,15552563,finished,Beijing Guoan,Shandong Taishan,2,0,https://www.sofascore.com/football/match/beijing-guoan-shandong-taishan/wrbsBrb#id:15552563,Sofascore rendered tournament round card
2026-09-27,2026,17,2026-07-04,Chinese Super League,649,90049,15552564,finished,Dalian Yingbo FC,Wuhan Three Towns,3,2,https://www.sofascore.com/football/match/dalian-yingbo-fc-wuhan-three-towns/cdtcsRZOd#id:15552564,Sofascore rendered tournament round card
2026-09-27,2026,17,2026-07-04,Chinese Super League,649,90049,15552565,finished,Tianjin Jinmen Tiger,Shenzhen Peng City,3,0,https://www.sofascore.com/football/match/shenzhen-peng-city-tianjin-jinmen-tiger/rrbsGBmc#id:15552565,Sofascore rendered tournament round card
2026-09-27,2026,17,2026-07-05,Chinese Super League,649,90049,15552566,finished,Qingdao Hainiu,Chengdu Rongcheng,1,1,https://www.sofascore.com/football/match/chengdu-rongcheng-qingdao-hainiu/VTnsQzNb#id:15552566,Sofascore rendered tournament round card
2026-09-27,2026,17,2026-07-05,Chinese Super League,649,90049,15552567,finished,Shanghai Shenhua,Zhejiang,3,2,https://www.sofascore.com/football/match/zhejiang-shanghai-shenhua/yrbsXTn#id:15552567,Sofascore rendered tournament round card
2026-09-27,2026,18,2026-07-10,Chinese Super League,649,90049,15552568,finished,Shandong Taishan,Yunnan Yukun,4,3,https://www.sofascore.com/football/match/yunnan-yukun-shandong-taishan/wrbsQZOd#id:15552568,Sofascore rendered tournament round card
2026-09-27,2026,18,2026-07-11,Chinese Super League,649,90049,15552569,postponed,Zhejiang,Qingdao Hainiu,,,https://www.sofascore.com/football/match/zhejiang-qingdao-hainiu/VTnsXTn#id:15552569,Sofascore rendered tournament round card
2026-09-27,2026,18,2026-07-11,Chinese Super League,649,90049,15552571,finished,Shenzhen Peng City,Qingdao West Coast,3,0,https://www.sofascore.com/football/match/qingdao-west-coast-shenzhen-peng-city/GBmcsHPXc#id:15552571,Sofascore rendered tournament round card
2026-09-27,2026,18,2026-07-11,Chinese Super League,649,90049,15552572,postponed,Shanghai Shenhua,Beijing Guoan,,,https://www.sofascore.com/football/match/beijing-guoan-shanghai-shenhua/yrbsBrb#id:15552572,Sofascore rendered tournament round card
2026-09-27,2026,18,2026-07-11,Chinese Super League,649,90049,15552573,finished,Chengdu Rongcheng,Chongqing Tonglianglong FC,1,1,https://www.sofascore.com/football/match/chongqing-tonglianglong-fc-chengdu-rongcheng/QzNbsOZOd#id:15552573,Sofascore rendered tournament round card
2026-09-27,2026,18,2026-07-14,Chinese Super League,649,90049,16484884,finished,Zhejiang,Qingdao Hainiu,3,2,https://www.sofascore.com/football/match/zhejiang-qingdao-hainiu/VTnsXTn#id:16484884,Sofascore rendered tournament round card
2026-09-27,2026,19,2026-07-17,Chinese Super League,649,90049,15552576,finished,Beijing Guoan,Liaoning Tieren FC,1,1,https://www.sofascore.com/football/match/liaoning-tieren-fc-beijing-guoan/BrbsPzNb#id:15552576,Sofascore rendered tournament round card
2026-09-27,2026,19,2026-07-17,Chinese Super League,649,90049,15552577,finished,Qingdao West Coast,Chengdu Rongcheng,1,1,https://www.sofascore.com/football/match/qingdao-west-coast-chengdu-rongcheng/QzNbsHPXc#id:15552577,Sofascore rendered tournament round card
2026-09-27,2026,19,2026-07-17,Chinese Super League,649,90049,15552580,finished,Yunnan Yukun,Shanghai Port,2,2,https://www.sofascore.com/football/match/yunnan-yukun-shanghai-port/MFqsQZOd#id:15552580,Sofascore rendered tournament round card
2026-09-27,2026,19,2026-07-17,Chinese Super League,649,90049,15552581,finished,Henan FC,Qingdao Hainiu,5,1,https://www.sofascore.com/football/match/qingdao-hainiu-henan-fc-jiuzu-dukang/RTnsVTn#id:15552581,Sofascore rendered tournament round card
2026-09-27,2026,19,2026-07-18,Chinese Super League,649,90049,15552578,finished,Chongqing Tonglianglong FC,Zhejiang,1,1,https://www.sofascore.com/football/match/chongqing-tonglianglong-fc-zhejiang/XTnsOZOd#id:15552578,Sofascore rendered tournament round card
2026-09-27,2026,19,2026-07-18,Chinese Super League,649,90049,15552579,finished,Shanghai Shenhua,Tianjin Jinmen Tiger,0,2,https://www.sofascore.com/football/match/shanghai-shenhua-tianjin-jinmen-tiger/rrbsyrb#id:15552579,Sofascore rendered tournament round card
2026-09-27,2026,19,2026-07-18,Chinese Super League,649,90049,15552583,finished,Wuhan Three Towns,Shenzhen Peng City,2,0,https://www.sofascore.com/football/match/wuhan-three-towns-shenzhen-peng-city/GBmcscdtc#id:15552583,Sofascore rendered tournament round card
2026-09-27,2026,19,2026-07-18,Chinese Super League,649,90049,15552584,finished,Dalian Yingbo FC,Shandong Taishan,3,1,https://www.sofascore.com/football/match/dalian-yingbo-fc-shandong-taishan/wrbsRZOd#id:15552584,Sofascore rendered tournament round card
2026-09-27,2026,20,2026-07-25,Chinese Super League,649,90049,15552582,finished,Qingdao Hainiu,Tianjin Jinmen Tiger,0,2,https://www.sofascore.com/football/match/qingdao-hainiu-tianjin-jinmen-tiger/rrbsVTn#id:15552582,Sofascore rendered tournament round card
2026-09-27,2026,20,2026-07-25,Chinese Super League,649,90049,15552585,finished,Liaoning Tieren FC,Qingdao West Coast,0,1,https://www.sofascore.com/football/match/qingdao-west-coast-liaoning-tieren-fc/PzNbsHPXc#id:15552585,Sofascore rendered tournament round card
2026-09-27,2026,20,2026-07-25,Chinese Super League,649,90049,15552586,finished,Wuhan Three Towns,Chongqing Tonglianglong FC,1,0,https://www.sofascore.com/football/match/chongqing-tonglianglong-fc-wuhan-three-towns/cdtcsOZOd#id:15552586,Sofascore rendered tournament round card
2026-09-27,2026,20,2026-07-25,Chinese Super League,649,90049,15552589,finished,Shanghai Port,Shanghai Shenhua,2,0,https://www.sofascore.com/football/match/shanghai-port-shanghai-shenhua/yrbsMFq#id:15552589,Sofascore rendered tournament round card
2026-09-27,2026,20,2026-07-26,Chinese Super League,649,90049,15552587,finished,Chengdu Rongcheng,Beijing Guoan,2,2,https://www.sofascore.com/football/match/chengdu-rongcheng-beijing-guoan/BrbsQzNb#id:15552587,Sofascore rendered tournament round card
2026-09-27,2026,20,2026-07-26,Chinese Super League,649,90049,15552588,finished,Yunnan Yukun,Shenzhen Peng City,4,3,https://www.sofascore.com/football/match/yunnan-yukun-shenzhen-peng-city/GBmcsQZOd#id:15552588,Sofascore rendered tournament round card
2026-09-27,2026,20,2026-07-26,Chinese Super League,649,90049,15552590,finished,Shandong Taishan,Henan FC,1,2,https://www.sofascore.com/football/match/henan-fc-jiuzu-dukang-shandong-taishan/wrbsRTn#id:15552590,Sofascore rendered tournament round card
2026-09-27,2026,20,2026-07-26,Chinese Super League,649,90049,15552592,finished,Zhejiang,Dalian Yingbo FC,3,2,https://www.sofascore.com/football/match/dalian-yingbo-fc-zhejiang/XTnsRZOd#id:15552592,Sofascore rendered tournament round card
2026-09-27,2026,21,2026-07-31,Chinese Super League,649,90049,15552591,finished,Henan FC,Dalian Yingbo FC,1,1,https://www.sofascore.com/football/match/dalian-yingbo-fc-henan-fc-jiuzu-dukang/RTnsRZOd#id:15552591,Sofascore rendered tournament round card
2026-09-27,2026,21,2026-08-01,Chinese Super League,649,90049,15552593,finished,Tianjin Jinmen Tiger,Yunnan Yukun,3,2,https://www.sofascore.com/football/match/yunnan-yukun-tianjin-jinmen-tiger/rrbsQZOd#id:15552593,Sofascore rendered tournament round card
2026-09-27,2026,21,2026-08-01,Chinese Super League,649,90049,15552594,finished,Shanghai Port,Shandong Taishan,0,1,https://www.sofascore.com/football/match/shanghai-port-shandong-taishan/wrbsMFq#id:15552594,Sofascore rendered tournament round card
2026-09-27,2026,21,2026-08-01,Chinese Super League,649,90049,15552596,finished,Beijing Guoan,Zhejiang,2,1,https://www.sofascore.com/football/match/zhejiang-beijing-guoan/BrbsXTn#id:15552596,Sofascore rendered tournament round card
2026-09-27,2026,21,2026-08-01,Chinese Super League,649,90049,15552597,finished,Chengdu Rongcheng,Wuhan Three Towns,1,1,https://www.sofascore.com/football/match/wuhan-three-towns-chengdu-rongcheng/QzNbscdtc#id:15552597,Sofascore rendered tournament round card
2026-09-27,2026,21,2026-08-02,Chinese Super League,649,90049,15552595,finished,Shenzhen Peng City,Chongqing Tonglianglong FC,2,0,https://www.sofascore.com/football/match/chongqing-tonglianglong-fc-shenzhen-peng-city/GBmcsOZOd#id:15552595,Sofascore rendered tournament round card
2026-09-27,2026,21,2026-08-02,Chinese Super League,649,90049,15552598,finished,Qingdao West Coast,Qingdao Hainiu,2,0,https://www.sofascore.com/football/match/qingdao-west-coast-qingdao-hainiu/VTnsHPXc#id:15552598,Sofascore rendered tournament round card
2026-09-27,2026,21,2026-08-02,Chinese Super League,649,90049,15552599,finished,Liaoning Tieren FC,Shanghai Shenhua,3,1,https://www.sofascore.com/football/match/liaoning-tieren-fc-shanghai-shenhua/yrbsPzNb#id:15552599,Sofascore rendered tournament round card
2026-09-27,2026,22,2026-08-07,Chinese Super League,649,90049,15552600,finished,Beijing Guoan,Shenzhen Peng City,4,0,https://www.sofascore.com/football/match/shenzhen-peng-city-beijing-guoan/BrbsGBmc#id:15552600,Sofascore rendered tournament round card
2026-09-27,2026,22,2026-08-08,Chinese Super League,649,90049,15552601,finished,Qingdao Hainiu,Shanghai Shenhua,0,1,https://www.sofascore.com/football/match/qingdao-hainiu-shanghai-shenhua/yrbsVTn#id:15552601,Sofascore rendered tournament round card
2026-09-27,2026,22,2026-08-08,Chinese Super League,649,90049,15552602,finished,Dalian Yingbo FC,Liaoning Tieren FC,1,0,https://www.sofascore.com/football/match/dalian-yingbo-fc-liaoning-tieren-fc/PzNbsRZOd#id:15552602,Sofascore rendered tournament round card
2026-09-27,2026,22,2026-08-08,Chinese Super League,649,90049,15552603,postponed,Zhejiang,Wuhan Three Towns,,,https://www.sofascore.com/football/match/wuhan-three-towns-zhejiang/XTnscdtc#id:15552603,Sofascore rendered tournament round card
2026-09-27,2026,22,2026-08-08,Chinese Super League,649,90049,15552604,finished,Yunnan Yukun,Chengdu Rongcheng,1,0,https://www.sofascore.com/football/match/yunnan-yukun-chengdu-rongcheng/QzNbsQZOd#id:15552604,Sofascore rendered tournament round card
2026-09-27,2026,22,2026-08-09,Chinese Super League,649,90049,15552605,finished,Henan FC,Qingdao West Coast,0,0,https://www.sofascore.com/football/match/qingdao-west-coast-henan-fc-jiuzu-dukang/RTnsHPXc#id:15552605,Sofascore rendered tournament round card
2026-09-27,2026,22,2026-08-09,Chinese Super League,649,90049,15552606,finished,Chongqing Tonglianglong FC,Shanghai Port,2,3,https://www.sofascore.com/football/match/chongqing-tonglianglong-fc-shanghai-port/MFqsOZOd#id:15552606,Sofascore rendered tournament round card
2026-09-27,2026,22,2026-08-09,Chinese Super League,649,90049,15552609,finished,Shandong Taishan,Tianjin Jinmen Tiger,2,1,https://www.sofascore.com/football/match/shandong-taishan-tianjin-jinmen-tiger/rrbswrb#id:15552609,Sofascore rendered tournament round card
2026-09-27,2026,23,2026-08-14,Chinese Super League,649,90049,15552607,finished,Wuhan Three Towns,Shanghai Port,2,3,https://www.sofascore.com/football/match/wuhan-three-towns-shanghai-port/MFqscdtc#id:15552607,Sofascore rendered tournament round card
2026-09-27,2026,23,2026-08-14,Chinese Super League,649,90049,15552608,finished,Shandong Taishan,Qingdao Hainiu,3,1,https://www.sofascore.com/football/match/qingdao-hainiu-shandong-taishan/wrbsVTn#id:15552608,Sofascore rendered tournament round card
2026-09-27,2026,23,2026-08-14,Chinese Super League,649,90049,15552611,finished,Qingdao West Coast,Chongqing Tonglianglong FC,0,0,https://www.sofascore.com/football/match/chongqing-tonglianglong-fc-qingdao-west-coast/HPXcsOZOd#id:15552611,Sofascore rendered tournament round card
2026-09-27,2026,23,2026-08-15,Chinese Super League,649,90049,15552610,finished,Liaoning Tieren FC,Shenzhen Peng City,1,2,https://www.sofascore.com/football/match/shenzhen-peng-city-liaoning-tieren-fc/PzNbsGBmc#id:15552610,Sofascore rendered tournament round card
2026-09-27,2026,23,2026-08-15,Chinese Super League,649,90049,15552612,finished,Zhejiang,Chengdu Rongcheng,2,3,https://www.sofascore.com/football/match/chengdu-rongcheng-zhejiang/XTnsQzNb#id:15552612,Sofascore rendered tournament round card
2026-09-27,2026,23,2026-08-15,Chinese Super League,649,90049,15552613,finished,Tianjin Jinmen Tiger,Beijing Guoan,2,4,https://www.sofascore.com/football/match/beijing-guoan-tianjin-jinmen-tiger/rrbsBrb#id:15552613,Sofascore rendered tournament round card
2026-09-27,2026,23,2026-08-15,Chinese Super League,649,90049,15552614,finished,Yunnan Yukun,Dalian Yingbo FC,3,1,https://www.sofascore.com/football/match/dalian-yingbo-fc-yunnan-yukun/QZOdsRZOd#id:15552614,Sofascore rendered tournament round card
2026-09-27,2026,23,2026-08-15,Chinese Super League,649,90049,15552615,finished,Shanghai Shenhua,Henan FC,4,1,https://www.sofascore.com/football/match/henan-fc-jiuzu-dukang-shanghai-shenhua/yrbsRTn#id:15552615,Sofascore rendered tournament round card
2026-09-27,2026,18,2026-08-18,Chinese Super League,649,90049,16851672,finished,Shanghai Shenhua,Beijing Guoan,0,3,https://www.sofascore.com/football/match/beijing-guoan-shanghai-shenhua/yrbsBrb#id:16851672,Sofascore rendered tournament round card
2026-09-27,2026,18,2026-08-19,Chinese Super League,649,90049,16851577,finished,Shanghai Port,Dalian Yingbo FC,1,1,https://www.sofascore.com/football/match/dalian-yingbo-fc-shanghai-port/MFqsRZOd#id:16851577,Sofascore rendered tournament round card
2026-09-27,2026,24,2026-08-22,Chinese Super League,649,90049,15552616,finished,Chengdu Rongcheng,Shanghai Shenhua,4,5,https://www.sofascore.com/football/match/chengdu-rongcheng-shanghai-shenhua/yrbsQzNb#id:15552616,Sofascore rendered tournament round card
2026-09-27,2026,24,2026-08-22,Chinese Super League,649,90049,15552617,finished,Wuhan Three Towns,Tianjin Jinmen Tiger,0,0,https://www.sofascore.com/football/match/wuhan-three-towns-tianjin-jinmen-tiger/rrbscdtc#id:15552617,Sofascore rendered tournament round card
2026-09-27,2026,24,2026-08-22,Chinese Super League,649,90049,15552618,finished,Shenzhen Peng City,Zhejiang,1,1,https://www.sofascore.com/football/match/shenzhen-peng-city-zhejiang/XTnsGBmc#id:15552618,Sofascore rendered tournament round card
2026-09-27,2026,24,2026-08-22,Chinese Super League,649,90049,15552619,finished,Beijing Guoan,Yunnan Yukun,3,3,https://www.sofascore.com/football/match/yunnan-yukun-beijing-guoan/BrbsQZOd#id:15552619,Sofascore rendered tournament round card
2026-09-27,2026,24,2026-08-22,Chinese Super League,649,90049,15552621,finished,Qingdao West Coast,Shandong Taishan,2,0,https://www.sofascore.com/football/match/qingdao-west-coast-shandong-taishan/wrbsHPXc#id:15552621,Sofascore rendered tournament round card
2026-09-27,2026,24,2026-08-23,Chinese Super League,649,90049,15552620,finished,Shanghai Port,Qingdao Hainiu,2,1,https://www.sofascore.com/football/match/shanghai-port-qingdao-hainiu/VTnsMFq#id:15552620,Sofascore rendered tournament round card
2026-09-27,2026,24,2026-08-23,Chinese Super League,649,90049,15552622,finished,Chongqing Tonglianglong FC,Dalian Yingbo FC,0,1,https://www.sofascore.com/football/match/dalian-yingbo-fc-chongqing-tonglianglong-fc/OZOdsRZOd#id:15552622,Sofascore rendered tournament round card
2026-09-27,2026,24,2026-08-23,Chinese Super League,649,90049,15552623,finished,Liaoning Tieren FC,Henan FC,4,4,https://www.sofascore.com/football/match/liaoning-tieren-fc-henan-fc-jiuzu-dukang/RTnsPzNb#id:15552623,Sofascore rendered tournament round card
2026-09-27,2026,25,2026-08-28,Chinese Super League,649,90049,15552624,finished,Dalian Yingbo FC,Beijing Guoan,1,1,https://www.sofascore.com/football/match/dalian-yingbo-fc-beijing-guoan/BrbsRZOd#id:15552624,Sofascore rendered tournament round card
2026-09-27,2026,25,2026-08-28,Chinese Super League,649,90049,15552625,finished,Shenzhen Peng City,Shanghai Port,0,1,https://www.sofascore.com/football/match/shenzhen-peng-city-shanghai-port/MFqsGBmc#id:15552625,Sofascore rendered tournament round card
2026-09-27,2026,25,2026-08-28,Chinese Super League,649,90049,15552629,finished,Shanghai Shenhua,Shandong Taishan,2,3,https://www.sofascore.com/football/match/shanghai-shenhua-shandong-taishan/wrbsyrb#id:15552629,Sofascore rendered tournament round card
2026-09-27,2026,25,2026-08-29,Chinese Super League,649,90049,15552626,finished,Zhejiang,Yunnan Yukun,6,0,https://www.sofascore.com/football/match/yunnan-yukun-zhejiang/XTnsQZOd#id:15552626,Sofascore rendered tournament round card
2026-09-27,2026,25,2026-08-29,Chinese Super League,649,90049,15552627,finished,Tianjin Jinmen Tiger,Qingdao West Coast,1,1,https://www.sofascore.com/football/match/qingdao-west-coast-tianjin-jinmen-tiger/rrbsHPXc#id:15552627,Sofascore rendered tournament round card
2026-09-27,2026,25,2026-08-29,Chinese Super League,649,90049,15552628,finished,Chengdu Rongcheng,Liaoning Tieren FC,2,1,https://www.sofascore.com/football/match/chengdu-rongcheng-liaoning-tieren-fc/PzNbsQzNb#id:15552628,Sofascore rendered tournament round card
2026-09-27,2026,25,2026-08-29,Chinese Super League,649,90049,15552630,finished,Henan FC,Chongqing Tonglianglong FC,1,1,https://www.sofascore.com/football/match/chongqing-tonglianglong-fc-henan-fc-jiuzu-dukang/RTnsOZOd#id:15552630,Sofascore rendered tournament round card
2026-09-27,2026,25,2026-08-29,Chinese Super League,649,90049,15552631,finished,Qingdao Hainiu,Wuhan Three Towns,1,5,https://www.sofascore.com/football/match/wuhan-three-towns-qingdao-hainiu/VTnscdtc#id:15552631,Sofascore rendered tournament round card
2026-09-27,2026,26,2026-09-05,Chinese Super League,649,90049,15552632,finished,Wuhan Three Towns,Qingdao West Coast,2,2,https://www.sofascore.com/football/match/qingdao-west-coast-wuhan-three-towns/cdtcsHPXc#id:15552632,Sofascore rendered tournament round card
2026-09-27,2026,26,2026-09-05,Chinese Super League,649,90049,15552633,finished,Shanghai Port,Beijing Guoan,0,0,https://www.sofascore.com/football/match/shanghai-port-beijing-guoan/BrbsMFq#id:15552633,Sofascore rendered tournament round card
2026-09-27,2026,26,2026-09-05,Chinese Super League,649,90049,15552634,finished,Dalian Yingbo FC,Qingdao Hainiu,2,1,https://www.sofascore.com/football/match/dalian-yingbo-fc-qingdao-hainiu/VTnsRZOd#id:15552634,Sofascore rendered tournament round card
2026-09-27,2026,26,2026-09-05,Chinese Super League,649,90049,15552635,finished,Shandong Taishan,Shenzhen Peng City,1,1,https://www.sofascore.com/football/match/shenzhen-peng-city-shandong-taishan/wrbsGBmc#id:15552635,Sofascore rendered tournament round card
2026-09-27,2026,26,2026-09-06,Chinese Super League,649,90049,15552636,finished,Chongqing Tonglianglong FC,Shanghai Shenhua,1,3,https://www.sofascore.com/football/match/chongqing-tonglianglong-fc-shanghai-shenhua/yrbsOZOd#id:15552636,Sofascore rendered tournament round card
2026-09-27,2026,26,2026-09-06,Chinese Super League,649,90049,15552638,finished,Henan FC,Chengdu Rongcheng,0,0,https://www.sofascore.com/football/match/chengdu-rongcheng-henan-fc-jiuzu-dukang/RTnsQzNb#id:15552638,Sofascore rendered tournament round card
2026-09-27,2026,26,2026-09-06,Chinese Super League,649,90049,15552640,finished,Yunnan Yukun,Liaoning Tieren FC,5,0,https://www.sofascore.com/football/match/yunnan-yukun-liaoning-tieren-fc/PzNbsQZOd#id:15552640,Sofascore rendered tournament round card
2026-09-27,2026,26,2026-09-06,Chinese Super League,649,90049,15552641,finished,Tianjin Jinmen Tiger,Zhejiang,2,1,https://www.sofascore.com/football/match/zhejiang-tianjin-jinmen-tiger/rrbsXTn#id:15552641,Sofascore rendered tournament round card
2026-09-27,2026,18,2026-09-12,Chinese Super League,649,90049,17040294,finished,Wuhan Three Towns,Henan FC,1,1,https://www.sofascore.com/football/match/wuhan-three-towns-henan-fc/RTnscdtc#id:17040294,Sofascore rendered tournament round card
2026-09-27,2026,18,2026-09-12,Chinese Super League,649,90049,17047314,finished,Tianjin Jinmen Tiger,Liaoning Tieren FC,1,0,https://www.sofascore.com/football/match/liaoning-tieren-fc-tianjin-jinmen-tiger/rrbsPzNb#id:17047314,Sofascore rendered tournament round card
2026-09-27,2026,Round 1,2026-09-15,AFC Champions League Elite,463,99217,16863670,finished,Ratchaburi,Shanghai Port,4,6,https://www.sofascore.com/football/match/ratchaburi-shanghai-port/MFqsToJ#id:16863670,Sofascore rendered AFC tournament round card
2026-09-27,2026,Round 1,2026-09-15,AFC Champions League Elite,463,99217,16863671,finished,Beijing Guoan,Pohang Steelers,3,1,https://www.sofascore.com/football/match/pohang-steelers-beijing-guoan/Brbsadd#id:16863671,Sofascore rendered AFC tournament round card
2026-09-27,2026,Round 1,2026-09-17,AFC Champions League Two,668,97465,16864092,finished,Shanghai Shenhua,Tampines Rovers,2,1,https://www.sofascore.com/football/match/shanghai-shenhua-tampines-rovers/Tkbsyrb#id:16864092,Sofascore rendered AFC tournament round card
2026-09-27,2026,22,2026-09-18,Chinese Super League,649,90049,17040296,finished,Zhejiang,Wuhan Three Towns,4,1,https://www.sofascore.com/football/match/wuhan-three-towns-zhejiang/XTnscdtc#id:17040296,Sofascore rendered tournament round card
2026-09-27,2026,27,2026-10-09,Chinese Super League,649,90049,15552637,scheduled,Shenzhen Peng City,Henan FC,,,https://www.sofascore.com/football/match/shenzhen-peng-city-henan-fc-jiuzu-dukang/RTnsGBmc#id:15552637,Sofascore rendered tournament round card
2026-09-27,2026,27,2026-10-09,Chinese Super League,649,90049,15552639,scheduled,Zhejiang,Shanghai Port,,,https://www.sofascore.com/football/match/shanghai-port-zhejiang/XTnsMFq#id:15552639,Sofascore rendered tournament round card
2026-09-27,2026,27,2026-10-09,Chinese Super League,649,90049,15552642,scheduled,Qingdao Hainiu,Beijing Guoan,,,https://www.sofascore.com/football/match/qingdao-hainiu-beijing-guoan/BrbsVTn#id:15552642,Sofascore rendered tournament round card
2026-09-27,2026,27,2026-10-10,Chinese Super League,649,90049,15552643,scheduled,Shanghai Shenhua,Yunnan Yukun,,,https://www.sofascore.com/football/match/yunnan-yukun-shanghai-shenhua/yrbsQZOd#id:15552643,Sofascore rendered tournament round card
2026-09-27,2026,27,2026-10-10,Chinese Super League,649,90049,15552644,scheduled,Chengdu Rongcheng,Tianjin Jinmen Tiger,,,https://www.sofascore.com/football/match/chengdu-rongcheng-tianjin-jinmen-tiger/rrbsQzNb#id:15552644,Sofascore rendered tournament round card
2026-09-27,2026,27,2026-10-11,Chinese Super League,649,90049,15552645,scheduled,Qingdao West Coast,Dalian Yingbo FC,,,https://www.sofascore.com/football/match/dalian-yingbo-fc-qingdao-west-coast/HPXcsRZOd#id:15552645,Sofascore rendered tournament round card
2026-09-27,2026,27,2026-10-11,Chinese Super League,649,90049,15552646,scheduled,Liaoning Tieren FC,Wuhan Three Towns,,,https://www.sofascore.com/football/match/wuhan-three-towns-liaoning-tieren-fc/PzNbscdtc#id:15552646,Sofascore rendered tournament round card
2026-09-27,2026,27,2026-10-11,Chinese Super League,649,90049,15552650,scheduled,Chongqing Tonglianglong FC,Shandong Taishan,,,https://www.sofascore.com/football/match/chongqing-tonglianglong-fc-shandong-taishan/wrbsOZOd#id:15552650,Sofascore rendered tournament round card
2026-09-27,2026,Round 2,2026-10-13,AFC Champions League Elite,463,99217,16864332,scheduled,Buriram United,Beijing Guoan,,,https://www.sofascore.com/football/match/buriram-united-beijing-guoan/BrbstJn#id:16864332,Sofascore rendered AFC tournament round card
2026-09-27,2026,Round 2,2026-10-13,AFC Champions League Elite,463,99217,16864334,scheduled,Shanghai Port,Daejeon Hana Citizen,,,https://www.sofascore.com/football/match/shanghai-port-daejeon-hana-citizen/VcdsMFq#id:16864334,Sofascore rendered AFC tournament round card
2026-09-27,2026,Round 2,2026-10-15,AFC Champions League Two,668,97465,16864103,scheduled,Preah Khan Reach Svay Rieng FC,Shanghai Shenhua,,,https://www.sofascore.com/football/match/preah-khan-reach-svay-rieng-fc-shanghai-shenhua/yrbszulb#id:16864103,Sofascore rendered AFC tournament round card
2026-09-27,2026,28,2026-10-16,Chinese Super League,649,90049,15552647,scheduled,Henan FC,Tianjin Jinmen Tiger,,,https://www.sofascore.com/football/match/henan-fc-jiuzu-dukang-tianjin-jinmen-tiger/rrbsRTn#id:15552647,Sofascore rendered tournament round card
2026-09-27,2026,28,2026-10-17,Chinese Super League,649,90049,15552648,scheduled,Dalian Yingbo FC,Shenzhen Peng City,,,https://www.sofascore.com/football/match/dalian-yingbo-fc-shenzhen-peng-city/GBmcsRZOd#id:15552648,Sofascore rendered tournament round card
2026-09-27,2026,28,2026-10-17,Chinese Super League,649,90049,15552649,scheduled,Qingdao Hainiu,Liaoning Tieren FC,,,https://www.sofascore.com/football/match/liaoning-tieren-fc-qingdao-hainiu/VTnsPzNb#id:15552649,Sofascore rendered tournament round card
2026-09-27,2026,28,2026-10-17,Chinese Super League,649,90049,15552651,scheduled,Yunnan Yukun,Chongqing Tonglianglong FC,,,https://www.sofascore.com/football/match/yunnan-yukun-chongqing-tonglianglong-fc/OZOdsQZOd#id:15552651,Sofascore rendered tournament round card
2026-09-27,2026,28,2026-10-17,Chinese Super League,649,90049,15552652,scheduled,Shandong Taishan,Zhejiang,,,https://www.sofascore.com/football/match/zhejiang-shandong-taishan/wrbsXTn#id:15552652,Sofascore rendered tournament round card
2026-09-27,2026,28,2026-10-18,Chinese Super League,649,90049,15552653,scheduled,Wuhan Three Towns,Shanghai Shenhua,,,https://www.sofascore.com/football/match/wuhan-three-towns-shanghai-shenhua/yrbscdtc#id:15552653,Sofascore rendered tournament round card
2026-09-27,2026,28,2026-10-18,Chinese Super League,649,90049,15552654,scheduled,Beijing Guoan,Qingdao West Coast,,,https://www.sofascore.com/football/match/qingdao-west-coast-beijing-guoan/BrbsHPXc#id:15552654,Sofascore rendered tournament round card
2026-09-27,2026,28,2026-10-18,Chinese Super League,649,90049,15552655,scheduled,Shanghai Port,Chengdu Rongcheng,,,https://www.sofascore.com/football/match/chengdu-rongcheng-shanghai-port/MFqsQzNb#id:15552655,Sofascore rendered tournament round card
2026-09-27,2026,29,2026-10-24,Chinese Super League,649,90049,15552656,scheduled,Henan FC,Beijing Guoan,,,https://www.sofascore.com/football/match/henan-fc-jiuzu-dukang-beijing-guoan/BrbsRTn#id:15552656,Sofascore rendered tournament round card
2026-09-27,2026,29,2026-10-24,Chinese Super League,649,90049,15552657,scheduled,Shenzhen Peng City,Shanghai Shenhua,,,https://www.sofascore.com/football/match/shenzhen-peng-city-shanghai-shenhua/yrbsGBmc#id:15552657,Sofascore rendered tournament round card
2026-09-27,2026,29,2026-10-24,Chinese Super League,649,90049,15552658,scheduled,Liaoning Tieren FC,Zhejiang,,,https://www.sofascore.com/football/match/liaoning-tieren-fc-zhejiang/XTnsPzNb#id:15552658,Sofascore rendered tournament round card
2026-09-27,2026,29,2026-10-24,Chinese Super League,649,90049,15552659,scheduled,Chongqing Tonglianglong FC,Qingdao Hainiu,,,https://www.sofascore.com/football/match/chongqing-tonglianglong-fc-qingdao-hainiu/VTnsOZOd#id:15552659,Sofascore rendered tournament round card
2026-09-27,2026,29,2026-10-24,Chinese Super League,649,90049,15552660,scheduled,Qingdao West Coast,Yunnan Yukun,,,https://www.sofascore.com/football/match/yunnan-yukun-qingdao-west-coast/HPXcsQZOd#id:15552660,Sofascore rendered tournament round card
2026-09-27,2026,29,2026-10-24,Chinese Super League,649,90049,15552661,scheduled,Wuhan Three Towns,Shandong Taishan,,,https://www.sofascore.com/football/match/wuhan-three-towns-shandong-taishan/wrbscdtc#id:15552661,Sofascore rendered tournament round card
2026-09-27,2026,29,2026-10-24,Chinese Super League,649,90049,15552663,scheduled,Chengdu Rongcheng,Dalian Yingbo FC,,,https://www.sofascore.com/football/match/dalian-yingbo-fc-chengdu-rongcheng/QzNbsRZOd#id:15552663,Sofascore rendered tournament round card
2026-09-27,2026,29,2026-10-24,Chinese Super League,649,90049,15552668,scheduled,Tianjin Jinmen Tiger,Shanghai Port,,,https://www.sofascore.com/football/match/shanghai-port-tianjin-jinmen-tiger/rrbsMFq#id:15552668,Sofascore rendered tournament round card
2026-09-27,2026,Round 3,2026-10-27,AFC Champions League Elite,463,99217,16864348,scheduled,Shanghai Port,Công An Hà Nội,,,https://www.sofascore.com/football/match/cong-an-ha-noi-shanghai-port/MFqsqxCb#id:16864348,Sofascore rendered AFC tournament round card
2026-09-27,2026,Round 3,2026-10-27,AFC Champions League Elite,463,99217,16864349,scheduled,Beijing Guoan,Jeonbuk Hyundai Motors,,,https://www.sofascore.com/football/match/jeonbuk-hyundai-motors-beijing-guoan/BrbsiNc#id:16864349,Sofascore rendered AFC tournament round card
2026-09-27,2026,Round 3,2026-10-29,AFC Champions League Two,668,97465,16864093,scheduled,Shanghai Shenhua,Machida Zelvia,,,https://www.sofascore.com/football/match/machida-zelvia-shanghai-shenhua/yrbsjNr#id:16864093,Sofascore rendered AFC tournament round card
2026-09-27,2026,Round 4,2026-11-03,AFC Champions League Elite,463,99217,16864172,scheduled,Port FC,Beijing Guoan,,,https://www.sofascore.com/football/match/port-fc-beijing-guoan/Brbslnq#id:16864172,Sofascore rendered AFC tournament round card
2026-09-27,2026,Round 4,2026-11-03,AFC Champions League Elite,463,99217,16864363,scheduled,Newcastle Jets,Shanghai Port,,,https://www.sofascore.com/football/match/shanghai-port-newcastle-jets/JibsMFq#id:16864363,Sofascore rendered AFC tournament round card
2026-09-27,2026,Round 4,2026-11-05,AFC Champions League Two,668,97465,16864101,scheduled,Machida Zelvia,Shanghai Shenhua,,,https://www.sofascore.com/football/match/machida-zelvia-shanghai-shenhua/yrbsjNr#id:16864101,Sofascore rendered AFC tournament round card
2026-09-27,2026,30,2026-11-08,Chinese Super League,649,90049,15552662,scheduled,Shanghai Shenhua,Qingdao West Coast,,,https://www.sofascore.com/football/match/qingdao-west-coast-shanghai-shenhua/yrbsHPXc#id:15552662,Sofascore rendered tournament round card
2026-09-27,2026,30,2026-11-08,Chinese Super League,649,90049,15552664,scheduled,Yunnan Yukun,Wuhan Three Towns,,,https://www.sofascore.com/football/match/yunnan-yukun-wuhan-three-towns/cdtcsQZOd#id:15552664,Sofascore rendered tournament round card
2026-09-27,2026,30,2026-11-08,Chinese Super League,649,90049,15552665,scheduled,Shandong Taishan,Chengdu Rongcheng,,,https://www.sofascore.com/football/match/chengdu-rongcheng-shandong-taishan/wrbsQzNb#id:15552665,Sofascore rendered tournament round card
2026-09-27,2026,30,2026-11-08,Chinese Super League,649,90049,15552666,scheduled,Shanghai Port,Liaoning Tieren FC,,,https://www.sofascore.com/football/match/liaoning-tieren-fc-shanghai-port/MFqsPzNb#id:15552666,Sofascore rendered tournament round card
2026-09-27,2026,30,2026-11-08,Chinese Super League,649,90049,15552667,scheduled,Beijing Guoan,Chongqing Tonglianglong FC,,,https://www.sofascore.com/football/match/chongqing-tonglianglong-fc-beijing-guoan/BrbsOZOd#id:15552667,Sofascore rendered tournament round card
2026-09-27,2026,30,2026-11-08,Chinese Super League,649,90049,15552669,scheduled,Zhejiang,Henan FC,,,https://www.sofascore.com/football/match/zhejiang-henan-fc-jiuzu-dukang/RTnsXTn#id:15552669,Sofascore rendered tournament round card
2026-09-27,2026,30,2026-11-08,Chinese Super League,649,90049,15552670,scheduled,Dalian Yingbo FC,Tianjin Jinmen Tiger,,,https://www.sofascore.com/football/match/dalian-yingbo-fc-tianjin-jinmen-tiger/rrbsRZOd#id:15552670,Sofascore rendered tournament round card
2026-09-27,2026,30,2026-11-08,Chinese Super League,649,90049,15552671,scheduled,Qingdao Hainiu,Shenzhen Peng City,,,https://www.sofascore.com/football/match/shenzhen-peng-city-qingdao-hainiu/VTnsGBmc#id:15552671,Sofascore rendered tournament round card
2026-09-27,2026,Round 5,2026-11-24,AFC Champions League Elite,463,99217,16864579,scheduled,Daejeon Hana Citizen,Beijing Guoan,,,https://www.sofascore.com/football/match/daejeon-hana-citizen-beijing-guoan/BrbsVcd#id:16864579,Sofascore rendered AFC tournament round card
2026-09-27,2026,Round 5,2026-11-24,AFC Champions League Elite,463,99217,16864581,scheduled,Shanghai Port,Buriram United,,,https://www.sofascore.com/football/match/shanghai-port-buriram-united/tJnsMFq#id:16864581,Sofascore rendered AFC tournament round card
2026-09-27,2026,Round 5,2026-11-26,AFC Champions League Two,668,97465,16864105,scheduled,Tampines Rovers,Shanghai Shenhua,,,https://www.sofascore.com/football/match/shanghai-shenhua-tampines-rovers/Tkbsyrb#id:16864105,Sofascore rendered AFC tournament round card
2026-09-27,2026,Round 6,2026-12-01,AFC Champions League Elite,463,99217,16864595,scheduled,Pohang Steelers,Shanghai Port,,,https://www.sofascore.com/football/match/shanghai-port-pohang-steelers/addsMFq#id:16864595,Sofascore rendered AFC tournament round card
2026-09-27,2026,Round 6,2026-12-01,AFC Champions League Elite,463,99217,16864596,scheduled,Beijing Guoan,Ratchaburi,,,https://www.sofascore.com/football/match/ratchaburi-beijing-guoan/BrbsToJ#id:16864596,Sofascore rendered AFC tournament round card
2026-09-27,2026,Round 6,2026-12-03,AFC Champions League Two,668,97465,16864107,scheduled,Shanghai Shenhua,Preah Khan Reach Svay Rieng FC,,,https://www.sofascore.com/football/match/preah-khan-reach-svay-rieng-fc-shanghai-shenhua/yrbszulb#id:16864107,Sofascore rendered AFC tournament round card
2026-09-27,2026,Round 7,2027-02-09,AFC Champions League Elite,463,99217,16867973,scheduled,Shanghai Port,Port FC,,,https://www.sofascore.com/football/match/shanghai-port-port-fc/lnqsMFq#id:16867973,Sofascore rendered AFC tournament round card
2026-09-27,2026,Round 7,2027-02-09,AFC Champions League Elite,463,99217,16867980,scheduled,Công An Hà Nội,Beijing Guoan,,,https://www.sofascore.com/football/match/cong-an-ha-noi-beijing-guoan/BrbsqxCb#id:16867980,Sofascore rendered AFC tournament round card
2026-09-27,2026,Round 8,2027-02-16,AFC Champions League Elite,463,99217,16867985,scheduled,Jeonbuk Hyundai Motors,Shanghai Port,,,https://www.sofascore.com/football/match/shanghai-port-jeonbuk-hyundai-motors/iNcsMFq#id:16867985,Sofascore rendered AFC tournament round card
2026-09-27,2026,Round 8,2027-02-16,AFC Champions League Elite,463,99217,16867989,scheduled,Beijing Guoan,Newcastle Jets,,,https://www.sofascore.com/football/match/beijing-guoan-newcastle-jets/JibsBrb#id:16867989,Sofascore rendered AFC tournament round card
