"observed_on","season_year","match_date","competition","competition_id","competition_season_id","match_id","status","home_team","away_team","home_goals","away_goals","source_url"
"2026-09-26","2026","2026-03-14","Chinese Super League","649","90049","15551891","finished","Shandong Taishan","Beijing Guoan","2","1","https://www.sofascore.com/football/match/beijing-guoan-shandong-taishan/wrbsBrb#id:15551891"
"2026-09-26","2026","2026-03-21","Chinese Super League","649","90049","15551900","finished","Beijing Guoan","Shanghai Shenhua","1","1","https://www.sofascore.com/football/match/beijing-guoan-shanghai-shenhua/yrbsBrb#id:15551900"
"2026-09-26","2026","2026-04-04","Chinese Super League","649","90049","15552476","finished","Liaoning Tieren FC","Beijing Guoan","2","1","https://www.sofascore.com/football/match/liaoning-tieren-fc-beijing-guoan/BrbsPzNb#id:15552476"
"2026-09-26","2026","2026-04-12","Chinese Super League","649","90049","15552489","finished","Beijing Guoan","Chengdu Rongcheng","1","2","https://www.sofascore.com/football/match/chengdu-rongcheng-beijing-guoan/BrbsQzNb#id:15552489"
"2026-09-26","2026","2026-04-17","Chinese Super League","649","90049","15552493","finished","Zhejiang","Beijing Guoan","0","0","https://www.sofascore.com/football/match/zhejiang-beijing-guoan/BrbsXTn#id:15552493"
"2026-09-26","2026","2026-04-21","Chinese Super League","649","90049","15552498","finished","Shenzhen Peng City","Beijing Guoan","0","1","https://www.sofascore.com/football/match/shenzhen-peng-city-beijing-guoan/BrbsGBmc#id:15552498"
"2026-09-26","2026","2026-04-25","Chinese Super League","649","90049","15552507","finished","Beijing Guoan","Tianjin Jinmen Tiger","2","4","https://www.sofascore.com/football/match/beijing-guoan-tianjin-jinmen-tiger/rrbsBrb#id:15552507"
"2026-09-26","2026","2026-05-02","Chinese Super League","649","90049","15552529","finished","Yunnan Yukun","Beijing Guoan","3","3","https://www.sofascore.com/football/match/yunnan-yukun-beijing-guoan/BrbsQZOd#id:15552529"
"2026-09-26","2026","2026-05-06","Chinese Super League","649","90049","15552536","finished","Beijing Guoan","Dalian Yingbo FC","3","0","https://www.sofascore.com/football/match/dalian-yingbo-fc-beijing-guoan/BrbsRZOd#id:15552536"
"2026-09-26","2026","2026-05-10","Chinese Super League","649","90049","15552546","finished","Beijing Guoan","Shanghai Port","2","2","https://www.sofascore.com/football/match/shanghai-port-beijing-guoan/BrbsMFq#id:15552546"
"2026-09-26","2026","2026-05-15","Chinese Super League","649","90049","15549838","finished","Beijing Guoan","Qingdao Hainiu","4","2","https://www.sofascore.com/football/match/qingdao-hainiu-beijing-guoan/BrbsVTn#id:15549838"
"2026-09-26","2026","2026-05-19","Chinese Super League","649","90049","15549843","finished","Qingdao West Coast","Beijing Guoan","1","1","https://www.sofascore.com/football/match/qingdao-west-coast-beijing-guoan/BrbsHPXc#id:15549843"
"2026-09-26","2026","2026-05-23","Chinese Super League","649","90049","15549855","finished","Beijing Guoan","Henan FC","1","2","https://www.sofascore.com/football/match/henan-fc-jiuzu-dukang-beijing-guoan/BrbsRTn#id:15549855"
"2026-09-26","2026","2026-05-30","Chinese Super League","649","90049","15552547","finished","Chongqing Tonglianglong FC","Beijing Guoan","2","3","https://www.sofascore.com/football/match/chongqing-tonglianglong-fc-beijing-guoan/BrbsOZOd#id:15552547"
"2026-09-26","2026","2026-06-27","Chinese Super League","649","90049","15552561","finished","Beijing Guoan","Wuhan Three Towns","1","0","https://www.sofascore.com/football/match/wuhan-three-towns-beijing-guoan/Brbscdtc#id:15552561"
"2026-09-26","2026","2026-07-04","Chinese Super League","649","90049","15552563","finished","Beijing Guoan","Shandong Taishan","2","0","https://www.sofascore.com/football/match/beijing-guoan-shandong-taishan/wrbsBrb#id:15552563"
"2026-09-26","2026","2026-07-11","Chinese Super League","649","90049","15552572","postponed","Shanghai Shenhua","Beijing Guoan","","","https://www.sofascore.com/football/match/beijing-guoan-shanghai-shenhua/yrbsBrb#id:15552572"
"2026-09-26","2026","2026-07-17","Chinese Super League","649","90049","15552576","finished","Beijing Guoan","Liaoning Tieren FC","1","1","https://www.sofascore.com/football/match/liaoning-tieren-fc-beijing-guoan/BrbsPzNb#id:15552576"
"2026-09-26","2026","2026-07-26","Chinese Super League","649","90049","15552587","finished","Chengdu Rongcheng","Beijing Guoan","2","2","https://www.sofascore.com/football/match/chengdu-rongcheng-beijing-guoan/BrbsQzNb#id:15552587"
"2026-09-26","2026","2026-08-01","Chinese Super League","649","90049","15552596","finished","Beijing Guoan","Zhejiang","2","1","https://www.sofascore.com/football/match/zhejiang-beijing-guoan/BrbsXTn#id:15552596"
"2026-09-26","2026","2026-08-07","Chinese Super League","649","90049","15552600","finished","Beijing Guoan","Shenzhen Peng City","4","0","https://www.sofascore.com/football/match/shenzhen-peng-city-beijing-guoan/BrbsGBmc#id:15552600"
"2026-09-26","2026","2026-08-15","Chinese Super League","649","90049","15552613","finished","Tianjin Jinmen Tiger","Beijing Guoan","2","4","https://www.sofascore.com/football/match/beijing-guoan-tianjin-jinmen-tiger/rrbsBrb#id:15552613"
"2026-09-26","2026","2026-08-18","Chinese Super League","649","90049","16851672","finished","Shanghai Shenhua","Beijing Guoan","0","3","https://www.sofascore.com/football/match/beijing-guoan-shanghai-shenhua/yrbsBrb#id:16851672"
"2026-09-26","2026","2026-08-22","Chinese Super League","649","90049","15552619","finished","Beijing Guoan","Yunnan Yukun","3","3","https://www.sofascore.com/football/match/yunnan-yukun-beijing-guoan/BrbsQZOd#id:15552619"
"2026-09-26","2026","2026-08-28","Chinese Super League","649","90049","15552624","finished","Dalian Yingbo FC","Beijing Guoan","1","1","https://www.sofascore.com/football/match/dalian-yingbo-fc-beijing-guoan/BrbsRZOd#id:15552624"
"2026-09-26","2026","2026-09-05","Chinese Super League","649","90049","15552633","finished","Shanghai Port","Beijing Guoan","0","0","https://www.sofascore.com/football/match/shanghai-port-beijing-guoan/BrbsMFq#id:15552633"
"2026-09-26","2026","2026-09-15","AFC Champions League Elite","463","99217","16863671","finished","Beijing Guoan","Pohang Steelers","3","1","https://www.sofascore.com/football/match/pohang-steelers-beijing-guoan/Brbsadd#id:16863671"
