player_name,season,contract_years_left,is_loan,contract_raw
Alessandro Bastoni,2022-2023,1.0,False,1
Alex Cordaz,2022-2023,0.0,False,0
André Onana,2022-2023,4.0,False,4
Danilo D'Ambrosio,2022-2023,0.0,False,0
Denzel Dumfries,2022-2023,2.0,False,2
Edin Džeko,2022-2023,0.0,False,0
Federico Dimarco,2022-2023,3.0,False,3
Francesco Acerbi,2022-2023,,True,-1
Hakan Çalhanoğlu,2022-2023,1.0,False,1
Henrikh Mkhitaryan,2022-2023,1.0,False,1
Joaquín Correa,2022-2023,2.0,False,2
Kristjan Asllani,2022-2023,,True,-1
Lautaro Martínez,2022-2023,3.0,False,3
Marcelo Brozović,2022-2023,3.0,False,3
Matteo Darmian,2022-2023,1.0,False,1
Mattia Zanotti,2022-2023,2.0,False,2
Milan Škriniar,2022-2023,0.0,False,0
Nicolò Barella,2022-2023,3.0,False,3
Raoul Bellanova,2022-2023,,True,-1
Roberto Gagliardini,2022-2023,0.0,False,0
Robin Gosens,2022-2023,1.0,False,1
Romelu Lukaku,2022-2023,,True,-1
Samir Handanović,2022-2023,0.0,False,0
Stefan de Vrij,2022-2023,0.0,False,0
Valentin Carboni,2022-2023,4.0,False,4
