player_name,season,MP,Starts,Min,90s,Gls,Ast,G_plus_A,G_minus_PK,PK,PKatt,CrdY,CrdR,xG,npxG,xAG,npxG_plus_xAG,PrgC,PrgP,PrgR,age,team,nation,positions_all,primary_position,n_positions,n_source_rows,transferred_midseason,Gls_per90,Ast_per90,GA_per90,xG_per90,xAG_per90,npxG_per90,PrgC_per90,PrgP_per90,PrgR_per90,is_low_sample,is_inter,contract_years_left,is_loan,contract_raw,has_contract_info,departed,has_departure_label
Alessandro Bastoni,2023-2024,28,28,2268,25.2,1,3,4,1,0,0,5,0,1.2,1.2,3.4,4.6,63,142,77,24,Inter,ITA,DF,Defender,1,1,False,0.03968253968253968,0.11904761904761905,0.15873015873015872,0.047619047619047616,0.1349206349206349,0.047619047619047616,2.5,5.634920634920635,3.055555555555556,False,True,4.0,False,4.0,True,0,True
Alexis Sánchez,2023-2024,23,6,763,8.5,2,5,7,1,1,1,0,0,3.2,2.5,3.1,5.6,16,53,58,34,Inter,CHI,"FW,MF",Forward,2,1,False,0.23529411764705882,0.5882352941176471,0.8235294117647058,0.3764705882352941,0.3647058823529412,0.29411764705882354,1.8823529411764706,6.235294117647059,6.823529411764706,False,True,0.0,False,0.0,True,1,True
Benjamin Pavard,2023-2024,23,21,1672,18.6,0,2,2,0,0,0,6,0,0.7,0.7,1.4,2.1,25,89,47,27,Inter,FRA,DF,Defender,1,1,False,0.0,0.1075268817204301,0.1075268817204301,0.03763440860215053,0.07526881720430106,0.03763440860215053,1.3440860215053763,4.784946236559139,2.5268817204301075,False,True,4.0,False,4.0,True,0,True
Carlos Augusto,2023-2024,37,14,1725,19.2,0,3,3,0,0,0,1,0,1.0,1.0,2.8,3.9,42,54,88,24,Inter,BRA,DF,Defender,1,1,False,0.0,0.15625,0.15625,0.052083333333333336,0.14583333333333334,0.052083333333333336,2.1875,2.8125,4.583333333333334,False,True,,True,-1.0,True,0,True
Davide Frattesi,2023-2024,32,6,955,10.6,6,3,9,6,0,0,1,0,7.1,7.1,1.9,9.0,27,37,40,23,Inter,ITA,MF,Midfielder,1,1,False,0.5660377358490566,0.2830188679245283,0.8490566037735849,0.6698113207547169,0.1792452830188679,0.6698113207547169,2.547169811320755,3.4905660377358494,3.7735849056603774,False,True,,True,-1.0,True,0,True
Davy Klaassen,2023-2024,13,1,206,2.3,0,0,0,0,0,0,1,0,0.1,0.1,0.2,0.3,1,7,5,30,Inter,NED,MF,Midfielder,1,1,False,0.0,0.0,0.0,0.04347826086956522,0.08695652173913045,0.04347826086956522,0.4347826086956522,3.0434782608695654,2.173913043478261,True,True,0.0,False,0.0,True,1,True
Denzel Dumfries,2023-2024,31,19,1639,18.2,4,4,8,4,0,0,2,1,2.3,2.3,4.9,7.1,50,51,147,27,Inter,NED,DF,Defender,1,1,False,0.21978021978021978,0.21978021978021978,0.43956043956043955,0.12637362637362637,0.2692307692307693,0.12637362637362637,2.7472527472527473,2.8021978021978025,8.076923076923077,False,True,1.0,False,1.0,True,0,True
Ebenezer Akinsanmiro,2023-2024,1,0,15,0.2,0,0,0,0,0,0,0,0,0.0,0.0,0.0,0.0,0,2,0,18,Inter,NGA,MF,Midfielder,1,1,False,0.0,0.0,0.0,0.0,0.0,0.0,0.0,10.0,0.0,True,True,2.0,False,2.0,True,1,True
Emil Audero,2023-2024,4,4,337,3.7,0,0,0,0,0,0,0,0,0.0,0.0,0.0,0.0,0,0,0,26,Inter,IDN,GK,Goalkeeper,1,1,False,0.0,0.0,0.0,0.0,0.0,0.0,0.0,0.0,0.0,True,True,,True,-1.0,True,1,True
Federico Dimarco,2023-2024,30,29,2077,23.1,5,6,11,5,0,0,0,0,2.9,2.7,8.5,11.1,51,100,198,25,Inter,ITA,DF,Defender,1,1,False,0.21645021645021645,0.2597402597402597,0.47619047619047616,0.12554112554112554,0.36796536796536794,0.11688311688311688,2.207792207792208,4.329004329004329,8.571428571428571,False,True,2.0,False,2.0,True,0,True
Francesco Acerbi,2023-2024,29,26,2388,26.5,3,1,4,3,0,0,1,0,1.6,1.6,1.8,3.4,21,87,24,35,Inter,ITA,DF,Defender,1,1,False,0.11320754716981132,0.03773584905660377,0.1509433962264151,0.06037735849056604,0.06792452830188679,0.06037735849056604,0.7924528301886793,3.2830188679245285,0.9056603773584906,False,True,1.0,False,1.0,True,0,True
Hakan Çalhanoğlu,2023-2024,32,32,2556,28.4,13,3,16,3,10,10,5,0,10.1,2.3,4.7,7.0,45,186,34,29,Inter,TUR,MF,Midfielder,1,1,False,0.45774647887323944,0.10563380281690142,0.5633802816901409,0.35563380281690143,0.16549295774647887,0.08098591549295775,1.5845070422535212,6.549295774647888,1.1971830985915493,False,True,3.0,False,3.0,True,0,True
Henrikh Mkhitaryan,2023-2024,36,35,2785,30.9,2,8,10,2,0,0,4,0,3.6,3.6,4.5,8.1,92,192,127,34,Inter,ARM,MF,Midfielder,1,1,False,0.06472491909385114,0.25889967637540456,0.3236245954692557,0.11650485436893204,0.14563106796116507,0.11650485436893204,2.9773462783171523,6.213592233009709,4.110032362459547,False,True,0.0,False,0.0,True,0,True
Juan Cuadrado,2023-2024,10,0,267,3.0,0,2,2,0,0,0,1,0,0.2,0.2,1.6,1.7,17,11,35,35,Inter,COL,DF,Defender,1,1,False,0.0,0.6666666666666666,0.6666666666666666,0.06666666666666667,0.5333333333333333,0.06666666666666667,5.666666666666667,3.6666666666666665,11.666666666666666,True,True,0.0,False,0.0,True,1,True
Kristjan Asllani,2023-2024,23,6,787,8.7,1,2,3,1,0,0,1,0,0.6,0.6,1.1,1.6,5,32,8,21,Inter,ALB,MF,Midfielder,1,1,False,0.1149425287356322,0.2298850574712644,0.3448275862068966,0.06896551724137931,0.12643678160919541,0.06896551724137931,0.574712643678161,3.6781609195402303,0.9195402298850576,False,True,3.0,False,3.0,True,0,True
Lautaro Martínez,2023-2024,33,31,2656,29.5,24,3,27,22,2,3,5,0,17.6,15.3,3.6,18.8,54,80,172,25,Inter,ARG,FW,Forward,1,1,False,0.8135593220338984,0.1016949152542373,0.9152542372881356,0.5966101694915255,0.12203389830508475,0.5186440677966102,1.8305084745762712,2.711864406779661,5.830508474576271,False,True,2.0,False,2.0,True,0,True
Lucien Agoume,2023-2024,1,0,5,0.1,0,0,0,0,0,0,0,0,0.0,0.0,0.0,0.0,0,0,0,21,Inter,FRA,MF,Midfielder,1,1,False,0.0,0.0,0.0,0.0,0.0,0.0,0.0,0.0,0.0,True,True,1.0,False,1.0,True,1,True
Marcus Thuram,2023-2024,35,34,2687,29.9,13,7,20,13,0,0,3,0,14.3,14.3,3.7,18.0,68,47,192,25,Inter,FRA,FW,Forward,1,1,False,0.4347826086956522,0.23411371237458195,0.6688963210702341,0.47826086956521746,0.12374581939799333,0.47826086956521746,2.2742474916387962,1.5719063545150502,6.421404682274248,False,True,4.0,False,4.0,True,0,True
Marko Arnautović,2023-2024,27,5,801,8.9,5,3,8,5,0,0,0,0,5.0,5.0,2.6,7.6,12,20,77,34,Inter,AUT,FW,Forward,1,1,False,0.5617977528089887,0.33707865168539325,0.898876404494382,0.5617977528089887,0.29213483146067415,0.5617977528089887,1.348314606741573,2.2471910112359548,8.651685393258427,False,True,,True,-1.0,True,0,True
Matteo Darmian,2023-2024,33,27,2404,26.7,2,1,3,2,0,0,2,0,1.2,1.2,1.8,3.0,18,72,82,33,Inter,ITA,DF,Defender,1,1,False,0.0749063670411985,0.03745318352059925,0.11235955056179775,0.0449438202247191,0.06741573033707865,0.0449438202247191,0.6741573033707865,2.696629213483146,3.0711610486891385,False,True,0.0,False,0.0,True,0,True
Nicolò Barella,2023-2024,37,34,2846,31.6,2,3,5,2,0,0,7,0,5.1,5.1,3.4,8.5,68,278,144,26,Inter,ITA,MF,Midfielder,1,1,False,0.06329113924050632,0.09493670886075949,0.1582278481012658,0.1613924050632911,0.10759493670886075,0.1613924050632911,2.151898734177215,8.797468354430379,4.556962025316455,False,True,2.0,False,2.0,True,0,True
Raffaele Di Gennaro,2023-2024,1,0,23,0.3,0,0,0,0,0,0,0,0,0.0,0.0,0.0,0.0,0,0,0,29,Inter,ITA,GK,Goalkeeper,1,1,False,0.0,0.0,0.0,0.0,0.0,0.0,0.0,0.0,0.0,True,True,0.0,False,0.0,True,0,True
Stefan de Vrij,2023-2024,25,17,1586,17.6,1,0,1,1,0,0,0,0,0.6,0.6,0.3,0.9,6,43,2,31,Inter,NED,DF,Defender,1,1,False,0.056818181818181816,0.0,0.056818181818181816,0.03409090909090909,0.017045454545454544,0.03409090909090909,0.3409090909090909,2.443181818181818,0.11363636363636363,False,True,1.0,False,1.0,True,0,True
Stefano Sensi,2023-2024,4,0,46,0.5,0,1,1,0,0,0,0,0,0.1,0.1,0.1,0.2,3,3,4,27,Inter,ITA,MF,Midfielder,1,1,False,0.0,2.0,2.0,0.2,0.2,0.2,6.0,6.0,8.0,True,True,0.0,False,0.0,True,1,True
Tajon Buchanan,2023-2024,10,0,161,1.8,1,0,1,1,0,0,0,0,0.2,0.2,0.3,0.5,12,4,22,24,Inter,CAN,DF,Defender,1,1,False,0.5555555555555556,0.0,0.5555555555555556,0.11111111111111112,0.16666666666666666,0.11111111111111112,6.666666666666666,2.2222222222222223,12.222222222222221,True,True,1.0,False,1.0,True,0,True
Yann Aurel Bisseck,2023-2024,16,9,904,10.0,2,0,2,2,0,0,0,0,0.9,0.9,0.5,1.4,24,30,20,22,Inter,GER,DF,Defender,1,1,False,0.2,0.0,0.2,0.09,0.05,0.09,2.4,3.0,2.0,False,True,4.0,False,4.0,True,0,True
Yann Sommer,2023-2024,34,34,3060,34.0,0,0,0,0,0,0,1,0,0.0,0.0,0.0,0.0,0,0,0,34,Inter,SUI,GK,Goalkeeper,1,1,False,0.0,0.0,0.0,0.0,0.0,0.0,0.0,0.0,0.0,False,True,2.0,False,2.0,True,0,True
