Name,Departed_Label
Alessandro Bastoni,0
Alexis Sánchez,1
Benjamin Pavard,0
Carlos Augusto,0
Davide Frattesi,0
Davy Klaassen,1
Denzel Dumfries,0
Ebenezer Akinsanmiro,1
Emil Audero,1
Federico Dimarco,0
Francesco Acerbi,0
Hakan Çalhanoğlu,0
Henrikh Mkhitaryan,0
Juan Cuadrado,1
Kristjan Asllani,0
Lautaro Martínez,0
Lucien Agoume,1
Marcus Thuram,0
Marko Arnautović,0
Matteo Darmian,0
Nicolò Barella,0
Raffaele Di Gennaro,0
Stefan de Vrij,0
Stefano Sensi,1
Tajon Buchanan,0
Yann Aurel Bisseck,0
Yann Sommer,0
