球员姓名,2022-2023,2023-2024,变化状态,位置分析
Alessandro Bastoni,是,是,留队,后卫
Alex Cordaz,是,否,离队,守门员
Alexis Sánchez,否,是,新援,前锋
André Onana,是,否,离队,守门员
Benjamin Pavard,否,是,新援,后卫
Carlos Augusto,否,是,新援,后卫
Danilo D'Ambrosio,是,否,离队,后卫
Davide Frattesi,否,是,新援,中场
Davy Klaassen,否,是,新援,中场
Denzel Dumfries,是,是,留队,后卫
Ebenezer Akinsanmiro,否,是,新援,中场
Edin Džeko,是,否,离队,前锋
Emil Audero,否,是,新援,守门员
Federico Dimarco,是,是,留队,后卫
Francesco Acerbi,是,是,留队,后卫
Hakan Çalhanoğlu,是,是,留队,中场
Henrikh Mkhitaryan,是,是,留队,中场
Joaquín Correa,是,否,离队,前锋
Juan Cuadrado,否,是,新援,后卫
Kristjan Asllani,是,是,留队,中场
Lautaro Martínez,是,是,留队,前锋
Lucien Agoume,否,是,新援,中场
Marcelo Brozović,是,否,离队,中场
Marcus Thuram,否,是,新援,前锋
Marko Arnautović,否,是,新援,前锋
Matteo Darmian,是,是,留队,后卫
Mattia Zanotti,是,否,离队,后卫
Milan Škriniar,是,否,离队,后卫
Nicolò Barella,是,是,留队,中场
Raffaele Di Gennaro,否,是,新援,守门员
Raoul Bellanova,是,否,离队,后卫
Roberto Gagliardini,是,否,离队,中场
Robin Gosens,是,否,离队,后卫
Romelu Lukaku,是,否,离队,前锋
Samir Handanović,是,否,离队,守门员
Stefan de Vrij,是,是,留队,后卫
Stefano Sensi,否,是,新援,中场
Tajon Buchanan,否,是,新援,后卫
Valentin Carboni,是,否,离队,中场
Yann Aurel Bisseck,否,是,新援,后卫
Yann Sommer,否,是,新援,守门员