位置,变化类型,球员姓名,分析
守门员,离队,André Onana,主力门将离队
守门员,离队,Samir Handanović,老将退役
守门员,离队,Alex Cordaz,替补门将
守门员,新援,Yann Sommer,经验丰富的主力门将
守门员,新援,Emil Audero,年轻替补门将
守门员,新援,Raffaele Di Gennaro,第三门将
后卫,离队,Milan Škriniar,主力中卫离队
后卫,离队,Robin Gosens,边后卫离队
后卫,离队,Raoul Bellanova,年轻边卫
后卫,离队,Danilo D'Ambrosio,老将离队
后卫,离队,Mattia Zanotti,年轻后卫
后卫,新援,Benjamin Pavard,经验丰富中卫
后卫,新援,Carlos Augusto,多功能后卫
后卫,新援,Yann Aurel Bisseck,年轻中卫
后卫,新援,Tajon Buchanan,边后卫
后卫,新援,Juan Cuadrado,经验丰富边卫
后卫,留队,Alessandro Bastoni,核心左后卫
后卫,留队,Denzel Dumfries,主力右后卫
后卫,留队,Federico Dimarco,重要边卫
后卫,留队,Francesco Acerbi,经验中卫
后卫,留队,Matteo Darmian,万金油后卫
后卫,留队,Stefan de Vrij,主力中卫
中场,离队,Marcelo Brozović,中场核心离队
中场,离队,Roberto Gagliardini,替补中场
中场,离队,Valentin Carboni,年轻中场
中场,新援,Davide Frattesi,年轻中场新星
中场,新援,Davy Klaassen,经验中场
中场,新援,Ebenezer Akinsanmiro,年轻潜力股
中场,新援,Lucien Agoume,年轻中场
中场,新援,Stefano Sensi,技术型中场
中场,留队,Hakan Çalhanoğlu,核心中场
中场,留队,Henrikh Mkhitaryan,经验中场
中场,留队,Kristjan Asllani,年轻中场
中场,留队,Nicolò Barella,意大利国脚中场
前锋,离队,Romelu Lukaku,主力前锋离队
前锋,离队,Edin Džeko,老将前锋
前锋,离队,Joaquín Correa,边锋/前锋
前锋,新援,Marcus Thuram,主力前锋
前锋,新援,Marko Arnautović,经验前锋
前锋,新援,Alexis Sánchez,多功能前锋
前锋,留队,Lautaro Martínez,核心前锋