,,,,nation,pos,age,born,90s,SCA,SCA,SCA Types,SCA Types,SCA Types,SCA Types,SCA Types,SCA Types,GCA,GCA,GCA Types,GCA Types,GCA Types,GCA Types,GCA Types,GCA Types
,,,,,,,,,SCA,SCA90,PassLive,PassDead,TO,Sh,Fld,Def,GCA,GCA90,PassLive,PassDead,TO,Sh,Fld,Def
league,season,team,player,,,,,,,,,,,,,,,,,,,,,
ITA-Serie A,2223,Atalanta,Ademola Lookman,NGA,"FW,MF",24,1997,19.2,87,4.53,60,6,10,5,5,1,12,0.62,8,0,1,2,1,0
ITA-Serie A,2223,Atalanta,Berat Djimsiti,ALB,DF,29,1993,20.0,10,0.5,8,0,0,1,1,0,4,0.2,3,0,0,1,0,0
ITA-Serie A,2223,Atalanta,Brandon Soppy,FRA,DF,20,2002,7.1,22,3.07,17,0,1,1,3,0,6,0.84,5,0,0,0,1,0
ITA-Serie A,2223,Atalanta,Caleb Okoli,ITA,DF,21,2001,10.7,2,0.19,1,0,0,1,0,0,1,0.09,1,0,0,0,0,0
ITA-Serie A,2223,Atalanta,Davide Zappacosta,ITA,DF,30,1992,16.3,39,2.38,26,6,3,2,1,1,8,0.49,5,1,1,1,0,0
ITA-Serie A,2223,Atalanta,Duván Zapata,COL,FW,31,1991,15.4,46,2.98,35,0,5,1,4,1,7,0.45,4,0,1,1,1,0
ITA-Serie A,2223,Atalanta,Francesco Rossi,ITA,GK,31,1991,0.0,0,0.0,0,0,0,0,0,0,0,0.0,0,0,0,0,0,0
ITA-Serie A,2223,Atalanta,Giorgio Scalvini,ITA,DF,18,2003,25.9,33,1.27,29,1,2,0,0,1,5,0.19,5,0,0,0,0,0
ITA-Serie A,2223,Atalanta,Hans Hateboer,NED,DF,28,1994,15.5,22,1.42,19,1,1,1,0,0,1,0.06,1,0,0,0,0,0
ITA-Serie A,2223,Atalanta,Jeremie Boga,CIV,"MF,FW",25,1997,8.7,57,6.59,33,13,7,1,2,1,8,0.92,7,0,0,0,0,1
ITA-Serie A,2223,Atalanta,Joakim Mæhle,DEN,"DF,MF",25,1997,24.5,81,3.3,68,4,4,1,2,2,6,0.24,4,1,1,0,0,0
ITA-Serie A,2223,Atalanta,José Luis Palomino,ARG,DF,32,1990,8.4,9,1.07,7,0,1,1,0,0,2,0.24,1,0,0,1,0,0
ITA-Serie A,2223,Atalanta,Juan Musso,ARG,GK,28,1994,23.1,1,0.04,1,0,0,0,0,0,0,0.0,0,0,0,0,0,0
ITA-Serie A,2223,Atalanta,Luis Muriel,COL,"FW,MF",31,1991,11.9,67,5.61,43,15,4,3,2,0,6,0.5,5,0,0,0,1,0
ITA-Serie A,2223,Atalanta,Lukáš Vorlický,CZE,"MF,FW",20,2002,0.3,1,3.75,1,0,0,0,0,0,0,0.0,0,0,0,0,0,0
ITA-Serie A,2223,Atalanta,Marco Sportiello,ITA,GK,30,1992,14.9,4,0.27,2,2,0,0,0,0,0,0.0,0,0,0,0,0,0
ITA-Serie A,2223,Atalanta,Mario Pašalić,CRO,"MF,FW",27,1995,19.7,51,2.58,46,0,2,2,0,1,6,0.3,5,0,0,1,0,0
ITA-Serie A,2223,Atalanta,Marten de Roon,NED,MF,31,1991,32.9,51,1.55,45,0,1,1,3,1,2,0.06,2,0,0,0,0,0
ITA-Serie A,2223,Atalanta,Matteo Ruggeri,ITA,"DF,MF",20,2002,9.2,17,1.85,17,0,0,0,0,0,1,0.11,1,0,0,0,0,0
ITA-Serie A,2223,Atalanta,Merih Demiral,TUR,DF,24,1998,17.1,4,0.23,4,0,0,0,0,0,0,0.0,0,0,0,0,0,0
ITA-Serie A,2223,Atalanta,Nadir Zortea,ITA,"DF,MF",23,1999,2.5,8,3.27,5,0,2,1,0,0,1,0.41,1,0,0,0,0,0
ITA-Serie A,2223,Atalanta,Rafael Tolói,ITA,DF,31,1990,30.9,47,1.52,39,0,3,4,0,1,8,0.26,7,0,0,1,0,0
ITA-Serie A,2223,Atalanta,Rasmus Højlund,DEN,FW,19,2003,20.4,56,2.75,37,0,7,6,6,0,5,0.25,3,0,0,0,2,0
ITA-Serie A,2223,Atalanta,Ruslan Malinovskyi,UKR,"MF,FW",29,1993,6.1,26,4.25,16,7,1,1,1,0,2,0.33,2,0,0,0,0,0
ITA-Serie A,2223,Atalanta,Teun Koopmeiners,NED,MF,24,1998,31.8,132,4.16,85,31,3,11,2,0,17,0.54,10,3,1,3,0,0
ITA-Serie A,2223,Atalanta,Tommaso De Nipoti,ITA,MF,19,2003,0.0,0,0.0,0,0,0,0,0,0,0,0.0,0,0,0,0,0,0
ITA-Serie A,2223,Atalanta,Éderson,BRA,MF,23,1999,24.6,55,2.23,37,1,7,7,1,2,5,0.2,3,0,1,0,1,0
ITA-Serie A,2223,Bologna,Adama Soumaoro,FRA,DF,30,1992,20.7,7,0.34,7,0,0,0,0,0,1,0.05,1,0,0,0,0,0
ITA-Serie A,2223,Bologna,Andrea Cambiaso,ITA,DF,22,2000,24.1,55,2.28,43,4,4,2,2,0,7,0.29,7,0,0,0,0,0
ITA-Serie A,2223,Bologna,Antonio Raimondo,ITA,FW,18,2004,0.2,0,0.0,0,0,0,0,0,0,0,0.0,0,0,0,0,0,0
ITA-Serie A,2223,Bologna,Charalampos Lykogiannis,GRE,DF,28,1993,12.3,29,2.36,19,6,1,2,1,0,2,0.16,0,2,0,0,0,0
ITA-Serie A,2223,Bologna,Denso Kasius,NED,DF,19,2002,3.8,15,3.94,13,0,2,0,0,0,2,0.52,2,0,0,0,0,0
ITA-Serie A,2223,Bologna,Emanuel Vignato,ITA,"MF,FW",21,2000,2.7,5,1.86,5,0,0,0,0,0,1,0.37,1,0,0,0,0,0
ITA-Serie A,2223,Bologna,Francesco Bardi,ITA,GK,30,1992,1.0,0,0.0,0,0,0,0,0,0,0,0.0,0,0,0,0,0,0
ITA-Serie A,2223,Bologna,Gary Medel,CHI,"MF,DF",34,1987,16.4,23,1.4,20,0,0,0,1,2,2,0.12,2,0,0,0,0,0
ITA-Serie A,2223,Bologna,Giorgos Kyriakopoulos,GRE,"DF,FW",26,1996,7.8,20,2.56,13,4,1,1,1,0,3,0.38,2,1,0,0,0,0
ITA-Serie A,2223,Bologna,Jerdy Schouten,NED,MF,25,1997,27.9,56,2.01,53,0,0,2,0,1,6,0.22,6,0,0,0,0,0
ITA-Serie A,2223,Bologna,Jhon Lucumí,COL,DF,24,1998,32.2,30,0.93,25,0,0,3,1,1,6,0.19,5,0,0,0,1,0
ITA-Serie A,2223,Bologna,Joaquin Sosa,URU,DF,20,2002,7.6,3,0.39,3,0,0,0,0,0,0,0.0,0,0,0,0,0,0
ITA-Serie A,2223,Bologna,Joshua Zirkzee,NED,FW,21,2001,9.1,36,3.95,23,0,7,4,1,1,4,0.44,4,0,0,0,0,0
ITA-Serie A,2223,Bologna,Kevin Bonifazi,ITA,DF,26,1996,10.0,9,0.9,9,0,0,0,0,0,0,0.0,0,0,0,0,0,0
ITA-Serie A,2223,Bologna,Lewis Ferguson,SCO,"MF,FW",22,1999,25.7,62,2.41,45,1,1,8,6,1,5,0.19,4,0,0,1,0,0
ITA-Serie A,2223,Bologna,Lorenzo De Silvestri,ITA,DF,34,1988,7.5,11,1.47,11,0,0,0,0,0,0,0.0,0,0,0,0,0,0
ITA-Serie A,2223,Bologna,Marko Arnautović,AUT,FW,33,1989,17.0,44,2.58,36,0,3,2,3,0,5,0.29,3,0,1,0,1,0
ITA-Serie A,2223,Bologna,Michel Aebischer,SUI,"FW,MF",25,1997,17.1,35,2.04,25,3,2,2,2,1,3,0.18,1,0,0,1,1,0
ITA-Serie A,2223,Bologna,Musa Barrow,GAM,"FW,MF",23,1998,21.8,71,3.26,44,15,4,5,3,0,10,0.46,7,2,0,1,0,0
ITA-Serie A,2223,Bologna,Nicola Sansone,ITA,FW,30,1991,8.2,31,3.77,19,3,3,2,4,0,7,0.85,3,1,0,1,2,0
ITA-Serie A,2223,Bologna,Nicolás Domínguez,ARG,MF,24,1998,25.6,71,2.78,61,2,3,1,3,1,5,0.2,5,0,0,0,0,0
ITA-Serie A,2223,Bologna,Niklas Pyyhtiä,FIN,MF,18,2003,1.2,3,2.48,2,0,0,1,0,0,1,0.83,1,0,0,0,0,0
ITA-Serie A,2223,Bologna,Nikola Moro,CRO,MF,24,1998,13.6,49,3.59,43,0,4,1,1,0,6,0.44,5,0,1,0,0,0
ITA-Serie A,2223,Bologna,Riccardo Orsolini,ITA,FW,25,1997,23.6,98,4.16,46,26,6,10,9,1,8,0.34,0,5,0,2,1,0
ITA-Serie A,2223,Bologna,Roberto Soriano,ITA,"FW,MF",31,1991,14.7,45,3.06,35,1,1,2,4,2,3,0.2,2,0,0,1,0,0
ITA-Serie A,2223,Bologna,Stefan Posch,AUT,DF,25,1997,28.1,54,1.92,41,4,3,1,4,1,4,0.14,3,0,1,0,0,0
ITA-Serie A,2223,Bologna,Łukasz Skorupski,POL,GK,31,1991,37.0,4,0.11,1,3,0,0,0,0,0,0.0,0,0,0,0,0,0
ITA-Serie A,2223,Cremonese,Alberto Basso,ITA,MF,18,2004,0.2,0,0.0,0,0,0,0,0,0,0,0.0,0,0,0,0,0,0
ITA-Serie A,2223,Cremonese,Alex Ferrari,ITA,DF,28,1994,11.2,6,0.54,4,0,1,0,1,0,0,0.0,0,0,0,0,0,0
ITA-Serie A,2223,Cremonese,Charles Pickel,COD,MF,25,1997,27.6,52,1.89,49,1,0,2,0,0,2,0.07,2,0,0,0,0,0
ITA-Serie A,2223,Cremonese,Christian Acella,ITA,MF,20,2002,0.2,0,0.0,0,0,0,0,0,0,0,0.0,0,0,0,0,0,0
ITA-Serie A,2223,Cremonese,Cristian Buonaiuto,ITA,"MF,FW",29,1992,10.9,60,5.5,26,10,9,9,4,2,2,0.18,0,0,0,1,1,0
ITA-Serie A,2223,Cremonese,Cyriel Dessers,NGA,FW,27,1994,17.6,44,2.49,28,2,5,5,3,1,2,0.11,1,0,1,0,0,0
ITA-Serie A,2223,Cremonese,Daniel Ciofani,ITA,FW,37,1985,11.8,24,2.03,17,0,0,5,1,1,4,0.34,1,0,0,3,0,0
ITA-Serie A,2223,Cremonese,David Okereke,NGA,"FW,MF",24,1997,25.2,73,2.9,42,1,11,7,10,2,6,0.24,0,0,3,1,2,0
ITA-Serie A,2223,Cremonese,Emanuel Aiwum,AUT,DF,21,2000,18.4,11,0.6,11,0,0,0,0,0,0,0.0,0,0,0,0,0,0
ITA-Serie A,2223,Cremonese,Emanuele Valeri,ITA,DF,23,1998,30.9,94,3.04,67,15,2,1,8,1,5,0.16,3,2,0,0,0,0
ITA-Serie A,2223,Cremonese,Felix Afena-Gyan,GHA,"FW,MF",19,2003,9.1,15,1.65,10,0,1,4,0,0,1,0.11,0,0,0,1,0,0
ITA-Serie A,2223,Cremonese,Frank Tsadjout,ITA,FW,23,1999,11.7,22,1.89,18,0,0,3,1,0,3,0.26,3,0,0,0,0,0
ITA-Serie A,2223,Cremonese,Giacomo Quagliata,ITA,DF,22,2000,7.8,28,3.61,16,7,0,1,4,0,2,0.26,1,1,0,0,0,0
ITA-Serie A,2223,Cremonese,Gonzalo Escalante,ARG,MF,29,1993,6.2,10,1.62,8,0,0,1,1,0,0,0.0,0,0,0,0,0,0
ITA-Serie A,2223,Cremonese,Ionuț Radu,ROU,GK,25,1997,9.0,6,0.67,5,1,0,0,0,0,0,0.0,0,0,0,0,0,0
ITA-Serie A,2223,Cremonese,Jack Hendry,SCO,DF,27,1995,2.4,4,1.64,4,0,0,0,0,0,1,0.41,1,0,0,0,0,0
ITA-Serie A,2223,Cremonese,Jaime Báez,URU,DF,27,1995,1.1,5,4.69,2,3,0,0,0,0,0,0.0,0,0,0,0,0,0
ITA-Serie A,2223,Cremonese,Johan Vásquez,MEX,DF,23,1998,20.1,20,0.99,17,0,0,0,3,0,1,0.05,1,0,0,0,0,0
ITA-Serie A,2223,Cremonese,Leonardo Sernicola,ITA,DF,25,1997,25.7,55,2.14,40,5,1,3,5,1,4,0.16,3,0,0,0,1,0
ITA-Serie A,2223,Cremonese,Luca Zanimacchia,ITA,"MF,FW",24,1998,8.3,33,3.99,19,6,1,3,2,2,0,0.0,0,0,0,0,0,0
ITA-Serie A,2223,Cremonese,Luka Lochoshvili,GEO,DF,24,1998,20.4,14,0.68,10,0,1,2,0,1,2,0.1,1,0,0,1,0,0
ITA-Serie A,2223,Cremonese,Marco Benassi,ITA,MF,27,1994,11.1,19,1.72,9,6,1,2,0,1,1,0.09,1,0,0,0,0,0
ITA-Serie A,2223,Cremonese,Marco Carnesecchi,ITA,GK,22,2000,27.0,9,0.33,6,3,0,0,0,0,2,0.07,1,1,0,0,0,0
ITA-Serie A,2223,Cremonese,Matteo Bianchetti,ITA,DF,29,1993,23.7,16,0.68,11,4,0,1,0,0,0,0.0,0,0,0,0,0,0
ITA-Serie A,2223,Cremonese,Michele Castagnetti,ITA,MF,32,1989,15.7,57,3.63,45,5,1,5,1,0,3,0.19,3,0,0,0,0,0
ITA-Serie A,2223,Cremonese,Mouhamadou Sarr,SEN,GK,25,1997,2.0,0,0.0,0,0,0,0,0,0,0,0.0,0,0,0,0,0,0
ITA-Serie A,2223,Cremonese,Pablo Galdames Millán,CHI,MF,25,1996,8.2,16,1.96,10,6,0,0,0,0,2,0.24,1,1,0,0,0,0
ITA-Serie A,2223,Cremonese,Paolo Ghiglione,ITA,DF,25,1997,7.9,19,2.41,16,3,0,0,0,0,3,0.38,3,0,0,0,0,0
ITA-Serie A,2223,Cremonese,Samuel Di Carmine,ITA,"FW,MF",33,1988,0.3,0,0.0,0,0,0,0,0,0,0,0.0,0,0,0,0,0,0
ITA-Serie A,2223,Cremonese,Santiago Ascacíbar,ARG,MF,25,1997,8.1,25,3.09,17,1,0,7,0,0,3,0.37,1,0,0,2,0,0
ITA-Serie A,2223,Cremonese,Soualiho Meïté,FRA,MF,28,1994,26.3,45,1.71,38,1,3,0,1,2,3,0.11,3,0,0,0,0,0
ITA-Serie A,2223,Cremonese,Tommaso Milanese,ITA,MF,20,2002,0.3,2,6.43,1,1,0,0,0,0,0,0.0,0,0,0,0,0,0
ITA-Serie A,2223,Cremonese,Vlad Chiricheș,ROU,DF,32,1989,10.9,5,0.46,5,0,0,0,0,0,1,0.09,1,0,0,0,0,0
ITA-Serie A,2223,Empoli,Alberto Grassi,ITA,MF,27,1995,13.3,13,0.98,11,0,0,1,1,0,1,0.08,1,0,0,0,0,0
ITA-Serie A,2223,Empoli,Ardian Ismajli,ALB,DF,25,1996,23.3,11,0.47,9,0,0,1,0,1,0,0.0,0,0,0,0,0,0
ITA-Serie A,2223,Empoli,Duccio Degl'Innocenti,ITA,MF,19,2003,0.0,0,0.0,0,0,0,0,0,0,0,0.0,0,0,0,0,0,0
ITA-Serie A,2223,Empoli,Emanuel Vignato,ITA,"MF,FW",21,2000,0.6,5,7.89,5,0,0,0,0,0,0,0.0,0,0,0,0,0,0
ITA-Serie A,2223,Empoli,Emmanuel Ekong,SWE,"FW,MF",20,2002,0.2,0,0.0,0,0,0,0,0,0,0,0.0,0,0,0,0,0,0
ITA-Serie A,2223,Empoli,Fabiano Parisi,ITA,DF,21,2000,31.4,62,1.97,42,4,7,2,6,1,8,0.25,6,0,1,0,1,0
ITA-Serie A,2223,Empoli,Filippo Bandinelli,ITA,MF,27,1995,25.1,61,2.42,51,2,0,2,3,3,2,0.08,2,0,0,0,0,0
ITA-Serie A,2223,Empoli,Francesco Caputo,ITA,FW,34,1987,19.0,35,1.85,29,0,0,5,1,0,5,0.26,5,0,0,0,0,0
ITA-Serie A,2223,Empoli,Guglielmo Vicario,ITA,GK,25,1996,30.9,6,0.19,6,0,0,0,0,0,0,0.0,0,0,0,0,0,0
ITA-Serie A,2223,Empoli,Herculano Nabian,POR,MF,18,2004,0.0,0,0.0,0,0,0,0,0,0,0,0.0,0,0,0,0,0,0
ITA-Serie A,2223,Empoli,Jacopo Fazzini,ITA,MF,19,2003,9.2,24,2.62,16,3,2,1,2,0,1,0.11,0,1,0,0,0,0
ITA-Serie A,2223,Empoli,Jean-Daniel Akpa-Akpro,CIV,"MF,FW",29,1992,15.1,28,1.86,18,0,3,2,2,3,5,0.33,3,0,1,1,0,0
ITA-Serie A,2223,Empoli,Koni De Winter,BEL,DF,20,2002,11.4,5,0.44,5,0,0,0,0,0,0,0.0,0,0,0,0,0,0
ITA-Serie A,2223,Empoli,Liam Henderson,SCO,MF,26,1996,11.2,33,2.95,30,1,0,1,0,1,1,0.09,1,0,0,0,0,0
ITA-Serie A,2223,Empoli,Liberato Cacace,NZL,DF,21,2000,6.5,23,3.53,13,3,2,4,0,1,1,0.15,0,0,0,1,0,0
ITA-Serie A,2223,Empoli,Lorenzo Tonelli,ITA,DF,32,1990,0.2,0,0.0,0,0,0,0,0,0,0,0.0,0,0,0,0,0,0
ITA-Serie A,2223,Empoli,Marko Pjaca,CRO,"MF,FW",27,1995,5.8,27,4.64,17,4,3,2,1,0,1,0.17,1,0,0,0,0,0
ITA-Serie A,2223,Empoli,Martin Satriano,URU,FW,21,2001,18.9,32,1.69,19,0,4,5,4,0,3,0.16,2,0,0,1,0,0
ITA-Serie A,2223,Empoli,Mattia Destro,ITA,"FW,MF",31,1991,6.4,11,1.73,5,0,3,1,2,0,1,0.16,1,0,0,0,0,0
ITA-Serie A,2223,Empoli,Nedim Bajrami,ALB,"MF,FW",23,1999,10.4,39,3.74,27,8,2,1,1,0,4,0.38,2,0,1,0,1,0
ITA-Serie A,2223,Empoli,Nicolas Haas,SUI,MF,26,1996,12.8,19,1.48,17,1,1,0,0,0,1,0.08,0,1,0,0,0,0
ITA-Serie A,2223,Empoli,Nicolò Cambiaghi,ITA,"FW,MF",21,2000,14.3,53,3.71,31,1,3,5,10,3,7,0.49,1,1,2,1,2,0
ITA-Serie A,2223,Empoli,Petar Stojanović,SVN,DF,26,1995,17.0,49,2.88,34,7,3,2,2,1,3,0.18,3,0,0,0,0,0
ITA-Serie A,2223,Empoli,Roberto Piccoli,ITA,FW,21,2001,5.7,9,1.57,6,0,1,2,0,0,1,0.17,0,0,1,0,0,0
ITA-Serie A,2223,Empoli,Răzvan Marin,ROU,MF,26,1996,28.2,92,3.26,54,34,2,1,1,0,4,0.14,1,3,0,0,0,0
ITA-Serie A,2223,Empoli,Sam Lammers,NED,FW,25,1997,9.8,25,2.55,18,1,3,1,2,0,1,0.1,1,0,0,0,0,0
ITA-Serie A,2223,Empoli,Samir Ujkani,KVX,GK,34,1988,0.1,0,0.0,0,0,0,0,0,0,0,0.0,0,0,0,0,0,0
ITA-Serie A,2223,Empoli,Samuele Perisan,ITA,GK,24,1997,7.0,0,0.0,0,0,0,0,0,0,0,0.0,0,0,0,0,0,0
ITA-Serie A,2223,Empoli,Sebastian Walukiewicz,POL,DF,22,2000,6.7,4,0.6,4,0,0,0,0,0,0,0.0,0,0,0,0,0,0
ITA-Serie A,2223,Empoli,Sebastiano Luperto,ITA,DF,25,1996,34.8,12,0.34,10,1,0,1,0,0,2,0.06,2,0,0,0,0,0
ITA-Serie A,2223,Empoli,Tommaso Baldanzi,ITA,MF,19,2003,19.7,60,3.04,38,2,7,5,8,0,4,0.2,4,0,0,0,0,0
ITA-Serie A,2223,Empoli,Tyronne Ebuehi,NGA,DF,26,1995,21.4,29,1.36,22,5,0,1,1,0,4,0.19,3,0,0,1,0,0
ITA-Serie A,2223,Fiorentina,Aleksa Terzić,SRB,DF,22,1999,10.4,43,4.13,32,6,4,1,0,0,5,0.48,3,1,0,1,0,0
ITA-Serie A,2223,Fiorentina,Alessandro Bianco,ITA,MF,19,2002,1.7,4,2.35,3,0,0,0,1,0,0,0.0,0,0,0,0,0,0
ITA-Serie A,2223,Fiorentina,Alfred Duncan,GHA,MF,29,1993,12.3,39,3.17,32,2,1,2,1,1,5,0.41,3,0,1,1,0,0
ITA-Serie A,2223,Fiorentina,Antonín Barák,CZE,MF,27,1994,20.0,44,2.2,35,0,4,2,3,0,1,0.05,1,0,0,0,0,0
ITA-Serie A,2223,Fiorentina,Arthur Cabral,BRA,FW,24,1998,15.9,36,2.26,26,0,2,5,3,0,2,0.13,1,0,0,1,0,0
ITA-Serie A,2223,Fiorentina,Christian Kouamé,CIV,FW,24,1997,20.7,83,4.01,67,0,4,5,7,0,8,0.39,6,0,1,1,0,0
ITA-Serie A,2223,Fiorentina,Cristiano Biraghi,ITA,DF,29,1992,28.3,132,4.66,59,68,1,3,0,1,6,0.21,3,3,0,0,0,0
ITA-Serie A,2223,Fiorentina,Dodô,BRA,DF,23,1998,25.9,65,2.51,58,2,1,2,1,1,5,0.19,5,0,0,0,0,0
ITA-Serie A,2223,Fiorentina,Gaetano Castrovilli,ITA,MF,25,1997,8.0,18,2.25,12,2,0,2,1,1,1,0.12,1,0,0,0,0,0
ITA-Serie A,2223,Fiorentina,Giacomo Bonaventura,ITA,MF,32,1989,21.2,78,3.68,51,6,5,7,8,1,8,0.38,6,0,1,0,1,0
ITA-Serie A,2223,Fiorentina,Igor,BRA,DF,24,1998,22.9,19,0.83,16,0,2,0,0,1,1,0.04,1,0,0,0,0,0
ITA-Serie A,2223,Fiorentina,Jonathan Ikone,FRA,FW,24,1998,22.3,67,3.01,50,0,11,3,3,0,14,0.63,9,0,3,0,2,0
ITA-Serie A,2223,Fiorentina,Josip Brekalo,CRO,"FW,MF",24,1998,2.5,16,6.29,10,0,2,1,2,1,0,0.0,0,0,0,0,0,0
ITA-Serie A,2223,Fiorentina,Lorenzo Venuti,ITA,DF,27,1995,10.3,24,2.34,15,6,2,1,0,0,2,0.19,1,1,0,0,0,0
ITA-Serie A,2223,Fiorentina,Luca Ranieri,ITA,DF,23,1999,5.6,4,0.71,4,0,0,0,0,0,0,0.0,0,0,0,0,0,0
ITA-Serie A,2223,Fiorentina,Lucas Martínez Quarta,ARG,DF,26,1996,24.1,28,1.16,21,2,0,4,0,1,2,0.08,2,0,0,0,0,0
ITA-Serie A,2223,Fiorentina,Luka Jović,SRB,"FW,MF",24,1997,17.0,48,2.82,33,0,5,8,2,0,4,0.23,3,0,1,0,0,0
ITA-Serie A,2223,Fiorentina,Marco Benassi,ITA,DF,27,1994,1.0,1,0.97,1,0,0,0,0,0,0,0.0,0,0,0,0,0,0
ITA-Serie A,2223,Fiorentina,Michele Cerofolini,ITA,GK,23,1999,5.0,0,0.0,0,0,0,0,0,0,0,0.0,0,0,0,0,0,0
ITA-Serie A,2223,Fiorentina,Nicolás González,ARG,"FW,MF",24,1998,15.0,62,4.12,40,0,4,6,11,1,3,0.2,2,0,0,1,0,0
ITA-Serie A,2223,Fiorentina,Nikola Milenković,SRB,DF,24,1997,23.7,24,1.01,21,0,0,3,0,0,2,0.08,2,0,0,0,0,0
ITA-Serie A,2223,Fiorentina,Pierluigi Gollini,ITA,GK,27,1995,3.0,0,0.0,0,0,0,0,0,0,0,0.0,0,0,0,0,0,0
ITA-Serie A,2223,Fiorentina,Pietro Terracciano,ITA,GK,32,1990,29.0,4,0.14,4,0,0,0,0,0,0,0.0,0,0,0,0,0,0
ITA-Serie A,2223,Fiorentina,Riccardo Saponara,ITA,FW,30,1991,13.4,49,3.66,36,0,4,5,3,1,5,0.37,4,0,0,1,0,0
ITA-Serie A,2223,Fiorentina,Riccardo Sottil,ITA,FW,23,1999,9.3,40,4.32,31,0,2,4,3,0,2,0.22,2,0,0,0,0,0
ITA-Serie A,2223,Fiorentina,Rolando Mandragora,ITA,MF,25,1997,21.7,87,4.02,59,19,0,6,2,1,8,0.37,5,1,0,1,1,0
ITA-Serie A,2223,Fiorentina,Salvatore Sirigu,ITA,GK,35,1987,1.0,0,0.0,0,0,0,0,0,0,0,0.0,0,0,0,0,0,0
ITA-Serie A,2223,Fiorentina,Sofyan Amrabat,MAR,MF,25,1996,22.2,44,1.98,38,0,0,0,2,4,4,0.18,3,0,0,0,0,1
ITA-Serie A,2223,Fiorentina,Szymon Żurkowski,POL,MF,24,1997,0.4,2,5.63,2,0,0,0,0,0,1,2.81,1,0,0,0,0,0
ITA-Serie A,2223,Fiorentina,Youssef Maleh,MAR,MF,23,1998,3.3,7,2.12,7,0,0,0,0,0,0,0.0,0,0,0,0,0,0
ITA-Serie A,2223,Hellas Verona,Adolfo Gaich,ARG,FW,23,1999,8.1,19,2.36,14,0,2,0,2,1,1,0.12,0,0,0,0,1,0
ITA-Serie A,2223,Hellas Verona,Adrien Tameze,CMR,MF,28,1994,33.7,53,1.57,44,2,1,1,4,1,3,0.09,3,0,0,0,0,0
ITA-Serie A,2223,Hellas Verona,Ajdin Hrustic,AUS,MF,26,1996,2.5,7,2.79,6,1,0,0,0,0,1,0.4,1,0,0,0,0,0
ITA-Serie A,2223,Hellas Verona,Alessandro Cortinovis,ITA,MF,21,2001,0.1,0,0.0,0,0,0,0,0,0,0,0.0,0,0,0,0,0,0
ITA-Serie A,2223,Hellas Verona,Antonín Barák,CZE,MF,27,1994,0.3,0,0.0,0,0,0,0,0,0,0,0.0,0,0,0,0,0,0
ITA-Serie A,2223,Hellas Verona,Bruno Amione,ARG,DF,20,2002,0.6,0,0.0,0,0,0,0,0,0,0,0.0,0,0,0,0,0,0
ITA-Serie A,2223,Hellas Verona,Cyril Ngonge,BEL,"MF,FW",22,2000,8.3,27,3.27,13,3,4,6,1,0,3,0.36,1,1,0,1,0,0
ITA-Serie A,2223,Hellas Verona,Darko Lazović,SRB,"MF,DF",31,1990,24.9,67,2.69,46,11,5,2,0,3,5,0.2,3,2,0,0,0,0
ITA-Serie A,2223,Hellas Verona,Davide Faraoni,ITA,DF,30,1991,16.5,28,1.7,18,2,4,4,0,0,4,0.24,2,0,1,1,0,0
ITA-Serie A,2223,Hellas Verona,Deyovaisio Zeefuik,NED,DF,24,1998,0.1,0,0.0,0,0,0,0,0,0,0,0.0,0,0,0,0,0,0
ITA-Serie A,2223,Hellas Verona,Diego Coppola,ITA,DF,18,2003,13.1,9,0.69,6,2,0,0,0,1,0,0.0,0,0,0,0,0,0
ITA-Serie A,2223,Hellas Verona,Fabio Depaoli,ITA,DF,25,1997,24.1,43,1.78,27,9,1,0,5,1,4,0.17,3,1,0,0,0,0
ITA-Serie A,2223,Hellas Verona,Federico Ceccherini,ITA,DF,30,1992,15.7,19,1.2,13,2,0,0,0,4,2,0.13,1,0,0,0,0,1
ITA-Serie A,2223,Hellas Verona,Filippo Terracciano,ITA,"DF,MF",19,2003,9.1,14,1.53,9,2,2,1,0,0,2,0.22,2,0,0,0,0,0
ITA-Serie A,2223,Hellas Verona,Giangiacomo Magnani,ITA,DF,26,1995,17.0,13,0.76,11,0,1,1,0,0,2,0.12,1,0,1,0,0,0
ITA-Serie A,2223,Hellas Verona,Ibrahim Sulemana,GHA,MF,19,2003,7.2,13,1.79,11,0,1,0,0,1,0,0.0,0,0,0,0,0,0
ITA-Serie A,2223,Hellas Verona,Isak Hien,SWE,DF,23,1999,29.0,18,0.62,15,1,0,0,0,2,0,0.0,0,0,0,0,0,0
ITA-Serie A,2223,Hellas Verona,Ivan Ilić,SRB,MF,21,2001,9.5,28,2.96,14,12,2,0,0,0,2,0.21,1,0,1,0,0,0
ITA-Serie A,2223,Hellas Verona,Jayden Braaf,NED,"MF,FW",19,2002,3.2,10,3.14,6,0,3,1,0,0,0,0.0,0,0,0,0,0,0
ITA-Serie A,2223,Hellas Verona,Josh Doig,SCO,DF,20,2002,15.0,35,2.32,23,6,3,1,2,0,7,0.46,5,0,1,0,1,0
ITA-Serie A,2223,Hellas Verona,Juan David Cabal,COL,DF,21,2001,4.9,8,1.62,7,1,0,0,0,0,0,0.0,0,0,0,0,0,0
ITA-Serie A,2223,Hellas Verona,Kevin Lasagna,ITA,"FW,MF",29,1992,17.5,39,2.23,25,0,5,4,3,2,3,0.17,1,0,1,1,0,0
ITA-Serie A,2223,Hellas Verona,Koray Günter,GER,DF,27,1994,11.1,13,1.17,10,1,0,2,0,0,1,0.09,0,0,0,1,0,0
ITA-Serie A,2223,Hellas Verona,Lorenzo Montipò,ITA,GK,26,1996,37.0,12,0.32,5,7,0,0,0,0,0,0.0,0,0,0,0,0,0
ITA-Serie A,2223,Hellas Verona,Martin Hongla,CMR,MF,24,1998,5.8,11,1.89,9,0,1,1,0,0,1,0.17,1,0,0,0,0,0
ITA-Serie A,2223,Hellas Verona,Miguel Veloso,POR,MF,36,1986,12.9,36,2.78,20,12,0,4,0,0,2,0.15,2,0,0,0,0,0
ITA-Serie A,2223,Hellas Verona,Milan Đurić,BIH,FW,32,1990,15.2,36,2.37,31,0,0,3,2,0,2,0.13,2,0,0,0,0,0
ITA-Serie A,2223,Hellas Verona,Oliver Abildgaard,DEN,MF,26,1996,6.6,9,1.37,8,0,0,1,0,0,0,0.0,0,0,0,0,0,0
ITA-Serie A,2223,Hellas Verona,Ondrej Duda,SVK,MF,27,1994,11.8,20,1.69,13,1,1,2,2,1,2,0.17,1,0,0,1,0,0
ITA-Serie A,2223,Hellas Verona,Panagiotis Retsos,GRE,DF,23,1998,1.4,1,0.73,0,1,0,0,0,0,0,0.0,0,0,0,0,0,0
ITA-Serie A,2223,Hellas Verona,Paweł Dawidowicz,POL,DF,27,1995,18.1,16,0.88,13,1,0,1,0,1,1,0.06,0,0,0,1,0,0
ITA-Serie A,2223,Hellas Verona,Roberto Piccoli,ITA,FW,21,2001,2.1,1,0.47,0,0,0,1,0,0,0,0.0,0,0,0,0,0,0
ITA-Serie A,2223,Hellas Verona,Simone Perilli,ITA,GK,27,1995,1.0,0,0.0,0,0,0,0,0,0,0,0.0,0,0,0,0,0,0
ITA-Serie A,2223,Hellas Verona,Simone Verdi,ITA,"MF,FW",30,1992,12.2,47,3.87,25,12,2,2,4,2,0,0.0,0,0,0,0,0,0
ITA-Serie A,2223,Hellas Verona,Thomas Henry,FRA,FW,27,1994,11.4,22,1.92,16,1,1,3,1,0,0,0.0,0,0,0,0,0,0
ITA-Serie A,2223,Hellas Verona,Yayah Kallon,SLE,"MF,FW",21,2001,9.6,30,3.14,24,0,2,1,3,0,2,0.21,1,0,0,1,0,0
ITA-Serie A,2223,Inter,Alessandro Bastoni,ITA,DF,23,1999,24.0,52,2.17,43,4,1,2,2,0,5,0.21,3,1,0,0,1,0
ITA-Serie A,2223,Inter,Alex Cordaz,ITA,GK,39,1983,0.3,0,0.0,0,0,0,0,0,0,0,0.0,0,0,0,0,0,0
ITA-Serie A,2223,Inter,André Onana,CMR,GK,26,1996,24.0,8,0.33,6,2,0,0,0,0,0,0.0,0,0,0,0,0,0
ITA-Serie A,2223,Inter,Danilo D'Ambrosio,ITA,DF,33,1988,8.1,17,2.09,14,0,1,1,1,0,2,0.25,2,0,0,0,0,0
ITA-Serie A,2223,Inter,Denzel Dumfries,NED,DF,26,1996,24.6,71,2.88,48,4,1,9,8,1,11,0.45,6,0,0,2,3,0
ITA-Serie A,2223,Inter,Edin Džeko,BIH,FW,36,1986,19.2,61,3.16,47,0,1,12,1,0,11,0.57,7,0,1,3,0,0
ITA-Serie A,2223,Inter,Federico Dimarco,ITA,DF,24,1997,23.0,103,4.48,64,29,1,5,3,1,8,0.35,6,0,1,1,0,0
ITA-Serie A,2223,Inter,Francesco Acerbi,ITA,DF,34,1988,26.9,37,1.37,34,1,0,2,0,0,1,0.04,1,0,0,0,0,0
ITA-Serie A,2223,Inter,Hakan Çalhanoğlu,TUR,MF,28,1994,26.3,131,4.99,75,46,0,5,4,1,11,0.42,8,3,0,0,0,0
ITA-Serie A,2223,Inter,Henrikh Mkhitaryan,ARM,MF,33,1989,22.1,80,3.63,61,0,2,5,8,4,8,0.36,7,0,0,0,0,1
ITA-Serie A,2223,Inter,Joaquín Correa,ARG,FW,27,1994,10.6,37,3.51,27,0,3,5,2,0,3,0.28,3,0,0,0,0,0
ITA-Serie A,2223,Inter,Kristjan Asllani,ALB,MF,20,2002,6.6,22,3.36,11,9,1,0,1,0,1,0.15,1,0,0,0,0,0
ITA-Serie A,2223,Inter,Lautaro Martínez,ARG,FW,24,1997,28.6,94,3.28,65,2,4,13,9,1,16,0.56,9,0,1,3,2,1
ITA-Serie A,2223,Inter,Marcelo Brozović,CRO,MF,29,1992,19.7,58,2.95,42,8,1,7,0,0,8,0.41,8,0,0,0,0,0
ITA-Serie A,2223,Inter,Matteo Darmian,ITA,DF,32,1989,22.5,39,1.73,33,4,0,0,1,1,4,0.18,3,0,0,0,1,0
ITA-Serie A,2223,Inter,Mattia Zanotti,ITA,DF,19,2003,0.3,1,3.33,1,0,0,0,0,0,0,0.0,0,0,0,0,0,0
ITA-Serie A,2223,Inter,Milan Škriniar,SVK,DF,27,1995,19.7,11,0.56,11,0,0,0,0,0,0,0.0,0,0,0,0,0,0
ITA-Serie A,2223,Inter,Nicolò Barella,ITA,MF,25,1997,29.0,121,4.17,103,4,5,2,6,1,13,0.45,11,0,2,0,0,0
ITA-Serie A,2223,Inter,Raoul Bellanova,ITA,DF,22,2000,5.5,7,1.27,3,2,0,1,1,0,0,0.0,0,0,0,0,0,0
ITA-Serie A,2223,Inter,Roberto Gagliardini,ITA,MF,28,1994,8.7,19,2.18,17,0,0,1,1,0,1,0.11,0,0,0,1,0,0
ITA-Serie A,2223,Inter,Robin Gosens,GER,DF,28,1994,13.2,41,3.13,35,1,2,2,1,0,2,0.15,2,0,0,0,0,0
ITA-Serie A,2223,Inter,Romelu Lukaku,BEL,FW,29,1993,18.4,73,3.96,59,0,6,5,3,0,11,0.6,9,0,2,0,0,0
ITA-Serie A,2223,Inter,Samir Handanović,SVN,GK,38,1984,13.7,6,0.44,5,1,0,0,0,0,1,0.07,1,0,0,0,0,0
ITA-Serie A,2223,Inter,Stefan de Vrij,NED,DF,30,1992,21.6,13,0.6,10,0,0,2,0,1,1,0.05,1,0,0,0,0,0
ITA-Serie A,2223,Inter,Valentin Carboni,ARG,"MF,DF",17,2005,0.3,2,7.2,2,0,0,0,0,0,0,0.0,0,0,0,0,0,0
ITA-Serie A,2223,Juventus,Adrien Rabiot,FRA,MF,27,1995,30.5,82,2.69,68,0,3,6,3,2,8,0.26,5,0,1,1,1,0
ITA-Serie A,2223,Juventus,Alex Sandro,BRA,DF,31,1991,19.9,36,1.81,32,0,2,0,1,1,3,0.15,3,0,0,0,0,0
ITA-Serie A,2223,Juventus,Arkadiusz Milik,POL,FW,28,1994,17.6,36,2.05,20,1,1,7,3,4,3,0.17,2,0,0,0,0,1
ITA-Serie A,2223,Juventus,Daniele Rugani,ITA,DF,28,1994,6.3,1,0.16,1,0,0,0,0,0,0,0.0,0,0,0,0,0,0
ITA-Serie A,2223,Juventus,Danilo,BRA,DF,31,1991,35.4,62,1.75,54,1,0,5,2,0,4,0.11,3,0,0,1,0,0
ITA-Serie A,2223,Juventus,Denis Zakaria,SUI,MF,25,1996,1.4,1,0.73,1,0,0,0,0,0,0,0.0,0,0,0,0,0,0
ITA-Serie A,2223,Juventus,Dušan Vlahović,SRB,FW,22,2000,21.4,45,2.1,27,0,3,11,4,0,7,0.33,3,0,0,3,1,0
ITA-Serie A,2223,Juventus,Enzo Barrenechea,ARG,MF,21,2001,1.8,1,0.57,1,0,0,0,0,0,0,0.0,0,0,0,0,0,0
ITA-Serie A,2223,Juventus,Fabio Miretti,ITA,"MF,FW",18,2003,13.7,48,3.51,31,5,5,5,2,0,7,0.51,6,0,0,0,1,0
ITA-Serie A,2223,Juventus,Federico Chiesa,ITA,"DF,MF",24,1997,9.5,41,4.34,26,3,7,3,1,1,6,0.63,5,0,1,0,0,0
ITA-Serie A,2223,Juventus,Federico Gatti,ITA,DF,24,1998,16.1,19,1.18,17,0,0,1,1,0,0,0.0,0,0,0,0,0,0
ITA-Serie A,2223,Juventus,Filip Kostić,SRB,"DF,FW",29,1992,28.5,93,3.26,67,17,3,6,0,0,12,0.42,8,2,0,2,0,0
ITA-Serie A,2223,Juventus,Gleison Bremer,BRA,DF,25,1997,29.3,27,0.92,21,0,0,5,0,1,1,0.03,0,0,0,1,0,0
ITA-Serie A,2223,Juventus,Juan Cuadrado,COL,"DF,FW",34,1988,23.1,78,3.38,43,20,5,3,7,0,6,0.26,2,2,0,0,2,0
ITA-Serie A,2223,Juventus,Leandro Paredes,ARG,MF,28,1994,10.9,46,4.24,28,15,2,1,0,0,3,0.28,3,0,0,0,0,0
ITA-Serie A,2223,Juventus,Leonardo Bonucci,ITA,DF,35,1987,9.8,9,0.92,7,0,0,1,0,1,1,0.1,0,0,0,1,0,0
ITA-Serie A,2223,Juventus,Manuel Locatelli,ITA,MF,24,1998,27.2,56,2.06,46,3,2,3,1,1,7,0.26,5,0,1,0,1,0
ITA-Serie A,2223,Juventus,Mattia De Sciglio,ITA,DF,29,1992,11.6,15,1.3,14,0,0,0,1,0,1,0.09,1,0,0,0,0,0
ITA-Serie A,2223,Juventus,Mattia Perin,ITA,GK,29,1992,10.5,0,0.0,0,0,0,0,0,0,0,0.0,0,0,0,0,0,0
ITA-Serie A,2223,Juventus,Matìas Soulé,ARG,"MF,FW",19,2003,4.7,19,4.08,11,1,3,2,2,0,0,0.0,0,0,0,0,0,0
ITA-Serie A,2223,Juventus,Moise Kean,ITA,FW,22,2000,11.1,31,2.8,21,0,4,5,0,1,2,0.18,2,0,0,0,0,0
ITA-Serie A,2223,Juventus,Nicolò Fagioli,ITA,MF,21,2001,16.9,39,2.31,25,4,1,4,5,0,7,0.41,4,1,0,0,2,0
ITA-Serie A,2223,Juventus,Nicolò Rovella,ITA,MF,20,2001,0.3,0,0.0,0,0,0,0,0,0,0,0.0,0,0,0,0,0,0
ITA-Serie A,2223,Juventus,Paul Pogba,FRA,"MF,FW",29,1993,1.2,8,6.43,3,0,1,1,3,0,1,0.8,0,0,0,0,1,0
ITA-Serie A,2223,Juventus,Samuel Iling-Junior,ENG,"DF,FW",18,2003,3.5,14,3.99,11,0,1,0,1,1,4,1.14,3,0,0,0,0,1
ITA-Serie A,2223,Juventus,Tommaso Barbieri,ITA,DF,19,2002,1.2,1,0.83,1,0,0,0,0,0,0,0.0,0,0,0,0,0,0
ITA-Serie A,2223,Juventus,Weston McKennie,USA,"MF,DF",23,1998,11.7,18,1.54,15,0,1,2,0,0,1,0.09,1,0,0,0,0,0
ITA-Serie A,2223,Juventus,Wojciech Szczęsny,POL,GK,32,1990,27.5,2,0.07,2,0,0,0,0,0,0,0.0,0,0,0,0,0,0
ITA-Serie A,2223,Juventus,Ángel Di María,ARG,"FW,MF",34,1988,15.1,83,5.48,45,24,6,6,1,1,7,0.46,5,2,0,0,0,0
ITA-Serie A,2223,Lazio,Adam Marušić,MNE,DF,29,1992,30.7,35,1.14,28,3,0,1,0,3,3,0.1,2,0,0,1,0,0
ITA-Serie A,2223,Lazio,Alessio Romagnoli,ITA,DF,27,1995,32.5,14,0.43,11,3,0,0,0,0,3,0.09,3,0,0,0,0,0
ITA-Serie A,2223,Lazio,Ciro Immobile,ITA,FW,32,1990,24.7,72,2.92,48,0,7,12,5,0,15,0.61,10,0,0,3,2,0
ITA-Serie A,2223,Lazio,Danilo Cataldi,ITA,MF,27,1994,21.3,35,1.64,21,13,0,1,0,0,2,0.09,1,0,0,1,0,0
ITA-Serie A,2223,Lazio,Elseid Hysaj,ALB,DF,28,1994,22.2,38,1.71,34,0,2,0,2,0,2,0.09,2,0,0,0,0,0
ITA-Serie A,2223,Lazio,Felipe Anderson,BRA,FW,29,1993,32.9,99,3.01,79,1,10,6,3,0,15,0.46,8,0,4,2,1,0
ITA-Serie A,2223,Lazio,Ivan Provedel,ITA,GK,28,1994,37.9,7,0.18,7,0,0,0,0,0,1,0.03,1,0,0,0,0,0
ITA-Serie A,2223,Lazio,Luca Pellegrini,ITA,DF,23,1999,2.0,16,8.0,13,1,2,0,0,0,2,1.0,1,0,1,0,0,0
ITA-Serie A,2223,Lazio,Luis Alberto,ESP,MF,29,1992,27.1,115,4.24,80,30,0,4,0,1,15,0.55,13,2,0,0,0,0
ITA-Serie A,2223,Lazio,Luka Romero,ARG,FW,17,2004,1.7,4,2.38,4,0,0,0,0,0,0,0.0,0,0,0,0,0,0
ITA-Serie A,2223,Lazio,Luís Maximiano,POR,GK,23,1999,0.1,0,0.0,0,0,0,0,0,0,0,0.0,0,0,0,0,0,0
ITA-Serie A,2223,Lazio,Manuel Lazzari,ITA,DF,28,1993,20.9,29,1.39,24,1,1,0,2,1,4,0.19,4,0,0,0,0,0
ITA-Serie A,2223,Lazio,Marco Bertini,ITA,MF,19,2002,0.0,0,0.0,0,0,0,0,0,0,0,0.0,0,0,0,0,0,0
ITA-Serie A,2223,Lazio,Marcos Antônio,BRA,MF,22,2000,6.6,9,1.37,7,0,1,0,1,0,3,0.46,2,0,1,0,0,0
ITA-Serie A,2223,Lazio,Mario Gila,ESP,DF,21,2000,1.0,0,0.0,0,0,0,0,0,0,0,0.0,0,0,0,0,0,0
ITA-Serie A,2223,Lazio,Matteo Cancellieri,ITA,FW,20,2002,2.8,8,2.82,4,0,1,1,2,0,0,0.0,0,0,0,0,0,0
ITA-Serie A,2223,Lazio,Mattia Zaccagni,ITA,FW,27,1995,30.8,87,2.83,63,1,8,6,8,1,11,0.36,8,1,0,1,1,0
ITA-Serie A,2223,Lazio,Matías Vecino,URU,MF,30,1991,18.8,29,1.54,27,0,1,1,0,0,3,0.16,3,0,0,0,0,0
ITA-Serie A,2223,Lazio,Nicolò Casale,ITA,DF,24,1998,27.1,12,0.44,10,1,0,1,0,0,4,0.15,3,0,0,1,0,0
ITA-Serie A,2223,Lazio,Patric,ESP,DF,29,1993,15.7,6,0.38,6,0,0,0,0,0,0,0.0,0,0,0,0,0,0
ITA-Serie A,2223,Lazio,Pedro,ESP,FW,35,1987,21.1,53,2.52,36,1,6,6,2,2,7,0.33,5,0,0,1,1,0
ITA-Serie A,2223,Lazio,Sergej Milinković-Savić,SRB,MF,27,1995,33.6,79,2.35,67,1,4,4,2,1,13,0.39,12,0,0,1,0,0
ITA-Serie A,2223,Lazio,Toma Bašić,CRO,MF,25,1996,5.7,13,2.28,7,0,1,0,5,0,0,0.0,0,0,0,0,0,0
ITA-Serie A,2223,Lazio,Ștefan Radu,ROU,FW,35,1986,0.0,0,0.0,0,0,0,0,0,0,0,0.0,0,0,0,0,0,0
ITA-Serie A,2223,Lecce,Alessandro Tuia,ITA,DF,32,1990,5.7,5,0.88,4,0,0,1,0,0,0,0.0,0,0,0,0,0,0
ITA-Serie A,2223,Lecce,Alexis Blin,FRA,MF,25,1996,26.4,42,1.59,34,2,0,4,2,0,1,0.04,1,0,0,0,0,0
ITA-Serie A,2223,Lecce,Antonino Gallo,ITA,DF,22,2000,27.6,64,2.32,50,9,3,1,1,0,1,0.04,1,0,0,0,0,0
ITA-Serie A,2223,Lecce,Assan Ceesay,GAM,FW,28,1994,20.1,37,1.84,25,0,5,3,4,0,6,0.3,2,0,3,1,0,0
ITA-Serie A,2223,Lecce,Federico Baschirotto,ITA,DF,25,1996,37.0,20,0.54,15,2,0,2,0,1,1,0.03,1,0,0,0,0,0
ITA-Serie A,2223,Lecce,Federico Di Francesco,ITA,"FW,MF",28,1994,22.6,49,2.17,29,5,5,2,6,2,5,0.22,2,1,1,1,0,0
ITA-Serie A,2223,Lecce,Gabriel Strefezza,BRA,"FW,MF",25,1997,27.1,101,3.72,77,6,8,6,3,1,8,0.29,8,0,0,0,0,0
ITA-Serie A,2223,Lecce,Giuseppe Pezzella,ITA,DF,24,1997,10.2,17,1.66,14,2,0,0,1,0,3,0.29,3,0,0,0,0,0
ITA-Serie A,2223,Lecce,Joan Gonzàlez,ESP,MF,20,2002,24.4,40,1.64,31,0,1,3,4,1,3,0.12,2,0,0,0,0,1
ITA-Serie A,2223,Lecce,Joel Voelkerling Persson,SWE,"FW,MF",19,2003,1.1,3,2.73,3,0,0,0,0,0,0,0.0,0,0,0,0,0,0
ITA-Serie A,2223,Lecce,Kastriot Dermaku,ALB,DF,30,1992,0.4,0,0.0,0,0,0,0,0,0,0,0.0,0,0,0,0,0,0
ITA-Serie A,2223,Lecce,Kristijan Bistrović,CRO,MF,24,1998,5.1,10,1.95,3,7,0,0,0,0,0,0.0,0,0,0,0,0,0
ITA-Serie A,2223,Lecce,Kristoffer Askildsen,NOR,MF,21,2001,8.1,15,1.85,9,4,0,0,2,0,1,0.12,1,0,0,0,0,0
ITA-Serie A,2223,Lecce,Lameck Banda,ZAM,"FW,MF",21,2001,18.2,42,2.31,20,2,13,3,4,0,3,0.17,3,0,0,0,0,0
ITA-Serie A,2223,Lecce,Lorenzo Colombo,ITA,FW,20,2002,16.8,43,2.56,29,0,4,8,2,0,2,0.12,1,0,0,1,0,0
ITA-Serie A,2223,Lecce,Marcin Listkowski,POL,"MF,FW",24,1998,0.9,1,1.15,1,0,0,0,0,0,0,0.0,0,0,0,0,0,0
ITA-Serie A,2223,Lecce,Marin Pongračić,CRO,DF,24,1997,8.8,6,0.68,4,1,0,0,0,1,0,0.0,0,0,0,0,0,0
ITA-Serie A,2223,Lecce,Morten Hjulmand,DEN,MF,23,1999,32.9,60,1.82,53,3,0,1,3,0,6,0.18,6,0,0,0,0,0
ITA-Serie A,2223,Lecce,Pablo Rodríguez,ESP,"FW,MF",20,2001,0.6,0,0.0,0,0,0,0,0,0,0,0.0,0,0,0,0,0,0
ITA-Serie A,2223,Lecce,Pietro Ceccaroni,ITA,DF,26,1995,0.5,1,2.09,0,0,0,1,0,0,0,0.0,0,0,0,0,0,0
ITA-Serie A,2223,Lecce,Remi Oudin,FRA,"FW,MF",25,1996,14.7,61,4.16,23,29,3,6,0,0,4,0.27,3,1,0,0,0,0
ITA-Serie A,2223,Lecce,Samuel Umtiti,FRA,DF,28,1993,23.5,9,0.38,7,1,0,0,0,1,0,0.0,0,0,0,0,0,0
ITA-Serie A,2223,Lecce,Simone Romagnoli,ITA,DF,32,1990,1.9,0,0.0,0,0,0,0,0,0,0,0.0,0,0,0,0,0,0
ITA-Serie A,2223,Lecce,Tommaso Cassandro,ITA,DF,22,2000,0.1,0,0.0,0,0,0,0,0,0,0,0.0,0,0,0,0,0,0
ITA-Serie A,2223,Lecce,Valentin Gendrey,FRA,DF,22,2000,34.5,49,1.42,37,5,1,0,4,2,4,0.12,2,0,0,0,2,0
ITA-Serie A,2223,Lecce,Wladimiro Falcone,ITA,GK,27,1995,38.0,6,0.16,4,2,0,0,0,0,0,0.0,0,0,0,0,0,0
ITA-Serie A,2223,Lecce,Youssef Maleh,MAR,MF,23,1998,7.5,11,1.47,8,1,0,1,1,0,1,0.13,1,0,0,0,0,0
ITA-Serie A,2223,Lecce,Yıldırım Mert Çetin,TUR,DF,25,1997,0.2,0,0.0,0,0,0,0,0,0,0,0.0,0,0,0,0,0,0
ITA-Serie A,2223,Lecce,Þórir Jóhann Helgason,ISL,MF,21,2000,2.5,7,2.84,3,3,0,0,1,0,1,0.41,1,0,0,0,0,0
ITA-Serie A,2223,Milan,Alessandro Florenzi,ITA,DF,31,1991,2.3,9,4.01,4,3,0,1,1,0,0,0.0,0,0,0,0,0,0
ITA-Serie A,2223,Milan,Alexis Saelemaekers,BEL,"FW,DF",23,1999,15.6,63,4.05,42,5,7,7,2,0,6,0.39,5,0,1,0,0,0
ITA-Serie A,2223,Milan,Ante Rebić,CRO,"FW,MF",28,1993,10.9,34,3.12,23,1,1,4,4,1,3,0.28,3,0,0,0,0,0
ITA-Serie A,2223,Milan,Antonio Mirante,ITA,GK,39,1983,0.0,0,0.0,0,0,0,0,0,0,0,0.0,0,0,0,0,0,0
ITA-Serie A,2223,Milan,Aster Vranckx,BEL,MF,19,2002,2.7,3,1.12,3,0,0,0,0,0,0,0.0,0,0,0,0,0,0
ITA-Serie A,2223,Milan,Brahim Díaz,MAR,"MF,FW",22,1999,21.4,96,4.49,69,1,12,6,7,1,18,0.84,8,0,6,2,1,1
ITA-Serie A,2223,Milan,Charles De Ketelaere,BEL,"MF,FW",21,2001,12.4,47,3.79,39,2,4,0,2,0,2,0.16,2,0,0,0,0,0
ITA-Serie A,2223,Milan,Ciprian Tătărușanu,ROU,GK,36,1986,16.0,7,0.44,5,2,0,0,0,0,2,0.12,2,0,0,0,0,0
ITA-Serie A,2223,Milan,Davide Calabria,ITA,DF,25,1996,18.8,37,1.97,30,2,0,1,3,1,6,0.32,5,0,0,0,1,0
ITA-Serie A,2223,Milan,Divock Origi,BEL,FW,27,1995,11.4,24,2.11,15,0,3,3,3,0,1,0.09,1,0,0,0,0,0
ITA-Serie A,2223,Milan,Fikayo Tomori,ENG,DF,24,1997,30.7,23,0.75,19,2,0,0,1,1,2,0.07,2,0,0,0,0,0
ITA-Serie A,2223,Milan,Fodé Ballo-Touré,SEN,DF,25,1997,5.8,8,1.38,4,1,1,0,1,1,1,0.17,0,0,1,0,0,0
ITA-Serie A,2223,Milan,Ismaël Bennacer,ALG,MF,24,1997,22.3,87,3.9,59,18,1,3,4,2,4,0.18,1,1,0,1,0,1
ITA-Serie A,2223,Milan,Junior Messias,BRA,"FW,DF",31,1991,16.6,46,2.76,29,1,5,5,5,1,7,0.42,5,0,1,0,1,0
ITA-Serie A,2223,Milan,Malick Thiaw,GER,DF,20,2001,15.1,15,0.99,14,0,0,1,0,0,0,0.0,0,0,0,0,0,0
ITA-Serie A,2223,Milan,Marko Lazetić,SRB,FW,18,2004,0.1,0,0.0,0,0,0,0,0,0,0,0.0,0,0,0,0,0,0
ITA-Serie A,2223,Milan,Matteo Gabbia,ITA,DF,22,1999,6.8,4,0.59,4,0,0,0,0,0,0,0.0,0,0,0,0,0,0
ITA-Serie A,2223,Milan,Mike Maignan,FRA,GK,27,1995,22.0,3,0.14,3,0,0,0,0,0,1,0.05,1,0,0,0,0,0
ITA-Serie A,2223,Milan,Olivier Giroud,FRA,FW,35,1986,23.8,50,2.1,39,0,0,8,3,0,6,0.25,3,0,0,3,0,0
ITA-Serie A,2223,Milan,Pierre Kalulu,FRA,DF,22,2000,28.3,33,1.17,28,2,0,2,0,1,3,0.11,2,1,0,0,0,0
ITA-Serie A,2223,Milan,Rade Krunić,BIH,MF,28,1993,18.4,41,2.23,35,1,0,2,2,1,6,0.33,6,0,0,0,0,0
ITA-Serie A,2223,Milan,Rafael Leão,POR,"FW,MF",23,1999,26.9,123,4.57,80,3,24,8,8,0,18,0.67,12,1,4,0,1,0
ITA-Serie A,2223,Milan,Sandro Tonali,ITA,MF,22,2000,30.1,101,3.35,62,26,2,6,2,3,13,0.43,9,1,1,1,0,1
ITA-Serie A,2223,Milan,Sergiño Dest,USA,DF,21,2000,3.7,11,3.0,8,2,1,0,0,0,1,0.27,1,0,0,0,0,0
ITA-Serie A,2223,Milan,Simon Kjær,DEN,DF,33,1989,11.2,5,0.45,4,1,0,0,0,0,0,0.0,0,0,0,0,0,0
ITA-Serie A,2223,Milan,Theo Hernández,FRA,DF,24,1997,30.8,87,2.82,51,17,3,7,8,1,8,0.26,5,2,1,0,0,0
ITA-Serie A,2223,Milan,Tiemoué Bakayoko,FRA,MF,27,1994,0.5,0,0.0,0,0,0,0,0,0,0,0.0,0,0,0,0,0,0
ITA-Serie A,2223,Milan,Tommaso Pobega,ITA,MF,23,1999,9.8,22,2.24,15,0,1,3,2,1,2,0.2,2,0,0,0,0,0
ITA-Serie A,2223,Milan,Yacine Adli,FRA,"MF,FW",22,2000,1.6,3,1.87,2,1,0,0,0,0,1,0.62,1,0,0,0,0,0
ITA-Serie A,2223,Milan,Zlatan Ibrahimović,SWE,FW,40,1981,1.6,3,1.85,2,0,0,1,0,0,0,0.0,0,0,0,0,0,0
ITA-Serie A,2223,Monza,Alessio Cragno,ITA,GK,28,1994,1.0,0,0.0,0,0,0,0,0,0,0,0.0,0,0,0,0,0,0
ITA-Serie A,2223,Monza,Andrea Barberis,ITA,MF,28,1993,3.8,10,2.67,9,1,0,0,0,0,2,0.53,1,1,0,0,0,0
ITA-Serie A,2223,Monza,Andrea Carboni,ITA,DF,21,2001,1.9,3,1.62,3,0,0,0,0,0,0,0.0,0,0,0,0,0,0
ITA-Serie A,2223,Monza,Andrea Colpani,ITA,MF,23,1999,10.5,38,3.6,23,5,3,4,3,0,2,0.19,1,0,0,0,1,0
ITA-Serie A,2223,Monza,Andrea Petagna,ITA,FW,27,1995,18.5,41,2.22,32,0,4,4,1,0,7,0.38,3,0,2,1,1,0
ITA-Serie A,2223,Monza,Andrea Ranocchia,ITA,DF,34,1988,0.5,0,0.0,0,0,0,0,0,0,0,0.0,0,0,0,0,0,0
ITA-Serie A,2223,Monza,Armando Izzo,ITA,DF,30,1992,27.4,26,0.95,22,0,0,1,1,2,1,0.04,0,0,0,0,1,0
ITA-Serie A,2223,Monza,Carlos Augusto,BRA,DF,23,1999,34.3,56,1.63,45,3,3,2,2,1,9,0.26,8,0,0,1,0,0
ITA-Serie A,2223,Monza,Christian Gytkjær,DEN,"FW,MF",32,1990,6.2,9,1.46,7,0,0,2,0,0,2,0.32,1,0,0,1,0,0
ITA-Serie A,2223,Monza,Dany Mota,POR,"FW,MF",24,1998,21.2,57,2.68,42,0,5,6,4,0,8,0.38,2,0,3,1,2,0
ITA-Serie A,2223,Monza,Filippo Ranocchia,ITA,MF,21,2001,5.9,19,3.23,8,4,1,5,1,0,1,0.17,1,0,0,0,0,0
ITA-Serie A,2223,Monza,Franco Carboni,ITA,"DF,FW",19,2003,0.7,1,1.36,1,0,0,0,0,0,0,0.0,0,0,0,0,0,0
ITA-Serie A,2223,Monza,Gianluca Caprari,ITA,"MF,FW",29,1993,27.1,78,2.87,59,9,5,4,1,0,11,0.41,8,2,0,0,1,0
ITA-Serie A,2223,Monza,Giulio Donati,ITA,DF,32,1990,4.7,4,0.85,2,1,0,0,1,0,0,0.0,0,0,0,0,0,0
ITA-Serie A,2223,Monza,Luca Caldirola,ITA,DF,31,1991,26.1,12,0.46,12,0,0,0,0,0,1,0.04,1,0,0,0,0,0
ITA-Serie A,2223,Monza,Luca Marrone,ITA,DF,32,1990,1.5,0,0.0,0,0,0,0,0,0,0,0.0,0,0,0,0,0,0
ITA-Serie A,2223,Monza,Marco D'Alessandro,ITA,"DF,FW",31,1991,3.2,8,2.49,7,0,0,0,1,0,1,0.31,1,0,0,0,0,0
ITA-Serie A,2223,Monza,Marlon,BRA,DF,26,1995,17.7,7,0.4,6,0,0,1,0,0,0,0.0,0,0,0,0,0,0
ITA-Serie A,2223,Monza,Matteo Pessina,ITA,MF,25,1997,32.6,69,2.12,57,1,2,0,7,2,11,0.34,9,0,1,0,1,0
ITA-Serie A,2223,Monza,Mattia Valoti,ITA,"MF,FW",28,1993,5.0,7,1.39,4,0,0,0,1,2,0,0.0,0,0,0,0,0,0
ITA-Serie A,2223,Monza,Michele Di Gregorio,ITA,GK,25,1997,37.0,3,0.08,3,0,0,0,0,0,1,0.03,1,0,0,0,0,0
ITA-Serie A,2223,Monza,Nicolò Rovella,ITA,MF,20,2001,19.3,53,2.74,41,5,1,1,2,3,7,0.36,5,1,0,0,0,1
ITA-Serie A,2223,Monza,Pablo Marí,ESP,DF,28,1993,27.6,14,0.51,13,1,0,0,0,0,0,0.0,0,0,0,0,0,0
ITA-Serie A,2223,Monza,Patrick Ciurria,ITA,"DF,MF",27,1995,30.6,67,2.19,42,12,4,6,2,1,4,0.13,3,1,0,0,0,0
ITA-Serie A,2223,Monza,Pepín,EQG,MF,25,1996,12.5,23,1.84,22,0,0,0,1,0,3,0.24,3,0,0,0,0,0
ITA-Serie A,2223,Monza,Salvatore Molina,ITA,DF,30,1992,2.5,5,1.97,5,0,0,0,0,0,1,0.39,1,0,0,0,0,0
ITA-Serie A,2223,Monza,Samuele Birindelli,ITA,DF,23,1999,15.6,35,2.25,30,0,2,2,1,0,4,0.26,4,0,0,0,0,0
ITA-Serie A,2223,Monza,Samuele Vignato,ITA,"MF,FW",18,2004,0.7,1,1.5,1,0,0,0,0,0,1,1.5,1,0,0,0,0,0
ITA-Serie A,2223,Monza,Stefano Sensi,ITA,MF,26,1995,18.0,63,3.5,38,18,0,2,4,1,8,0.44,7,0,0,0,1,0
ITA-Serie A,2223,Monza,Valentin Antov,BUL,DF,21,2000,3.4,2,0.59,2,0,0,0,0,0,1,0.29,1,0,0,0,0,0
ITA-Serie A,2223,Monza,Warren Bondo,FRA,MF,18,2003,0.7,3,4.5,1,0,0,0,2,0,0,0.0,0,0,0,0,0,0
ITA-Serie A,2223,Napoli,Adam Ounas,ALG,FW,25,1996,0.2,2,12.0,0,0,1,1,0,0,1,6.0,0,0,0,1,0,0
ITA-Serie A,2223,Napoli,Alessandro Zanoli,ITA,DF,21,2000,0.1,1,7.5,1,0,0,0,0,0,0,0.0,0,0,0,0,0,0
ITA-Serie A,2223,Napoli,Alessio Zerbin,ITA,FW,23,1999,2.2,2,0.92,2,0,0,0,0,0,0,0.0,0,0,0,0,0,0
ITA-Serie A,2223,Napoli,Alex Meret,ITA,GK,25,1997,34.0,1,0.03,1,0,0,0,0,0,0,0.0,0,0,0,0,0,0
ITA-Serie A,2223,Napoli,Amir Rrahmani,KVX,DF,28,1994,27.2,26,0.96,23,0,1,1,0,1,4,0.15,4,0,0,0,0,0
ITA-Serie A,2223,Napoli,Andre-Frank Zambo Anguissa,CMR,MF,26,1995,33.9,79,2.33,67,0,0,5,3,4,9,0.27,9,0,0,0,0,0
ITA-Serie A,2223,Napoli,Bartosz Bereszyński,POL,DF,30,1992,1.8,2,1.09,2,0,0,0,0,0,1,0.55,1,0,0,0,0,0
ITA-Serie A,2223,Napoli,Diego Demme,GER,MF,30,1991,1.6,3,1.85,3,0,0,0,0,0,1,0.62,1,0,0,0,0,0
ITA-Serie A,2223,Napoli,Elif Elmas,MKD,"FW,MF",22,1999,18.1,57,3.15,41,6,6,2,2,0,10,0.55,7,1,1,1,0,0
ITA-Serie A,2223,Napoli,Giacomo Raspadori,ITA,"FW,MF",22,2000,10.1,43,4.26,27,8,1,5,2,0,3,0.3,2,1,0,0,0,0
ITA-Serie A,2223,Napoli,Gianluca Gaetano,ITA,MF,22,2000,0.8,5,6.62,4,0,0,1,0,0,1,1.32,1,0,0,0,0,0
ITA-Serie A,2223,Napoli,Giovanni Di Lorenzo,ITA,DF,28,1993,36.2,111,3.07,93,5,1,6,3,3,13,0.36,13,0,0,0,0,0
ITA-Serie A,2223,Napoli,Giovanni Simeone,ARG,FW,27,1995,4.5,11,2.43,10,0,0,1,0,0,3,0.66,3,0,0,0,0,0
ITA-Serie A,2223,Napoli,Hirving Lozano,MEX,FW,27,1995,17.8,68,3.82,52,0,7,4,2,3,8,0.45,7,0,0,1,0,0
ITA-Serie A,2223,Napoli,Juan Jesus,BRA,DF,31,1991,10.4,13,1.25,10,0,0,2,0,1,1,0.1,1,0,0,0,0,0
ITA-Serie A,2223,Napoli,Karim Zedadka,FRA,FW,22,2000,0.2,0,0.0,0,0,0,0,0,0,0,0.0,0,0,0,0,0,0
ITA-Serie A,2223,Napoli,Khvicha Kvaratskhelia,GEO,FW,21,2001,28.0,136,4.86,90,3,20,13,8,2,24,0.86,10,1,3,6,4,0
ITA-Serie A,2223,Napoli,Kim Min-jae,KOR,DF,25,1996,33.9,37,1.09,34,0,0,1,0,2,3,0.09,2,0,0,1,0,0
ITA-Serie A,2223,Napoli,Leo Skiri Østigård,NOR,DF,22,1999,4.7,2,0.43,2,0,0,0,0,0,0,0.0,0,0,0,0,0,0
ITA-Serie A,2223,Napoli,Mathías Olivera,URU,DF,24,1997,18.3,43,2.35,37,3,1,1,0,1,3,0.16,3,0,0,0,0,0
ITA-Serie A,2223,Napoli,Matteo Politano,ITA,FW,28,1993,13.0,71,5.48,45,8,8,6,4,0,4,0.31,3,0,0,1,0,0
ITA-Serie A,2223,Napoli,Mário Rui,POR,DF,31,1991,19.4,87,4.48,63,21,1,0,1,1,13,0.67,11,1,0,0,0,1
ITA-Serie A,2223,Napoli,Pierluigi Gollini,ITA,GK,27,1995,4.0,0,0.0,0,0,0,0,0,0,0,0.0,0,0,0,0,0,0
ITA-Serie A,2223,Napoli,Piotr Zieliński,POL,MF,28,1994,25.4,135,5.31,85,37,4,3,6,0,12,0.47,8,3,0,1,0,0
ITA-Serie A,2223,Napoli,Stanislav Lobotka,SVK,MF,27,1994,34.5,70,2.03,58,1,1,2,5,3,8,0.23,6,1,0,1,0,0
ITA-Serie A,2223,Napoli,Tanguy Ndombele,FRA,MF,25,1996,9.0,20,2.24,15,0,1,1,3,0,0,0.0,0,0,0,0,0,0
ITA-Serie A,2223,Napoli,Victor Osimhen,NGA,FW,23,1998,28.5,80,2.8,54,0,5,11,8,2,9,0.32,6,0,0,1,2,0
ITA-Serie A,2223,Roma,Andrea Belotti,ITA,FW,28,1993,12.7,27,2.12,22,0,0,3,2,0,3,0.24,3,0,0,0,0,0
ITA-Serie A,2223,Roma,Benjamin Tahirovic,BIH,MF,19,2003,3.9,6,1.53,6,0,0,0,0,0,0,0.0,0,0,0,0,0,0
ITA-Serie A,2223,Roma,Bryan Cristante,ITA,"MF,DF",27,1995,32.6,42,1.29,37,0,0,5,0,0,7,0.21,5,0,0,2,0,0
ITA-Serie A,2223,Roma,Chris Smalling,ENG,DF,32,1989,31.2,16,0.51,14,1,0,1,0,0,1,0.03,1,0,0,0,0,0
ITA-Serie A,2223,Roma,Cristian Volpato,ITA,MF,18,2003,2.5,6,2.38,5,1,0,0,0,0,1,0.4,1,0,0,0,0,0
ITA-Serie A,2223,Roma,Diego Llorente,ESP,DF,28,1993,6.4,4,0.63,4,0,0,0,0,0,0,0.0,0,0,0,0,0,0
ITA-Serie A,2223,Roma,Edoardo Bove,ITA,MF,20,2002,11.0,17,1.54,15,0,0,0,1,1,0,0.0,0,0,0,0,0,0
ITA-Serie A,2223,Roma,Eldor Shomurodov,UZB,FW,27,1995,1.3,2,1.51,1,0,1,0,0,0,0,0.0,0,0,0,0,0,0
ITA-Serie A,2223,Roma,Filippo Missori,ITA,DF,18,2004,2.0,0,0.0,0,0,0,0,0,0,0,0.0,0,0,0,0,0,0
ITA-Serie A,2223,Roma,Georginio Wijnaldum,NED,MF,31,1990,8.5,20,2.35,15,0,2,1,2,0,4,0.47,2,0,1,0,1,0
ITA-Serie A,2223,Roma,Gianluca Mancini,ITA,DF,26,1996,31.8,37,1.17,30,1,0,4,1,1,3,0.09,2,0,0,0,1,0
ITA-Serie A,2223,Roma,Jordan Majchrzak,POL,FW,17,2004,0.2,0,0.0,0,0,0,0,0,0,0,0.0,0,0,0,0,0,0
ITA-Serie A,2223,Roma,Leonardo Spinazzola,ITA,DF,29,1993,18.4,46,2.5,36,2,4,1,3,0,7,0.38,6,0,1,0,0,0
ITA-Serie A,2223,Roma,Lorenzo Pellegrini,ITA,MF,26,1996,28.3,132,4.67,64,49,3,9,6,1,10,0.35,2,6,0,2,0,0
ITA-Serie A,2223,Roma,Marash Kumbulla,ALB,DF,22,2000,2.9,2,0.69,2,0,0,0,0,0,0,0.0,0,0,0,0,0,0
ITA-Serie A,2223,Roma,Matías Viña,URU,DF,24,1997,0.6,4,6.55,3,0,1,0,0,0,1,1.64,1,0,0,0,0,0
ITA-Serie A,2223,Roma,Mile Svilar,SRB,GK,22,1999,3.0,0,0.0,0,0,0,0,0,0,0,0.0,0,0,0,0,0,0
ITA-Serie A,2223,Roma,Mohamed Camara,GUI,MF,25,1997,7.7,12,1.55,6,0,0,1,1,4,0,0.0,0,0,0,0,0,0
ITA-Serie A,2223,Roma,Nemanja Matić,SRB,MF,33,1988,20.6,52,2.53,46,1,3,2,0,0,7,0.34,5,0,1,1,0,0
ITA-Serie A,2223,Roma,Niccolò Pisilli,ITA,MF,17,2004,0.0,0,0.0,0,0,0,0,0,0,0,0.0,0,0,0,0,0,0
ITA-Serie A,2223,Roma,Nicola Zalewski,POL,DF,20,2002,24.4,62,2.54,35,7,6,5,7,2,7,0.29,4,2,0,1,0,0
ITA-Serie A,2223,Roma,Nicolò Zaniolo,ITA,"MF,FW",23,1999,9.9,27,2.73,19,0,1,4,3,0,1,0.1,1,0,0,0,0,0
ITA-Serie A,2223,Roma,Ola Solbakken,NOR,"MF,FW",23,1998,5.6,16,2.87,10,3,2,0,1,0,2,0.36,2,0,0,0,0,0
ITA-Serie A,2223,Roma,Paulo Dybala,ARG,"MF,FW",28,1993,19.3,104,5.38,48,29,4,10,13,0,8,0.41,4,2,0,1,1,0
ITA-Serie A,2223,Roma,Rick Karsdorp,NED,DF,27,1995,7.9,16,2.03,13,3,0,0,0,0,0,0.0,0,0,0,0,0,0
ITA-Serie A,2223,Roma,Roger Ibanez,BRA,DF,23,1998,31.1,27,0.87,15,1,0,7,3,1,2,0.06,1,0,0,1,0,0
ITA-Serie A,2223,Roma,Rui Patrício,POR,GK,34,1988,35.0,2,0.06,0,1,0,0,0,1,0,0.0,0,0,0,0,0,0
ITA-Serie A,2223,Roma,Stephan El Shaarawy,ITA,"DF,MF",29,1992,16.9,72,4.25,49,8,9,4,2,0,7,0.41,4,0,1,1,1,0
ITA-Serie A,2223,Roma,Tammy Abraham,ENG,FW,24,1997,24.3,70,2.88,46,0,7,10,7,0,9,0.37,4,0,1,3,1,0
ITA-Serie A,2223,Roma,Zeki Çelik,TUR,DF,25,1997,16.7,40,2.4,33,3,0,1,1,2,5,0.3,4,0,0,0,0,1
ITA-Serie A,2223,Salernitana,Antonio Candreva,ITA,"MF,DF",35,1987,30.3,99,3.27,67,22,2,5,3,0,11,0.36,9,1,0,1,0,0
ITA-Serie A,2223,Salernitana,Antonio Iervolino,ITA,MF,19,2003,0.1,2,30.0,2,0,0,0,0,0,1,15.0,1,0,0,0,0,0
ITA-Serie A,2223,Salernitana,Boulaye Dia,SEN,"FW,MF",25,1996,28.0,64,2.29,53,0,3,5,3,0,9,0.32,8,0,1,0,0,0
ITA-Serie A,2223,Salernitana,Diego Valencia,CHI,"MF,FW",22,2000,2.6,1,0.39,1,0,0,0,0,0,0,0.0,0,0,0,0,0,0
ITA-Serie A,2223,Salernitana,Domagoj Bradarić,CRO,DF,22,1999,25.0,42,1.68,34,2,1,3,1,1,5,0.2,5,0,0,0,0,0
ITA-Serie A,2223,Salernitana,Domen Črnigoj,SVN,MF,26,1995,3.3,6,1.83,4,0,0,1,0,1,0,0.0,0,0,0,0,0,0
ITA-Serie A,2223,Salernitana,Dylan Bronn,TUN,DF,27,1995,18.7,14,0.75,12,0,0,2,0,0,2,0.11,2,0,0,0,0,0
ITA-Serie A,2223,Salernitana,Emil Bohinen,NOR,MF,23,1999,9.2,17,1.85,15,1,0,1,0,0,0,0.0,0,0,0,0,0,0
ITA-Serie A,2223,Salernitana,Erik Botheim,NOR,"MF,FW",22,2000,9.6,17,1.77,12,0,0,2,1,2,4,0.42,4,0,0,0,0,0
ITA-Serie A,2223,Salernitana,Federico Bonazzoli,ITA,"FW,MF",25,1997,12.4,26,2.09,20,0,1,3,2,0,3,0.24,3,0,0,0,0,0
ITA-Serie A,2223,Salernitana,Federico Fazio,ARG,DF,35,1987,11.9,12,1.0,7,1,0,4,0,0,0,0.0,0,0,0,0,0,0
ITA-Serie A,2223,Salernitana,Flavius Daniliuc,AUT,DF,21,2001,24.4,18,0.74,15,1,0,2,0,0,0,0.0,0,0,0,0,0,0
ITA-Serie A,2223,Salernitana,Franck Ribéry,FRA,MF,39,1983,0.4,1,2.43,0,0,0,0,1,0,0,0.0,0,0,0,0,0,0
ITA-Serie A,2223,Salernitana,Giulio Maggiore,ITA,MF,24,1998,9.9,14,1.41,11,0,0,2,1,0,1,0.1,1,0,0,0,0,0
ITA-Serie A,2223,Salernitana,Grigoris Kastanos,CYP,"MF,DF",24,1998,14.3,36,2.52,25,7,1,1,2,0,5,0.35,1,2,0,1,1,0
ITA-Serie A,2223,Salernitana,Guillermo Ochoa,MEX,GK,37,1985,20.0,5,0.25,5,0,0,0,0,0,2,0.1,2,0,0,0,0,0
ITA-Serie A,2223,Salernitana,Hans Nicolussi Caviglia,ITA,MF,22,2000,6.5,9,1.38,7,0,1,0,0,1,0,0.0,0,0,0,0,0,0
ITA-Serie A,2223,Salernitana,Ivan Radovanović,SRB,"MF,DF",33,1988,7.5,2,0.27,0,0,0,0,2,0,0,0.0,0,0,0,0,0,0
ITA-Serie A,2223,Salernitana,Julian Kristoffersen,NOR,FW,25,1997,0.2,0,0.0,0,0,0,0,0,0,0,0.0,0,0,0,0,0,0
ITA-Serie A,2223,Salernitana,Junior Sambia,FRA,DF,25,1996,7.7,22,2.84,17,0,4,1,0,0,1,0.13,1,0,0,0,0,0
ITA-Serie A,2223,Salernitana,Krzysztof Piątek,POL,FW,27,1995,23.8,53,2.23,36,0,5,6,5,1,10,0.42,6,0,1,3,0,0
ITA-Serie A,2223,Salernitana,Lassana Coulibaly,MLI,MF,26,1996,32.1,56,1.74,51,1,1,0,3,0,10,0.31,10,0,0,0,0,0
ITA-Serie A,2223,Salernitana,Lorenzo Pirola,ITA,DF,20,2002,21.6,11,0.51,5,1,0,4,1,0,1,0.05,0,0,0,1,0,0
ITA-Serie A,2223,Salernitana,Luigi Sepe,ITA,GK,31,1991,17.0,1,0.06,1,0,0,0,0,0,0,0.0,0,0,0,0,0,0
ITA-Serie A,2223,Salernitana,Matteo Lovato,ITA,DF,22,2000,9.0,0,0.0,0,0,0,0,0,0,0,0.0,0,0,0,0,0,0
ITA-Serie A,2223,Salernitana,Norbert Gyömbér,SVK,DF,30,1992,19.3,11,0.57,8,1,0,1,0,1,3,0.15,2,0,0,1,0,0
ITA-Serie A,2223,Salernitana,Pasquale Mazzocchi,ITA,DF,27,1995,21.8,63,2.9,43,12,5,0,2,1,9,0.41,5,1,2,0,1,0
ITA-Serie A,2223,Salernitana,Tonny Vilhena,NED,MF,27,1995,25.2,53,2.11,37,9,3,1,3,0,3,0.12,3,0,0,0,0,0
ITA-Serie A,2223,Salernitana,Vincenzo Fiorillo,ITA,GK,32,1990,1.0,0,0.0,0,0,0,0,0,0,0,0.0,0,0,0,0,0,0
ITA-Serie A,2223,Salernitana,William Troost-Ekong,NGA,DF,28,1993,4.9,1,0.2,1,0,0,0,0,0,1,0.2,1,0,0,0,0,0
ITA-Serie A,2223,Sampdoria,Abdelhamid Sabiri,MAR,"MF,FW",25,1996,11.9,41,3.45,22,7,3,4,5,0,0,0.0,0,0,0,0,0,0
ITA-Serie A,2223,Sampdoria,Alessandro Zanoli,ITA,DF,21,2000,17.1,35,2.05,25,2,7,1,0,0,3,0.18,2,0,1,0,0,0
ITA-Serie A,2223,Sampdoria,Alex Ferrari,ITA,DF,28,1994,9.6,4,0.41,3,0,0,1,0,0,0,0.0,0,0,0,0,0,0
ITA-Serie A,2223,Sampdoria,Andrea Conti,ITA,DF,28,1994,0.3,0,0.0,0,0,0,0,0,0,0,0.0,0,0,0,0,0,0
ITA-Serie A,2223,Sampdoria,Bartosz Bereszyński,POL,DF,30,1992,13.3,8,0.6,6,0,0,1,0,1,0,0.0,0,0,0,0,0,0
ITA-Serie A,2223,Sampdoria,Bram Nuytinck,NED,DF,32,1990,16.6,6,0.36,5,0,0,0,0,1,1,0.06,1,0,0,0,0,0
ITA-Serie A,2223,Sampdoria,Bruno Amione,ARG,DF,20,2002,23.2,12,0.52,6,1,0,4,1,0,2,0.09,1,0,0,1,0,0
ITA-Serie A,2223,Sampdoria,Daniele Montevago,ITA,FW,19,2003,2.6,7,2.75,6,0,0,1,0,0,0,0.0,0,0,0,0,0,0
ITA-Serie A,2223,Sampdoria,Emil Audero,IDN,GK,25,1997,25.0,5,0.2,5,0,0,0,0,0,0,0.0,0,0,0,0,0,0
ITA-Serie A,2223,Sampdoria,Emirhan İlkhan,TUR,MF,18,2004,1.3,3,2.45,2,1,0,0,0,0,0,0.0,0,0,0,0,0,0
ITA-Serie A,2223,Sampdoria,Fabio Depaoli,ITA,"DF,MF",25,1997,1.5,6,3.97,5,0,0,0,1,0,0,0.0,0,0,0,0,0,0
ITA-Serie A,2223,Sampdoria,Fabio Quagliarella,ITA,FW,39,1983,8.9,23,2.57,19,0,1,3,0,0,3,0.34,3,0,0,0,0,0
ITA-Serie A,2223,Sampdoria,Filip Đuričić,SRB,"MF,FW",30,1992,24.1,69,2.86,45,9,4,3,6,2,3,0.12,3,0,0,0,0,0
ITA-Serie A,2223,Sampdoria,Flavio Paoletti,ITA,MF,19,2003,3.2,4,1.25,4,0,0,0,0,0,0,0.0,0,0,0,0,0,0
ITA-Serie A,2223,Sampdoria,Francesco Caputo,ITA,FW,34,1987,12.2,23,1.89,17,0,1,3,1,1,1,0.08,1,0,0,0,0,0
ITA-Serie A,2223,Sampdoria,Gerard Yepes,ESP,MF,19,2002,2.2,3,1.36,3,0,0,0,0,0,0,0.0,0,0,0,0,0,0
ITA-Serie A,2223,Sampdoria,Gonzalo Villar,ESP,MF,24,1998,7.7,9,1.17,7,1,0,0,1,0,0,0.0,0,0,0,0,0,0
ITA-Serie A,2223,Sampdoria,Harry Winks,ENG,MF,26,1996,19.1,36,1.89,24,7,1,3,1,0,1,0.05,1,0,0,0,0,0
ITA-Serie A,2223,Sampdoria,Ignacio Pussetto,ARG,"MF,DF",26,1995,1.7,2,1.18,2,0,0,0,0,0,0,0.0,0,0,0,0,0,0
ITA-Serie A,2223,Sampdoria,Jeison Murillo,COL,DF,30,1992,11.7,9,0.77,6,1,0,1,1,0,0,0.0,0,0,0,0,0,0
ITA-Serie A,2223,Sampdoria,Jesé,ESP,FW,29,1993,2.3,7,3.0,5,0,0,1,1,0,2,0.86,2,0,0,0,0,0
ITA-Serie A,2223,Sampdoria,Koray Günter,GER,DF,27,1994,8.6,3,0.35,3,0,0,0,0,0,0,0.0,0,0,0,0,0,0
ITA-Serie A,2223,Sampdoria,Lorenzo Malagrida,ITA,"MF,DF",18,2003,1.2,2,1.64,2,0,0,0,0,0,0,0.0,0,0,0,0,0,0
ITA-Serie A,2223,Sampdoria,Manolo Gabbiadini,ITA,"FW,MF",30,1991,26.2,62,2.36,39,1,3,8,9,2,4,0.15,2,0,0,0,1,1
ITA-Serie A,2223,Sampdoria,Manuel De Luca,ITA,"FW,MF",24,1998,0.5,1,2.0,0,0,0,0,1,0,0,0.0,0,0,0,0,0,0
ITA-Serie A,2223,Sampdoria,Marios Oikonomou,GRE,DF,29,1992,2.4,0,0.0,0,0,0,0,0,0,0,0.0,0,0,0,0,0,0
ITA-Serie A,2223,Sampdoria,Martin Turk,SVN,GK,18,2003,4.0,0,0.0,0,0,0,0,0,0,0,0.0,0,0,0,0,0,0
ITA-Serie A,2223,Sampdoria,Mehdi Léris,ALG,"MF,DF",24,1998,27.3,50,1.83,40,0,1,4,3,2,4,0.15,1,0,0,3,0,0
ITA-Serie A,2223,Sampdoria,Mickaël Cuisance,FRA,MF,22,1999,6.9,12,1.75,8,1,2,0,1,0,0,0.0,0,0,0,0,0,0
ITA-Serie A,2223,Sampdoria,Mihailo Ivanović,SRB,FW,17,2004,0.0,0,0.0,0,0,0,0,0,0,0,0.0,0,0,0,0,0,0
ITA-Serie A,2223,Sampdoria,Nicola Murru,ITA,DF,27,1994,8.7,5,0.57,3,2,0,0,0,0,1,0.11,0,1,0,0,0,0
ITA-Serie A,2223,Sampdoria,Nicola Ravaglia,ITA,GK,33,1988,9.0,0,0.0,0,0,0,0,0,0,0,0.0,0,0,0,0,0,0
ITA-Serie A,2223,Sampdoria,Omar Colley,GAM,DF,29,1992,15.4,5,0.33,2,0,0,1,1,1,0,0.0,0,0,0,0,0,0
ITA-Serie A,2223,Sampdoria,Ronaldo Vieira,ENG,MF,24,1998,9.1,10,1.1,8,1,0,1,0,0,0,0.0,0,0,0,0,0,0
ITA-Serie A,2223,Sampdoria,Sam Lammers,NED,FW,25,1997,12.2,28,2.3,23,0,2,2,0,1,1,0.08,1,0,0,0,0,0
ITA-Serie A,2223,Sampdoria,Samuel Ntanda,COD,MF,17,2005,0.0,1,45.0,0,0,1,0,0,0,0,0.0,0,0,0,0,0,0
ITA-Serie A,2223,Sampdoria,Telasco Segovia,VEN,MF,19,2003,0.0,0,0.0,0,0,0,0,0,0,0,0.0,0,0,0,0,0,0
ITA-Serie A,2223,Sampdoria,Tommaso Augello,ITA,DF,27,1994,34.0,77,2.26,54,16,2,1,3,1,7,0.21,6,1,0,0,0,0
ITA-Serie A,2223,Sampdoria,Tomás Rincón,VEN,MF,34,1988,28.4,39,1.37,35,0,0,1,1,2,3,0.11,2,0,0,0,0,1
ITA-Serie A,2223,Sampdoria,Valerio Verre,ITA,MF,28,1994,7.5,30,3.98,22,2,0,2,2,2,0,0.0,0,0,0,0,0,0
ITA-Serie A,2223,Sassuolo,Abdou Harroui,NED,MF,24,1998,7.2,15,2.09,15,0,0,0,0,0,1,0.14,1,0,0,0,0,0
ITA-Serie A,2223,Sassuolo,Agustín Álvarez,URU,"FW,MF",21,2001,4.1,9,2.2,3,0,2,3,1,0,2,0.49,1,0,0,1,0,0
ITA-Serie A,2223,Sassuolo,Alessandro Russo,ITA,GK,21,2001,1.0,0,0.0,0,0,0,0,0,0,0,0.0,0,0,0,0,0,0
ITA-Serie A,2223,Sassuolo,Andrea Consigli,ITA,GK,35,1987,35.0,6,0.17,5,1,0,0,0,0,0,0.0,0,0,0,0,0,0
ITA-Serie A,2223,Sassuolo,Andrea Pinamonti,ITA,FW,23,1999,24.0,53,2.21,34,0,1,10,7,1,3,0.12,0,0,0,2,1,0
ITA-Serie A,2223,Sassuolo,Armand Lauriente,FRA,FW,23,1998,24.2,113,4.68,78,10,15,3,4,3,12,0.5,7,0,2,1,2,0
ITA-Serie A,2223,Sassuolo,Davide Frattesi,ITA,MF,22,1999,31.9,79,2.47,60,0,7,5,5,2,4,0.13,4,0,0,0,0,0
ITA-Serie A,2223,Sassuolo,Domenico Berardi,ITA,FW,27,1994,20.7,105,5.07,78,10,5,5,6,1,17,0.82,10,1,1,3,2,0
ITA-Serie A,2223,Sassuolo,Emil Ceide,NOR,FW,20,2001,5.7,19,3.33,15,0,3,0,1,0,3,0.53,1,0,1,0,1,0
ITA-Serie A,2223,Sassuolo,Filippo Romagna,ITA,DF,25,1997,0.5,0,0.0,0,0,0,0,0,0,0,0.0,0,0,0,0,0,0
ITA-Serie A,2223,Sassuolo,Giacomo Raspadori,ITA,FW,22,2000,0.5,0,0.0,0,0,0,0,0,0,0,0.0,0,0,0,0,0,0
ITA-Serie A,2223,Sassuolo,Gian Marco Ferrari,ITA,DF,30,1992,24.7,21,0.85,19,1,0,0,1,0,2,0.08,2,0,0,0,0,0
ITA-Serie A,2223,Sassuolo,Gianluca Pegolo,ITA,GK,41,1981,2.0,0,0.0,0,0,0,0,0,0,0,0.0,0,0,0,0,0,0
ITA-Serie A,2223,Sassuolo,Giorgos Kyriakopoulos,GRE,"FW,DF",26,1996,8.5,26,3.05,21,0,2,1,1,1,3,0.35,2,0,0,1,0,0
ITA-Serie A,2223,Sassuolo,Grégoire Defrel,MTQ,FW,31,1991,13.0,16,1.23,14,0,0,1,1,0,1,0.08,1,0,0,0,0,0
ITA-Serie A,2223,Sassuolo,Hamed Junior Traorè,CIV,"MF,FW",22,2000,6.6,26,3.96,21,5,0,0,0,0,6,0.91,4,2,0,0,0,0
ITA-Serie A,2223,Sassuolo,Janis Antiste,FRA,FW,19,2002,0.6,0,0.0,0,0,0,0,0,0,0,0.0,0,0,0,0,0,0
ITA-Serie A,2223,Sassuolo,Jeremy Toljan,GER,DF,27,1994,29.7,42,1.41,41,1,0,0,0,0,3,0.1,3,0,0,0,0,0
ITA-Serie A,2223,Sassuolo,Kaan Ayhan,TUR,DF,27,1994,6.1,5,0.83,5,0,0,0,0,0,0,0.0,0,0,0,0,0,0
ITA-Serie A,2223,Sassuolo,Kristian Thorstvedt,NOR,MF,23,1999,12.6,28,2.21,21,0,2,3,1,1,1,0.08,1,0,0,0,0,0
ITA-Serie A,2223,Sassuolo,Luca D'Andrea,ITA,FW,17,2004,3.5,16,4.56,12,1,2,1,0,0,1,0.28,1,0,0,0,0,0
ITA-Serie A,2223,Sassuolo,Martin Erlic,CRO,DF,24,1998,25.9,10,0.39,8,0,0,1,0,1,0,0.0,0,0,0,0,0,0
ITA-Serie A,2223,Sassuolo,Matheus Henrique,BRA,MF,24,1997,21.6,62,2.87,53,2,1,2,2,2,5,0.23,4,1,0,0,0,0
ITA-Serie A,2223,Sassuolo,Maxime Lopez,FRA,MF,24,1997,25.5,73,2.87,64,6,1,2,0,0,4,0.16,3,0,0,1,0,0
ITA-Serie A,2223,Sassuolo,Mert Müldür,TUR,"FW,DF",23,1999,0.1,0,0.0,0,0,0,0,0,0,0,0.0,0,0,0,0,0,0
ITA-Serie A,2223,Sassuolo,Nadir Zortea,ITA,DF,23,1999,7.3,14,1.92,12,1,1,0,0,0,2,0.27,2,0,0,0,0,0
ITA-Serie A,2223,Sassuolo,Nedim Bajrami,ALB,"FW,MF",23,1999,9.1,34,3.74,21,6,4,2,0,1,2,0.22,1,0,0,1,0,0
ITA-Serie A,2223,Sassuolo,Pedro Obiang,EQG,MF,30,1992,9.7,11,1.13,9,0,1,1,0,0,1,0.1,1,0,0,0,0,0
ITA-Serie A,2223,Sassuolo,Riccardo Marchizza,ITA,DF,24,1998,3.1,8,2.54,7,0,1,0,0,0,2,0.64,2,0,0,0,0,0
ITA-Serie A,2223,Sassuolo,Rogério,BRA,DF,24,1998,33.3,74,2.22,62,6,1,1,4,0,6,0.18,5,0,0,0,1,0
ITA-Serie A,2223,Sassuolo,Ruan,BRA,DF,23,1999,19.0,6,0.32,6,0,0,0,0,0,0,0.0,0,0,0,0,0,0
ITA-Serie A,2223,Spezia,Albin Ekdal,SWE,MF,33,1989,19.3,35,1.82,26,0,1,4,2,2,1,0.05,1,0,0,0,0,0
ITA-Serie A,2223,Spezia,Arkadiusz Reca,POL,DF,27,1995,24.1,50,2.07,39,2,3,4,1,1,2,0.08,1,0,0,1,0,0
ITA-Serie A,2223,Spezia,Bartłomiej Drągowski,POL,GK,24,1997,32.7,7,0.21,6,1,0,0,0,0,2,0.06,2,0,0,0,0,0
ITA-Serie A,2223,Spezia,Daniel Maldini,ITA,"FW,MF",20,2001,7.0,22,3.16,10,1,5,2,4,0,0,0.0,0,0,0,0,0,0
ITA-Serie A,2223,Spezia,Daniele Verde,ITA,"FW,MF",26,1996,11.1,44,3.97,27,12,0,1,1,3,1,0.09,0,1,0,0,0,0
ITA-Serie A,2223,Spezia,Dimitris Nikolaou,GRE,DF,23,1998,32.9,27,0.82,23,3,0,1,0,0,0,0.0,0,0,0,0,0,0
ITA-Serie A,2223,Spezia,Dávid Strelec,SVK,FW,21,2001,1.9,4,2.16,3,0,0,0,1,0,2,1.08,2,0,0,0,0,0
ITA-Serie A,2223,Spezia,Eldor Shomurodov,UZB,FW,27,1995,9.0,19,2.12,17,0,2,0,0,0,1,0.11,1,0,0,0,0,0
ITA-Serie A,2223,Spezia,Emil Holm,SWE,DF,22,2000,15.5,36,2.33,24,5,2,2,3,0,1,0.06,1,0,0,0,0,0
ITA-Serie A,2223,Spezia,Emmanuel Gyasi,GHA,"FW,DF",28,1994,31.2,53,1.7,44,0,2,2,3,2,0,0.0,0,0,0,0,0,0
ITA-Serie A,2223,Spezia,Ethan Ampadu,WAL,"DF,MF",21,2000,29.3,40,1.36,33,0,0,4,2,1,4,0.14,4,0,0,0,0,0
ITA-Serie A,2223,Spezia,Federico Marchetti,ITA,GK,39,1983,0.7,0,0.0,0,0,0,0,0,0,0,0.0,0,0,0,0,0,0
ITA-Serie A,2223,Spezia,Jacopo Sala,ITA,MF,30,1991,1.2,2,1.62,0,1,0,0,1,0,0,0.0,0,0,0,0,0,0
ITA-Serie A,2223,Spezia,Jakub Kiwior,POL,DF,22,2000,16.0,15,0.94,9,3,0,1,0,2,1,0.06,1,0,0,0,0,0
ITA-Serie A,2223,Spezia,Jeroen Zoet,NED,GK,31,1991,3.7,1,0.27,1,0,0,0,0,0,0,0.0,0,0,0,0,0,0
ITA-Serie A,2223,Spezia,João Moutinho,POR,"DF,FW",24,1998,0.6,1,1.55,1,0,0,0,0,0,0,0.0,0,0,0,0,0,0
ITA-Serie A,2223,Spezia,Julius Beck,DEN,MF,17,2005,0.1,1,9.0,1,0,0,0,0,0,0,0.0,0,0,0,0,0,0
ITA-Serie A,2223,Spezia,Kelvin Amian,FRA,DF,24,1998,26.4,45,1.71,34,3,2,4,0,2,3,0.11,1,0,0,2,0,0
ITA-Serie A,2223,Spezia,Kevin Agudelo,COL,"MF,FW",23,1998,23.7,59,2.49,41,1,9,4,4,0,3,0.13,2,0,0,0,1,0
ITA-Serie A,2223,Spezia,Leandro Sanca,GNB,"FW,MF",22,2000,0.4,0,0.0,0,0,0,0,0,0,0,0.0,0,0,0,0,0,0
ITA-Serie A,2223,Spezia,M'Bala Nzola,ANG,FW,25,1996,29.5,67,2.27,52,0,5,4,6,0,7,0.24,3,0,3,0,1,0
ITA-Serie A,2223,Spezia,Mattia Caldara,ITA,DF,28,1994,13.9,7,0.5,7,0,0,0,0,0,1,0.07,1,0,0,0,0,0
ITA-Serie A,2223,Spezia,Mehdi Bourabia,MAR,MF,30,1991,30.8,80,2.6,59,7,6,4,1,3,7,0.23,6,0,0,1,0,0
ITA-Serie A,2223,Spezia,Mikael Ellertsson,ISL,"MF,DF",20,2002,1.9,5,2.65,2,0,1,1,1,0,0,0.0,0,0,0,0,0,0
ITA-Serie A,2223,Spezia,Petar Zovko,BIH,GK,20,2002,0.8,0,0.0,0,0,0,0,0,0,0,0.0,0,0,0,0,0,0
ITA-Serie A,2223,Spezia,Petko Hristov,BUL,DF,23,1999,4.1,3,0.74,1,0,0,1,1,0,1,0.25,0,0,0,0,1,0
ITA-Serie A,2223,Spezia,Przemysław Wiśniewski,POL,DF,24,1998,11.1,6,0.54,4,0,0,1,1,0,1,0.09,0,0,0,1,0,0
ITA-Serie A,2223,Spezia,Raimonds Krollis,LVA,"FW,DF",20,2001,0.4,1,2.57,0,0,0,0,0,1,0,0.0,0,0,0,0,0,0
ITA-Serie A,2223,Spezia,Salvador Ferrer,ESP,DF,24,1998,1.5,2,1.33,0,2,0,0,0,0,0,0.0,0,0,0,0,0,0
ITA-Serie A,2223,Spezia,Salvatore Esposito,ITA,MF,21,2000,10.8,28,2.6,13,11,0,1,3,0,0,0.0,0,0,0,0,0,0
ITA-Serie A,2223,Spezia,Simone Bastoni,ITA,"MF,DF",25,1996,13.2,30,2.27,19,8,0,2,0,1,3,0.23,3,0,0,0,0,0
ITA-Serie A,2223,Spezia,Szymon Żurkowski,POL,MF,24,1997,4.7,4,0.84,1,0,1,0,2,0,0,0.0,0,0,0,0,0,0
ITA-Serie A,2223,Spezia,Tio Cipot,SVN,"FW,MF",19,2003,1.5,4,2.59,4,0,0,0,0,0,0,0.0,0,0,0,0,0,0
ITA-Serie A,2223,Spezia,Viktor Kovalenko,UKR,MF,26,1996,6.1,12,1.97,10,1,0,0,1,0,1,0.16,0,0,0,0,1,0
ITA-Serie A,2223,Torino,Aleksei Miranchuk,RUS,MF,26,1995,23.2,78,3.36,67,3,1,3,3,1,9,0.39,7,0,0,1,1,0
ITA-Serie A,2223,Torino,Alessandro Buongiorno,ITA,DF,23,1999,30.2,22,0.73,17,0,0,2,1,2,4,0.13,3,0,0,1,0,0
ITA-Serie A,2223,Torino,Andrew Gravillon,GLP,DF,24,1998,3.5,0,0.0,0,0,0,0,0,0,0,0.0,0,0,0,0,0,0
ITA-Serie A,2223,Torino,Antonio Sanabria,PAR,FW,26,1996,27.0,50,1.85,41,0,5,2,1,1,5,0.19,5,0,0,0,0,0
ITA-Serie A,2223,Torino,Brian Bayeye,COD,DF,22,2000,0.7,3,4.29,3,0,0,0,0,0,0,0.0,0,0,0,0,0,0
ITA-Serie A,2223,Torino,David Zima,CZE,DF,21,2000,4.5,4,0.89,4,0,0,0,0,0,0,0.0,0,0,0,0,0,0
ITA-Serie A,2223,Torino,Demba Seck,SEN,"MF,FW",21,2001,5.8,14,2.42,12,0,1,0,1,0,1,0.17,1,0,0,0,0,0
ITA-Serie A,2223,Torino,Emirhan İlkhan,TUR,MF,18,2004,1.0,5,5.17,5,0,0,0,0,0,1,1.03,1,0,0,0,0,0
ITA-Serie A,2223,Torino,Gvidas Gineitis,LTU,MF,18,2004,1.5,3,1.99,3,0,0,0,0,0,0,0.0,0,0,0,0,0,0
ITA-Serie A,2223,Torino,Ivan Ilić,SRB,MF,21,2001,13.1,35,2.68,28,5,0,0,1,1,5,0.38,4,0,0,0,1,0
ITA-Serie A,2223,Torino,Jacopo Segre,ITA,DF,25,1997,0.2,0,0.0,0,0,0,0,0,0,0,0.0,0,0,0,0,0,0
ITA-Serie A,2223,Torino,Karol Linetty,POL,MF,27,1995,21.0,41,1.96,32,4,1,1,2,1,1,0.05,1,0,0,0,0,0
ITA-Serie A,2223,Torino,Koffi Djidji,CIV,DF,29,1992,26.9,18,0.67,16,0,0,0,0,2,1,0.04,1,0,0,0,0,0
ITA-Serie A,2223,Torino,Michel Ndary Adopo,FRA,"MF,DF",22,2000,2.9,4,1.37,4,0,0,0,0,0,0,0.0,0,0,0,0,0,0
ITA-Serie A,2223,Torino,Mërgim Vojvoda,KVX,DF,27,1995,19.1,62,3.24,46,8,4,4,0,0,9,0.47,7,1,1,0,0,0
ITA-Serie A,2223,Torino,Nemanja Radonjić,SRB,"MF,FW",26,1996,16.2,49,3.03,28,4,14,2,1,0,6,0.37,5,0,1,0,0,0
ITA-Serie A,2223,Torino,Nikola Vlašić,CRO,"MF,FW",24,1997,30.3,115,3.79,96,5,4,7,1,2,8,0.26,7,0,0,0,1,0
ITA-Serie A,2223,Torino,Ola Aina,NGA,DF,25,1996,9.7,27,2.77,21,2,3,0,1,0,3,0.31,2,0,1,0,0,0
ITA-Serie A,2223,Torino,Perr Schuurs,NED,DF,22,1999,25.8,20,0.77,14,0,3,1,1,1,2,0.08,2,0,0,0,0,0
ITA-Serie A,2223,Torino,Pietro Pellegri,ITA,FW,21,2001,5.2,8,1.54,7,0,1,0,0,0,2,0.38,1,0,1,0,0,0
ITA-Serie A,2223,Torino,Ricardo Rodríguez,SUI,DF,29,1992,29.7,57,1.92,46,8,1,2,0,0,2,0.07,2,0,0,0,0,0
ITA-Serie A,2223,Torino,Ronaldo Vieira,ENG,MF,24,1998,0.2,0,0.0,0,0,0,0,0,0,0,0.0,0,0,0,0,0,0
ITA-Serie A,2223,Torino,Samuele Ricci,ITA,MF,20,2001,23.0,38,1.65,27,3,2,4,2,0,1,0.04,0,0,0,1,0,0
ITA-Serie A,2223,Torino,Saša Lukić,SRB,MF,25,1996,13.3,44,3.31,35,3,0,2,3,1,2,0.15,2,0,0,0,0,0
ITA-Serie A,2223,Torino,Valentino Lazaro,AUT,DF,26,1996,15.3,51,3.34,33,14,2,2,0,0,4,0.26,3,1,0,0,0,0
ITA-Serie A,2223,Torino,Vanja Milinković-Savić,SRB,GK,25,1997,38.0,6,0.16,4,2,0,0,0,0,1,0.03,1,0,0,0,0,0
ITA-Serie A,2223,Torino,Wilfried Singo,CIV,DF,21,2000,22.7,45,1.98,29,0,7,7,2,0,4,0.18,2,0,1,1,0,0
ITA-Serie A,2223,Torino,Yann Karamoh,FRA,"MF,FW",24,1998,8.0,22,2.77,17,0,3,1,1,0,3,0.38,1,0,2,0,0,0
ITA-Serie A,2223,Udinese,Adam Masina,MAR,DF,28,1994,8.8,5,0.57,5,0,0,0,0,0,0,0.0,0,0,0,0,0,0
ITA-Serie A,2223,Udinese,Axel Guessand,FRA,DF,17,2004,0.9,0,0.0,0,0,0,0,0,0,0,0.0,0,0,0,0,0,0
ITA-Serie A,2223,Udinese,Beto,GNB,FW,24,1998,23.7,49,2.07,31,0,8,5,5,0,4,0.17,3,0,1,0,0,0
ITA-Serie A,2223,Udinese,Bram Nuytinck,NED,DF,32,1990,4.3,2,0.47,1,0,0,0,1,0,0,0.0,0,0,0,0,0,0
ITA-Serie A,2223,Udinese,Brandon Soppy,FRA,DF,20,2002,1.0,4,4.0,2,1,1,0,0,0,0,0.0,0,0,0,0,0,0
ITA-Serie A,2223,Udinese,Destiny Udogie,ITA,DF,19,2002,30.0,88,2.93,61,6,7,4,7,3,8,0.27,7,0,0,1,0,0
ITA-Serie A,2223,Udinese,Enzo Ebosse,CMR,DF,23,1999,10.3,8,0.78,7,0,0,0,1,0,0,0.0,0,0,0,0,0,0
ITA-Serie A,2223,Udinese,Festy Ebosele,IRL,DF,19,2002,4.6,11,2.41,8,0,2,0,0,1,2,0.44,2,0,0,0,0,0
ITA-Serie A,2223,Udinese,Florian Thauvin,FRA,"FW,MF",29,1993,6.1,24,3.94,13,6,2,1,2,0,1,0.16,1,0,0,0,0,0
ITA-Serie A,2223,Udinese,Gerard Deulofeu,ESP,FW,28,1994,13.5,82,6.09,54,14,6,5,3,0,9,0.67,7,2,0,0,0,0
ITA-Serie A,2223,Udinese,Ilija Nestorovski,MKD,"FW,MF",32,1990,7.1,7,0.99,3,0,0,2,2,0,2,0.28,1,0,0,0,1,0
ITA-Serie A,2223,Udinese,Isaac Success,NGA,FW,26,1996,20.2,81,4.02,57,0,6,3,14,1,10,0.5,7,0,1,0,2,0
ITA-Serie A,2223,Udinese,Jaka Bijol,SVN,DF,23,1999,30.3,21,0.69,17,0,0,4,0,0,3,0.1,3,0,0,0,0,0
ITA-Serie A,2223,Udinese,James Abankwah,IRL,DF,18,2004,0.7,0,0.0,0,0,0,0,0,0,0,0.0,0,0,0,0,0,0
ITA-Serie A,2223,Udinese,Jean-Victor Makengo,FRA,MF,24,1998,8.9,13,1.45,11,0,1,0,1,0,1,0.11,1,0,0,0,0,0
ITA-Serie A,2223,Udinese,Kingsley Ehizibue,NED,DF,27,1995,17.1,31,1.82,22,2,0,5,1,1,3,0.18,2,0,0,0,1,0
ITA-Serie A,2223,Udinese,Lazar Samardzic,SRB,MF,20,2002,20.5,98,4.77,54,27,6,7,1,3,10,0.49,4,3,0,1,0,2
ITA-Serie A,2223,Udinese,Leonardo Buta,POR,DF,20,2002,0.2,0,0.0,0,0,0,0,0,0,0,0.0,0,0,0,0,0,0
ITA-Serie A,2223,Udinese,Marco Silvestri,ITA,GK,31,1991,38.0,8,0.21,7,1,0,0,0,0,0,0.0,0,0,0,0,0,0
ITA-Serie A,2223,Udinese,Marvin Zeegelaar,NED,DF,31,1990,3.9,5,1.27,5,0,0,0,0,0,0,0.0,0,0,0,0,0,0
ITA-Serie A,2223,Udinese,Mato Jajalo,BIH,MF,34,1988,0.7,3,4.29,3,0,0,0,0,0,0,0.0,0,0,0,0,0,0
ITA-Serie A,2223,Udinese,Nehuén Pérez,ARG,DF,22,2000,31.3,28,0.89,24,2,0,1,0,1,1,0.03,1,0,0,0,0,0
ITA-Serie A,2223,Udinese,Nicolò Cocetta,ITA,DF,18,2003,0.4,0,0.0,0,0,0,0,0,0,0,0.0,0,0,0,0,0,0
ITA-Serie A,2223,Udinese,Roberto Pereyra,ARG,"DF,MF",31,1991,31.3,104,3.31,91,0,7,5,1,0,10,0.32,10,0,0,0,0,0
ITA-Serie A,2223,Udinese,Rodrigo Becão,BRA,DF,26,1996,27.6,29,1.05,20,4,0,1,2,2,1,0.04,1,0,0,0,0,0
ITA-Serie A,2223,Udinese,Sandi Lovrić,SVN,MF,24,1998,25.9,87,3.35,53,18,4,9,2,1,9,0.35,6,1,1,1,0,0
ITA-Serie A,2223,Udinese,Simone Pafundi,ITA,"MF,FW",16,2006,0.9,4,4.29,3,0,0,0,1,0,0,0.0,0,0,0,0,0,0
ITA-Serie A,2223,Udinese,Tolgay Arslan,GER,MF,31,1990,13.5,44,3.28,30,5,3,1,4,1,0,0.0,0,0,0,0,0,0
ITA-Serie A,2223,Udinese,Vivaldo Semedo,POR,"FW,MF",17,2005,0.4,0,0.0,0,0,0,0,0,0,0,0.0,0,0,0,0,0,0
ITA-Serie A,2223,Udinese,Walace,BRA,MF,27,1995,35.4,53,1.49,43,1,0,5,3,1,6,0.17,5,0,0,0,1,0
