,,,,nation,pos,age,born,Playing Time,Playing Time,Playing Time,Playing Time,Performance,Performance,Performance,Performance,Performance,Performance,Performance,Performance,Performance,Performance,Penalty Kicks,Penalty Kicks,Penalty Kicks,Penalty Kicks,Penalty Kicks
,,,,,,,,MP,Starts,Min,90s,GA,GA90,SoTA,Saves,Save%,W,D,L,CS,CS%,PKatt,PKA,PKsv,PKm,Save%
league,season,team,player,,,,,,,,,,,,,,,,,,,,,,,
ITA-Serie A,2223,Atalanta,Francesco Rossi,ITA,GK,31,1991,1,0,4,0.0,0,0.0,0,0,,0,0,0,0,,0,0,0,0,
ITA-Serie A,2223,Atalanta,Juan Musso,ARG,GK,28,1994,24,24,2077,23.1,27,1.17,89,64,71.9,13,4,7,7,29.2,2,2,0,0,0.0
ITA-Serie A,2223,Atalanta,Marco Sportiello,ITA,GK,30,1992,15,14,1339,14.9,21,1.41,64,43,68.8,6,3,5,2,14.3,1,1,0,0,0.0
ITA-Serie A,2223,Bologna,Francesco Bardi,ITA,GK,30,1992,1,1,90,1.0,0,0.0,4,4,100.0,1,0,0,1,100.0,0,0,0,0,
ITA-Serie A,2223,Bologna,Łukasz Skorupski,POL,GK,31,1991,37,37,3330,37.0,49,1.32,161,113,73.9,13,12,12,7,18.9,9,7,2,0,22.2
ITA-Serie A,2223,Cremonese,Ionuț Radu,ROU,GK,25,1997,9,9,810,9.0,19,2.11,64,45,75.0,0,3,6,1,11.1,3,3,0,0,0.0
ITA-Serie A,2223,Cremonese,Marco Carnesecchi,ITA,GK,22,2000,27,27,2430,27.0,47,1.74,153,107,70.6,4,9,14,4,14.8,2,2,0,0,0.0
ITA-Serie A,2223,Cremonese,Mouhamadou Sarr,SEN,GK,25,1997,2,2,180,2.0,3,1.5,8,5,62.5,1,0,1,1,50.0,0,0,0,0,
ITA-Serie A,2223,Empoli,Guglielmo Vicario,ITA,GK,25,1996,31,31,2783,30.9,39,1.26,134,95,73.9,9,12,10,7,22.6,6,4,1,1,20.0
ITA-Serie A,2223,Empoli,Samir Ujkani,KVX,GK,34,1988,1,0,7,0.1,1,12.86,1,0,0.0,0,0,0,0,,0,0,0,0,
ITA-Serie A,2223,Empoli,Samuele Perisan,ITA,GK,24,1997,7,7,630,7.0,9,1.29,24,15,62.5,1,1,5,2,28.6,0,0,0,0,
ITA-Serie A,2223,Fiorentina,Michele Cerofolini,ITA,GK,23,1999,5,5,450,5.0,3,0.6,11,8,81.8,4,1,0,2,40.0,1,1,0,0,0.0
ITA-Serie A,2223,Fiorentina,Pierluigi Gollini,ITA,GK,27,1995,3,3,270,3.0,2,0.67,8,6,75.0,1,2,0,2,66.7,0,0,0,0,
ITA-Serie A,2223,Fiorentina,Pietro Terracciano,ITA,GK,32,1990,29,29,2610,29.0,38,1.31,96,59,66.7,9,8,12,5,17.2,7,6,1,0,14.3
ITA-Serie A,2223,Fiorentina,Salvatore Sirigu,ITA,GK,35,1987,1,1,90,1.0,0,0.0,5,5,100.0,1,0,0,1,100.0,0,0,0,0,
ITA-Serie A,2223,Hellas Verona,Lorenzo Montipò,ITA,GK,26,1996,37,37,3330,37.0,59,1.59,181,124,68.0,7,9,21,5,13.5,2,1,1,0,50.0
ITA-Serie A,2223,Hellas Verona,Simone Perilli,ITA,GK,27,1995,1,1,90,1.0,0,0.0,4,4,100.0,0,1,0,1,100.0,0,0,0,0,
ITA-Serie A,2223,Inter,Alex Cordaz,ITA,GK,39,1983,1,0,26,0.3,0,0.0,2,2,100.0,0,0,0,1,,0,0,0,0,
ITA-Serie A,2223,Inter,André Onana,CMR,GK,26,1996,24,24,2160,24.0,24,1.0,83,61,73.5,14,3,7,8,33.3,2,2,0,0,0.0
ITA-Serie A,2223,Inter,Samir Handanović,SVN,GK,38,1984,14,14,1234,13.7,18,1.31,52,35,67.3,9,0,5,4,28.6,1,1,0,0,0.0
ITA-Serie A,2223,Juventus,Mattia Perin,ITA,GK,29,1992,11,10,948,10.5,7,0.66,40,32,85.0,5,3,2,6,60.0,2,1,1,0,50.0
ITA-Serie A,2223,Juventus,Wojciech Szczęsny,POL,GK,32,1990,28,28,2472,27.5,26,0.95,93,67,75.3,17,3,8,14,50.0,3,3,0,0,0.0
ITA-Serie A,2223,Lazio,Ivan Provedel,ITA,GK,28,1994,38,37,3413,37.9,30,0.79,128,99,77.3,21,8,8,21,56.8,2,1,0,1,0.0
ITA-Serie A,2223,Lazio,Luís Maximiano,POR,GK,23,1999,1,1,5,0.1,,,,,,1,,,,,,,,,
ITA-Serie A,2223,Lecce,Wladimiro Falcone,ITA,GK,27,1995,38,38,3420,38.0,46,1.21,156,112,73.7,8,12,18,6,15.8,6,5,1,0,16.7
ITA-Serie A,2223,Milan,Antonio Mirante,ITA,GK,39,1983,1,0,2,0.0,0,0.0,0,0,,0,0,0,0,,0,0,0,0,
ITA-Serie A,2223,Milan,Ciprian Tătărușanu,ROU,GK,36,1986,16,16,1440,16.0,22,1.37,61,40,67.2,9,3,4,4,25.0,2,2,0,0,0.0
ITA-Serie A,2223,Milan,Mike Maignan,FRA,GK,27,1995,22,22,1978,22.0,21,0.96,62,40,69.4,11,7,4,8,36.4,3,2,1,0,33.3
ITA-Serie A,2223,Monza,Alessio Cragno,ITA,GK,28,1994,1,1,90,1.0,3,3.0,5,2,40.0,0,0,1,0,0.0,0,0,0,0,
ITA-Serie A,2223,Monza,Michele Di Gregorio,ITA,GK,25,1997,37,37,3330,37.0,49,1.32,167,119,72.5,14,10,13,10,27.0,3,3,0,0,0.0
ITA-Serie A,2223,Napoli,Alex Meret,ITA,GK,25,1997,34,34,3060,34.0,24,0.71,91,66,74.7,26,5,3,16,47.1,2,1,1,0,50.0
ITA-Serie A,2223,Napoli,Pierluigi Gollini,ITA,GK,27,1995,4,4,360,4.0,4,1.0,16,12,75.0,2,1,1,2,50.0,0,0,0,0,
ITA-Serie A,2223,Roma,Mile Svilar,SRB,GK,22,1999,3,3,270,3.0,3,1.0,10,7,70.0,1,1,1,1,33.3,0,0,0,0,
ITA-Serie A,2223,Roma,Rui Patrício,POR,GK,34,1988,35,35,3150,35.0,35,1.0,108,73,69.4,17,8,10,13,37.1,3,2,1,0,33.3
ITA-Serie A,2223,Salernitana,Guillermo Ochoa,MEX,GK,37,1985,20,20,1800,20.0,33,1.65,105,71,71.4,4,10,6,4,20.0,4,3,1,0,25.0
ITA-Serie A,2223,Salernitana,Luigi Sepe,ITA,GK,31,1991,17,17,1530,17.0,27,1.59,87,57,73.6,4,5,8,3,17.6,7,4,3,0,42.9
ITA-Serie A,2223,Salernitana,Vincenzo Fiorillo,ITA,GK,32,1990,1,1,90,1.0,2,2.0,4,2,50.0,1,0,0,0,0.0,0,0,0,0,
ITA-Serie A,2223,Sampdoria,Emil Audero,IDN,GK,25,1997,25,25,2250,25.0,39,1.56,121,82,71.9,2,6,17,4,16.0,7,5,2,0,28.6
ITA-Serie A,2223,Sampdoria,Martin Turk,SVN,GK,18,2003,4,4,360,4.0,9,2.25,30,21,73.3,1,1,2,0,0.0,2,1,0,1,0.0
ITA-Serie A,2223,Sampdoria,Nicola Ravaglia,ITA,GK,33,1988,9,9,810,9.0,23,2.56,64,41,67.2,0,3,6,0,0.0,2,2,0,0,0.0
ITA-Serie A,2223,Sassuolo,Alessandro Russo,ITA,GK,21,2001,1,1,90,1.0,3,3.0,7,4,57.1,0,0,1,0,0.0,0,0,0,0,
ITA-Serie A,2223,Sassuolo,Andrea Consigli,ITA,GK,35,1987,35,35,3150,35.0,55,1.57,117,64,55.6,12,8,15,9,25.7,3,3,0,0,0.0
ITA-Serie A,2223,Sassuolo,Gianluca Pegolo,ITA,GK,41,1981,2,2,180,2.0,3,1.5,6,3,66.7,0,1,1,0,0.0,1,1,0,0,0.0
ITA-Serie A,2223,Spezia,Bartłomiej Drągowski,POL,GK,24,1997,34,34,2946,32.7,54,1.65,164,112,69.5,6,10,18,6,17.6,6,4,1,1,20.0
ITA-Serie A,2223,Spezia,Federico Marchetti,ITA,GK,39,1983,1,0,66,0.7,2,2.73,3,1,33.3,0,0,0,0,,0,0,0,0,
ITA-Serie A,2223,Spezia,Jeroen Zoet,NED,GK,31,1991,5,4,334,3.7,4,1.08,13,9,76.9,0,3,1,0,0.0,1,1,0,0,0.0
ITA-Serie A,2223,Spezia,Petar Zovko,BIH,GK,20,2002,1,0,74,0.8,2,2.43,3,1,33.3,0,0,0,0,,0,0,0,0,
ITA-Serie A,2223,Torino,Vanja Milinković-Savić,SRB,GK,25,1997,38,38,3420,38.0,41,1.08,136,95,73.5,14,11,13,11,28.9,6,5,0,1,0.0
ITA-Serie A,2223,Udinese,Marco Silvestri,ITA,GK,31,1991,38,38,3420,38.0,48,1.26,137,91,69.3,11,13,14,10,26.3,7,6,0,1,0.0
