,,,,nation,pos,age,born,90s,Goals,Goals,Goals,Goals,Goals,Expected,Expected,Expected,Expected,Launched,Launched,Launched,Passes,Passes,Passes,Passes,Goal Kicks,Goal Kicks,Goal Kicks,Crosses,Crosses,Crosses,Sweeper,Sweeper,Sweeper
,,,,,,,,,GA,PKA,FK,CK,OG,PSxG,PSxG/SoT,PSxG+/-,/90,Cmp,Att,Cmp%,Att (GK),Thr,Launch%,AvgLen,Att,Launch%,AvgLen,Opp,Stp,Stp%,#OPA,#OPA/90,AvgDist
league,season,team,player,,,,,,,,,,,,,,,,,,,,,,,,,,,,,,
ITA-Serie A,2223,Atalanta,Francesco Rossi,ITA,GK,31,1991,0.0,0,0,0,0,0,0.0,,0.0,0.0,0,1,0.0,3,0,0.0,17.3,1,100.0,65.0,1,0,0.0,0,0.0,
ITA-Serie A,2223,Atalanta,Juan Musso,ARG,GK,28,1994,23.1,27,2,0,3,2,21.7,0.23,-3.3,-0.14,109,276,39.5,547,152,32.5,32.1,157,62.4,48.6,253,14,5.5,24,1.04,15.6
ITA-Serie A,2223,Atalanta,Marco Sportiello,ITA,GK,30,1992,14.9,21,1,1,2,0,19.6,0.29,-1.4,-0.1,52,148,35.1,346,85,20.5,28.8,116,66.4,49.7,200,18,9.0,18,1.21,15.0
ITA-Serie A,2223,Bologna,Francesco Bardi,ITA,GK,30,1992,1.0,0,0,0,0,0,0.6,0.16,0.6,0.56,5,9,55.6,13,5,38.5,35.6,9,44.4,33.4,10,0,0.0,0,0.0,
ITA-Serie A,2223,Bologna,Łukasz Skorupski,POL,GK,31,1991,37.0,49,7,1,6,3,47.8,0.25,1.8,0.05,146,371,39.4,933,206,29.8,31.7,278,33.5,33.0,492,29,5.9,24,0.65,12.9
ITA-Serie A,2223,Cremonese,Ionuț Radu,ROU,GK,25,1997,9.0,19,3,0,3,0,21.0,0.29,2.0,0.22,38,143,26.6,265,34,41.1,37.3,67,50.7,46.3,107,6,5.6,9,1.0,14.5
ITA-Serie A,2223,Cremonese,Marco Carnesecchi,ITA,GK,22,2000,27.0,47,2,3,7,1,44.2,0.28,-1.8,-0.07,157,523,30.0,745,135,52.2,41.4,203,66.0,53.1,402,29,7.2,29,1.07,14.1
ITA-Serie A,2223,Cremonese,Mouhamadou Sarr,SEN,GK,25,1997,2.0,3,0,0,1,0,2.9,0.36,-0.1,-0.05,19,38,50.0,71,12,40.8,35.7,12,75.0,53.6,18,0,0.0,1,0.5,8.6
ITA-Serie A,2223,Empoli,Guglielmo Vicario,ITA,GK,25,1996,30.9,39,4,0,8,1,40.9,0.27,2.9,0.09,138,455,30.3,1106,151,33.5,33.8,170,50.0,42.9,606,34,5.6,22,0.71,11.5
ITA-Serie A,2223,Empoli,Samir Ujkani,KVX,GK,34,1988,0.1,1,0,0,0,0,0.2,0.25,-0.8,-9.69,0,0,,2,1,0.0,18.5,1,0.0,27.0,1,0,0.0,0,0.0,
ITA-Serie A,2223,Empoli,Samuele Perisan,ITA,GK,24,1997,7.0,9,0,0,2,0,7.5,0.31,-1.5,-0.22,25,75,33.3,153,39,32.0,32.7,75,34.7,34.3,134,5,3.7,4,0.57,11.6
ITA-Serie A,2223,Fiorentina,Michele Cerofolini,ITA,GK,23,1999,5.0,3,1,0,0,0,3.4,0.22,0.4,0.09,24,70,34.3,167,27,34.7,33.3,28,42.9,38.1,29,1,3.4,3,0.6,13.8
ITA-Serie A,2223,Fiorentina,Pierluigi Gollini,ITA,GK,27,1995,3.0,2,0,0,1,0,1.7,0.21,-0.3,-0.1,13,38,34.2,115,17,27.0,32.4,11,63.6,49.3,24,1,4.2,0,0.0,9.3
ITA-Serie A,2223,Fiorentina,Pietro Terracciano,ITA,GK,32,1990,29.0,38,6,0,3,2,33.1,0.28,-2.9,-0.1,155,375,41.3,871,113,32.7,33.2,198,45.5,40.5,271,12,4.4,55,1.9,18.4
ITA-Serie A,2223,Fiorentina,Salvatore Sirigu,ITA,GK,35,1987,1.0,0,0,0,0,0,1.0,0.19,1.0,0.96,6,16,37.5,30,9,40.0,37.7,8,50.0,41.8,12,0,0.0,2,2.0,26.3
ITA-Serie A,2223,Hellas Verona,Lorenzo Montipò,ITA,GK,26,1996,37.0,59,1,1,4,3,49.6,0.27,-6.4,-0.17,360,775,46.5,905,124,62.9,44.3,284,72.5,52.1,496,26,5.2,55,1.49,15.3
ITA-Serie A,2223,Hellas Verona,Simone Perilli,ITA,GK,27,1995,1.0,0,0,0,0,0,0.8,0.19,0.8,0.75,6,30,20.0,21,0,81.0,57.3,13,100.0,69.8,19,1,5.3,1,1.0,12.0
ITA-Serie A,2223,Inter,Alex Cordaz,ITA,GK,39,1983,0.3,0,0,0,0,0,0.5,0.26,0.5,1.77,1,7,14.3,15,3,26.7,33.5,5,60.0,52.0,7,0,0.0,0,0.0,
ITA-Serie A,2223,Inter,André Onana,CMR,GK,26,1996,24.0,24,2,0,5,2,19.3,0.21,-2.7,-0.11,105,270,38.9,875,115,25.5,29.6,152,30.9,35.4,283,15,5.3,10,0.42,12.5
ITA-Serie A,2223,Inter,Samir Handanović,SVN,GK,38,1984,13.7,18,1,0,1,1,15.0,0.27,-2.0,-0.14,45,87,51.7,508,71,15.6,24.7,71,11.3,25.5,149,2,1.3,10,0.73,15.4
ITA-Serie A,2223,Juventus,Mattia Perin,ITA,GK,29,1992,10.5,7,1,0,1,0,11.2,0.23,4.2,0.39,32,107,29.9,287,54,28.6,30.8,63,39.7,35.9,154,4,2.6,11,1.04,15.7
ITA-Serie A,2223,Juventus,Wojciech Szczęsny,POL,GK,32,1990,27.5,26,3,0,5,0,26.0,0.25,0.0,0.0,128,270,47.4,634,128,32.2,33.5,153,43.1,38.3,389,11,2.8,21,0.76,14.7
ITA-Serie A,2223,Lazio,Ivan Provedel,ITA,GK,28,1994,37.9,30,1,0,5,1,31.4,0.25,2.4,0.06,158,373,42.4,1121,166,27.4,32.2,198,33.3,33.2,493,21,4.3,55,1.45,16.5
ITA-Serie A,2223,Lazio,Luís Maximiano,POR,GK,23,1999,0.1,,,,,,,,,,2,3,66.7,,1,,,,,,,,,,,19.0
ITA-Serie A,2223,Lecce,Wladimiro Falcone,ITA,GK,27,1995,38.0,46,5,2,6,3,43.5,0.24,0.5,0.01,194,721,26.9,876,143,56.8,42.1,282,79.1,53.5,534,23,4.3,42,1.11,14.1
ITA-Serie A,2223,Milan,Antonio Mirante,ITA,GK,39,1983,0.0,0,0,0,0,0,0.0,,0.0,0.0,0,0,,3,0,0.0,27.0,1,0.0,15.0,0,0,,0,0.0,
ITA-Serie A,2223,Milan,Ciprian Tătărușanu,ROU,GK,36,1986,16.0,22,2,2,4,1,16.8,0.25,-4.2,-0.26,94,195,48.2,473,75,32.1,32.9,83,51.8,41.8,195,9,4.6,13,0.81,14.4
ITA-Serie A,2223,Milan,Mike Maignan,FRA,GK,27,1995,22.0,21,2,1,2,0,20.3,0.28,-0.7,-0.03,76,193,39.4,725,119,22.8,29.8,85,32.9,35.1,221,15,6.8,32,1.46,17.8
ITA-Serie A,2223,Monza,Alessio Cragno,ITA,GK,28,1994,1.0,3,0,0,0,0,1.7,0.35,-1.3,-1.33,2,4,50.0,25,4,12.0,22.6,6,16.7,33.3,7,0,0.0,2,2.0,25.7
ITA-Serie A,2223,Monza,Michele Di Gregorio,ITA,GK,25,1997,37.0,49,3,1,4,1,48.7,0.28,0.7,0.02,166,476,34.9,1265,236,30.4,32.2,247,37.2,34.9,541,14,2.6,32,0.86,13.4
ITA-Serie A,2223,Napoli,Alex Meret,ITA,GK,25,1997,34.0,24,1,0,1,0,25.0,0.25,1.0,0.03,56,145,38.6,733,121,14.3,26.1,198,20.2,26.9,335,11,3.3,39,1.15,17.0
ITA-Serie A,2223,Napoli,Pierluigi Gollini,ITA,GK,27,1995,4.0,4,0,0,1,0,3.1,0.19,-0.9,-0.23,15,36,41.7,128,24,20.3,29.6,31,32.3,32.2,56,2,3.6,4,1.0,18.8
ITA-Serie A,2223,Roma,Mile Svilar,SRB,GK,22,1999,3.0,3,0,0,0,0,2.9,0.29,-0.1,-0.03,16,44,36.4,61,13,50.8,41.4,16,81.3,60.1,42,6,14.3,4,1.33,12.1
ITA-Serie A,2223,Roma,Rui Patrício,POR,GK,34,1988,35.0,35,2,1,4,1,27.6,0.23,-6.4,-0.18,135,328,41.2,644,121,37.6,33.6,240,35.8,34.8,402,16,4.0,25,0.71,13.8
ITA-Serie A,2223,Salernitana,Guillermo Ochoa,MEX,GK,37,1985,20.0,33,3,1,6,0,34.8,0.3,1.8,0.09,135,430,31.4,556,45,53.6,40.9,200,66.0,47.3,311,11,3.5,10,0.5,12.3
ITA-Serie A,2223,Salernitana,Luigi Sepe,ITA,GK,31,1991,17.0,27,4,0,0,0,30.3,0.27,3.3,0.2,76,274,27.7,490,84,40.6,35.9,154,48.7,41.1,222,16,7.2,13,0.76,14.2
ITA-Serie A,2223,Salernitana,Vincenzo Fiorillo,ITA,GK,32,1990,1.0,2,0,0,0,0,1.9,0.49,-0.1,-0.05,7,15,46.7,19,3,57.9,37.9,5,80.0,56.2,7,1,14.3,0,0.0,6.0
ITA-Serie A,2223,Sampdoria,Emil Audero,IDN,GK,25,1997,25.0,39,5,0,4,2,32.3,0.21,-4.7,-0.19,159,441,36.1,714,104,45.8,39.1,200,57.0,44.2,356,24,6.7,23,0.92,13.9
ITA-Serie A,2223,Sampdoria,Martin Turk,SVN,GK,18,2003,4.0,9,1,0,3,0,8.0,0.26,-1.0,-0.25,35,78,44.9,99,15,41.4,35.1,43,86.0,56.3,60,0,0.0,2,0.5,12.3
ITA-Serie A,2223,Sampdoria,Nicola Ravaglia,ITA,GK,33,1988,9.0,23,2,0,3,0,17.9,0.26,-5.1,-0.57,49,145,33.8,226,45,42.5,35.6,99,49.5,37.6,155,10,6.5,1,0.11,10.5
ITA-Serie A,2223,Sassuolo,Alessandro Russo,ITA,GK,21,2001,1.0,3,0,0,0,0,2.8,0.4,-0.2,-0.22,0,12,0.0,42,2,28.6,30.7,8,0.0,18.3,14,0,0.0,0,0.0,10.0
ITA-Serie A,2223,Sassuolo,Andrea Consigli,ITA,GK,35,1987,35.0,55,3,0,5,2,38.5,0.31,-14.5,-0.41,176,436,40.4,1140,187,30.4,33.3,285,31.2,32.5,467,28,6.0,28,0.8,14.2
ITA-Serie A,2223,Sassuolo,Gianluca Pegolo,ITA,GK,41,1981,2.0,3,1,0,0,0,3.2,0.38,0.2,0.12,9,18,50.0,61,10,21.3,29.7,16,31.3,28.3,28,2,7.1,0,0.0,9.0
ITA-Serie A,2223,Spezia,Bartłomiej Drągowski,POL,GK,24,1997,32.7,54,4,1,7,3,46.1,0.25,-4.9,-0.15,151,482,31.3,975,159,37.6,34.6,196,58.7,46.5,472,13,2.8,32,0.98,14.1
ITA-Serie A,2223,Spezia,Federico Marchetti,ITA,GK,39,1983,0.7,2,0,0,0,0,1.5,0.48,-0.5,-0.74,2,4,50.0,10,2,10.0,24.3,8,37.5,32.4,8,0,0.0,1,1.36,22.0
ITA-Serie A,2223,Spezia,Jeroen Zoet,NED,GK,31,1991,3.7,4,1,0,1,0,2.8,0.14,-1.2,-0.31,25,78,32.1,110,13,54.5,39.0,23,78.3,58.4,62,4,6.5,6,1.61,14.7
ITA-Serie A,2223,Spezia,Petar Zovko,BIH,GK,20,2002,0.8,2,0,0,0,0,1.7,0.55,-0.3,-0.42,7,21,33.3,23,3,47.8,35.1,13,76.9,51.1,24,1,4.2,2,2.47,17.0
ITA-Serie A,2223,Torino,Vanja Milinković-Savić,SRB,GK,25,1997,38.0,41,5,0,6,0,35.8,0.23,-5.2,-0.14,285,939,30.4,1506,185,45.0,39.7,286,91.3,70.0,469,36,7.7,70,1.84,16.2
ITA-Serie A,2223,Udinese,Marco Silvestri,ITA,GK,31,1991,38.0,48,6,2,3,2,48.7,0.31,2.7,0.07,144,380,37.9,872,142,31.9,32.0,302,33.8,34.1,547,13,2.4,21,0.55,12.2
