player_name,MP,Starts,Min,90s,Gls,Ast,GA,G_minus_PK,PK,PKatt,CrdY,CrdR,xG,npxG,xAG,npxG_plus_xAG,PrgC,PrgP,PrgR,age,position_group,positions_all,n_positions,Departed_Label,contract_years_left,is_loan
Aarón Martín,22,17,1376,15.3,0,1,1,0,0,0,4,1,0.2,0.2,1.7,1.9,28,35,72,26,Defender,DF,1,,,
Abdou Harroui,18,13,1019,11.3,3,3,6,2,1,1,2,0,3.1,2.3,1.2,3.5,43,38,56,25,Midfielder,"MF,FW",2,,,
Adam Marušić,37,37,3100,34.4,1,0,1,1,0,0,3,1,0.4,0.4,0.8,1.2,35,118,108,30,Defender,DF,1,,,
Adam Masina,20,11,1088,12.1,0,0,0,0,0,0,2,0,0.30000000000000004,0.30000000000000004,0.2,0.5,3,43,9,29,Defender,DF,1,,,
Adam Obert,17,10,941,10.5,0,0,0,0,0,0,1,0,0.1,0.1,0.9,1.1,14,37,5,20,Defender,DF,1,,,
Ademola Lookman,31,22,1894,21.0,11,7,18,11,0,0,4,0,9.1,9.1,5.2,14.3,72,97,222,25,Midfielder,"FW,MF",2,,,
Adrien Rabiot,31,30,2651,29.5,5,3,8,5,0,0,8,0,3.5,3.4,4.1,7.4,72,120,106,28,Midfielder,MF,1,,,
Adrien Tameze,29,25,2146,23.8,0,2,2,0,0,0,6,1,0.7,0.7,2.2,2.9,22,90,39,29,Defender,"DF,MF",2,,,
Agustín Martegani,18,6,731,8.1,1,0,1,1,0,0,1,0,0.6,0.6,0.5,1.1,14,28,22,23,Midfielder,MF,1,,,
Ahmed Touba,6,3,277,3.1,0,0,0,0,0,0,1,0,0.0,0.0,0.0,0.0,0,2,1,25,Defender,DF,1,,,
Alan Matturro,6,1,106,1.2,0,0,0,0,0,0,0,0,0.1,0.1,0.0,0.1,0,4,1,18,Defender,DF,1,,,
Albert Guðmundsson,35,34,3016,33.5,14,4,18,10,4,5,4,0,9.9,5.8,5.2,11.0,82,120,168,26,Midfielder,"FW,MF",2,,,
Alberto Cerri,12,10,545,6.1,1,0,1,1,0,0,2,0,1.2,1.2,0.2,1.4,3,9,23,27,Forward,FW,1,,,
Alberto Dossena,35,33,2977,33.1,2,4,6,2,0,0,5,0,2.2,2.2,2.1,4.3,9,89,2,24,Defender,DF,1,,,
Alberto Grassi,27,22,1807,20.1,0,1,1,0,0,0,6,1,1.1,1.1,0.6,1.7,13,75,13,28,Midfielder,MF,1,,,
Alejandro Jiménez,3,0,68,0.8,0,0,0,0,0,0,1,0,0.0,0.0,0.1,0.1,2,2,3,18,Defender,DF,1,,,
Aleksei Miranchuk,27,12,1176,13.1,3,5,8,3,0,0,1,0,5.4,5.4,4.1,9.5,41,75,122,27,Midfielder,"MF,FW",2,,,
Alessandro Bastoni,28,28,2268,25.2,1,3,4,1,0,0,5,0,1.2,1.2,3.4,4.6,63,142,77,24,Defender,DF,1,0.0,4.0,False
Alessandro Buongiorno,29,29,2527,28.1,3,0,3,3,0,0,7,0,1.6,1.6,0.1,1.7,14,62,10,24,Defender,DF,1,,,
Alessandro Deiola,27,19,1608,17.9,1,0,1,1,0,0,7,0,2.5,2.5,0.9,3.4,9,64,21,27,Midfielder,MF,1,,,
Alessandro Dellavalle,1,0,15,0.2,0,0,0,0,0,0,0,0,0.0,0.0,0.0,0.0,0,1,0,19,Defender,DF,1,,,
Alessandro Di Pardo,15,2,359,4.0,0,0,0,0,0,0,0,0,0.1,0.1,0.2,0.3,6,11,19,24,Defender,"DF,MF",2,,,
Alessandro Florenzi,31,19,1732,19.2,1,4,5,1,0,0,5,0,1.7,1.7,3.4,5.1,29,106,50,32,Defender,DF,1,,,
Alessandro Sorrentino,7,5,548,6.1,0,0,0,0,0,0,0,0,0.0,0.0,0.0,0.0,0,0,0,21,Goalkeeper,GK,1,,,
Alessandro Vogliacco,20,14,1169,13.0,0,1,1,0,0,0,4,0,0.4,0.4,0.5,0.9,8,49,12,24,Defender,DF,1,,,
Alessandro Zanoli,21,10,973,10.799999999999999,0,2,2,0,0,0,4,0,0.2,0.2,1.8,1.9,29,32,48,22,Defender,"DF,FW",2,,,
Alessio Cragno,3,3,270,3.0,0,0,0,0,0,0,0,0,0.0,0.0,0.0,0.0,0,0,0,29,Goalkeeper,GK,1,,,
Alessio Romagnoli,29,26,2411,26.8,0,0,0,0,0,0,9,0,0.6,0.6,0.6,1.1,7,87,2,28,Defender,DF,1,,,
Alessio Zerbin,20,8,834,9.299999999999999,0,1,1,0,0,0,2,1,0.6000000000000001,0.6000000000000001,1.4,2.1,23,23,64,24,Defender,"DF,FW",2,,,
Alex Meret,31,31,2773,30.8,0,0,0,0,0,0,0,0,0.0,0.0,0.1,0.1,0,0,0,26,Goalkeeper,GK,1,,,
Alex Sandro,16,8,721,8.0,1,0,1,1,0,0,1,0,0.4,0.4,0.9,1.3,16,43,9,32,Defender,DF,1,,,
Alexis Blin,31,16,1642,18.2,0,2,2,0,0,0,4,0,1.1,1.1,0.7,1.8,7,60,11,26,Midfielder,MF,1,,,
Alexis Saelemaekers,30,21,1887,21.0,4,2,6,4,0,0,7,1,2.6,2.6,2.8,5.5,65,77,180,24,Midfielder,"FW,MF",2,,,
Alexis Sánchez,23,6,763,8.5,2,5,7,1,1,1,0,0,3.2,2.5,3.1,5.6,16,53,58,34,Midfielder,"FW,MF",2,1.0,0.0,False
Alfred Duncan,30,24,1888,21.0,2,5,7,2,0,0,2,0,1.5,1.5,2.0,3.5,23,133,47,30,Midfielder,MF,1,,,
Alphadjo Cissè,1,0,8,0.1,0,0,0,0,0,0,0,0,0.0,0.0,0.0,0.0,0,0,0,16,Forward,FW,1,,,
Amir Rrahmani,30,30,2600,28.9,3,0,3,3,0,0,5,0,2.2,2.2,0.9,3.1,19,113,4,29,Defender,DF,1,,,
Andre-Frank Zambo Anguissa,34,32,2786,31.0,0,2,2,0,0,0,2,0,3.4,3.3,3.0,6.3,43,163,139,27,Midfielder,MF,1,,,
Andrea Belotti,29,17,1628,18.0,6,2,8,6,0,0,1,0,6.1,6.1,1.9,8.0,25,23,109,29,Forward,FW,1,,,
Andrea Cambiaso,34,28,2372,26.4,2,3,5,2,0,0,10,0,2.2,2.2,3.9,6.0,87,71,172,23,Defender,"DF,FW",2,,,
Andrea Carboni,21,16,1487,16.5,1,0,1,1,0,0,1,0,1.2,1.2,0.5,1.7,13,46,22,22,Defender,DF,1,,,
Andrea Colpani,38,36,2657,29.5,8,4,12,8,0,0,1,0,4.8,4.8,5.0,9.8,90,120,193,24,Midfielder,"MF,FW",2,,,
Andrea Consigli,35,35,3150,35.0,0,0,0,0,0,0,1,0,0.0,0.0,0.0,0.0,0,1,0,36,Goalkeeper,GK,1,,,
Andrea Ferraris,1,0,10,0.1,0,0,0,0,0,0,0,0,0.0,0.0,0.0,0.0,0,1,0,20,Midfielder,MF,1,,,
Andrea Petagna,18,13,995,11.1,1,1,2,1,0,0,2,0,1.6,1.6,1.0,2.6,11,14,56,28,Forward,FW,1,,,
Andrea Pinamonti,38,37,3076,34.2,11,1,12,9,2,3,4,0,8.9,6.6,1.9,8.4,17,45,165,24,Forward,FW,1,,,
Andrea Sodero,1,0,5,0.1,0,0,0,0,0,0,0,0,0.0,0.0,0.0,0.0,0,0,1,18,Midfielder,MF,1,,,
Andres Sfait,2,0,23,0.3,0,0,0,0,0,0,0,0,0.0,0.0,0.1,0.1,1,1,2,18,Defender,"DF,MF",2,,,
Angeliño,16,14,1141,12.7,0,1,1,0,0,0,2,0,0.2,0.2,1.6,1.7,12,40,55,26,Defender,DF,1,,,
Anthony Oyono,16,14,1198,13.3,0,1,1,0,0,0,4,0,0.1,0.1,0.9,1.0,35,33,39,22,Defender,DF,1,,,
Antoine Makoumbou,32,32,2702,30.0,1,0,1,1,0,0,5,2,0.7,0.7,0.9,1.6,37,137,52,25,Midfielder,MF,1,,,
Antonino Gallo,35,30,2490,27.7,0,3,3,0,0,0,2,0,0.5,0.5,4.5,5.0,69,125,101,23,Defender,DF,1,,,
Antonio Candreva,34,32,2750,30.6,6,6,12,5,1,1,5,0,4.9,4.1,5.0,9.1,67,149,182,36,Midfielder,"MF,FW",2,,,
Antonio Mirante,2,2,177,2.0,0,0,0,0,0,0,0,0,0.0,0.0,0.0,0.0,0,0,0,40,Goalkeeper,GK,1,,,
Antonio Sanabria,35,23,2133,23.7,5,0,5,3,2,2,2,0,9.3,7.7,1.4,9.1,19,57,109,27,Midfielder,"FW,MF",2,,,
Antonio Tikvić,1,0,1,0.0,0,0,0,0,0,0,0,0,0.0,0.0,0.0,0.0,0,0,0,19,Defender,DF,1,,,
Antonín Barák,21,8,808,9.0,2,3,5,2,0,0,2,0,1.5,1.5,2.2,3.8,17,33,64,28,Midfielder,"MF,FW",2,,,
Ardian Ismajli,26,23,2045,22.7,0,0,0,0,0,0,2,0,0.3,0.3,0.1,0.4,9,49,3,26,Defender,DF,1,,,
Arijon Ibrahimović,16,5,474,5.3,1,1,2,1,0,0,1,0,0.8,0.8,0.7,1.5,10,22,54,17,Defender,"FW,DF",2,,,
Arkadiusz Milik,32,7,919,10.2,4,1,5,4,0,0,2,1,5.1,5.1,2.6,7.7,12,22,49,29,Forward,FW,1,,,
Armand Lauriente,37,35,2908,32.3,5,4,9,5,0,0,5,0,5.7,5.7,4.0,9.7,125,99,268,24,Forward,FW,1,,,
Armando Izzo,23,20,1650,18.3,0,0,0,0,0,0,9,0,0.7,0.7,0.5,1.1,15,59,7,31,Defender,DF,1,,,
Arthur Melo,33,23,1986,22.1,2,3,5,1,1,1,2,0,1.0,0.3,1.7,2.0,21,133,27,26,Midfielder,MF,1,,,
Axel Guessand,1,0,45,0.5,0,0,0,0,0,0,0,0,0.0,0.0,0.0,0.0,1,1,1,18,Defender,DF,1,,,
Bartosz Bereszyński,24,22,1762,19.6,0,1,1,0,0,0,3,0,0.1,0.1,0.3,0.4,15,69,18,31,Defender,DF,1,,,
Benjamin Pavard,23,21,1672,18.6,0,2,2,0,0,0,6,0,0.7,0.7,1.4,2.1,25,89,47,27,Defender,DF,1,0.0,4.0,False
Benoît Costil,13,13,1170,13.0,0,0,0,0,0,0,0,0,0.0,0.0,0.0,0.0,0,0,0,36,Goalkeeper,GK,1,,,
Berat Djimsiti,37,32,2832,31.5,0,1,1,0,0,0,5,0,0.8,0.8,0.7,1.5,6,79,10,30,Defender,DF,1,,,
Berkan Kutlu,6,0,199,2.2,0,0,0,0,0,0,0,0,0.2,0.2,0.3,0.4,4,5,9,25,Midfielder,MF,1,,,
Beto,1,1,74,0.8,0,0,0,0,0,0,0,0,0.0,0.0,0.3,0.3,0,2,5,25,Forward,FW,1,,,
Boris Radunović,7,7,630,7.0,0,0,0,0,0,0,0,0,0.0,0.0,0.0,0.0,0,0,0,27,Goalkeeper,GK,1,,,
Boulaye Dia,17,12,1143,12.7,4,0,4,3,1,1,1,0,3.9,3.1,0.5,3.6,18,22,57,26,Midfielder,"FW,MF",2,,,
Brandon Soppy,5,2,178,2.0,0,0,0,0,0,0,0,0,0.0,0.0,0.1,0.1,9,6,3,21,Defender,DF,1,,,
Brenner,8,2,189,2.1,0,0,0,0,0,0,0,0,0.4,0.4,0.0,0.4,6,8,10,23,Midfielder,"MF,FW",2,,,
Bruno Amione,10,7,579,6.4,0,0,0,0,0,0,2,0,0.3,0.3,0.0,0.3,2,17,2,21,Defender,DF,1,,,
Bryan Cristante,37,37,3289,36.5,3,4,7,3,0,0,8,0,4.0,4.0,2.9,6.9,47,234,80,28,Defender,"MF,DF",2,,,
Caleb Ekuban,29,10,1131,12.6,4,1,5,4,0,0,0,0,2.9,2.9,1.4,4.2,14,15,93,29,Forward,FW,1,,,
Caleb Okoli,34,32,2914,32.4,0,1,1,0,0,0,9,0,0.6,0.6,0.8,1.4,22,118,4,22,Defender,DF,1,,,
Carlo Pinsoglio,1,0,45,0.5,0,0,0,0,0,0,0,0,0.0,0.0,0.0,0.0,0,0,0,33,Goalkeeper,GK,1,,,
Carlos Alcaraz,10,3,380,4.2,0,1,1,0,0,0,0,0,0.4,0.4,0.1,0.5,6,27,9,20,Midfielder,MF,1,,,
Carlos Augusto,37,14,1725,19.2,0,3,3,0,0,0,1,0,1.0,1.0,2.8,3.9,42,54,88,24,Defender,DF,1,0.0,,True
Chaka Traorè,2,0,20,0.2,1,0,1,1,0,0,0,0,0.1,0.1,0.0,0.1,2,0,2,18,Forward,FW,1,,,
Charalampos Lykogiannis,22,10,904,10.0,2,1,3,2,0,0,2,0,1.3,1.3,1.6,2.9,36,35,41,29,Defender,DF,1,,,
Charles De Ketelaere,35,25,2026,22.5,10,8,18,9,1,1,1,0,7.1,6.3,6.1,12.4,88,126,219,22,Midfielder,"FW,MF",2,,,
Charlys,2,0,25,0.3,0,0,0,0,0,0,0,0,0.0,0.0,0.0,0.0,0,1,0,19,Midfielder,MF,1,,,
Chris Smalling,8,4,390,4.3,0,0,0,0,0,0,0,0,0.0,0.0,0.4,0.4,1,13,2,33,Defender,DF,1,,,
Christian Kabasele,13,10,861,9.6,1,1,2,1,0,0,5,0,1.2,1.2,0.5,1.6,7,22,1,32,Defender,DF,1,,,
Christian Kouamé,23,11,1089,12.1,2,1,3,2,0,0,0,0,1.9,1.9,1.8,3.7,12,41,110,25,Forward,FW,1,,,
Christian Pulisic,36,32,2602,28.9,12,8,20,12,0,0,2,0,8.0,8.0,4.8,12.8,131,87,293,24,Midfielder,"FW,MF",2,,,
Christos Mandas,9,8,721,8.0,0,0,0,0,0,0,0,0,0.0,0.0,0.0,0.0,0,0,0,21,Goalkeeper,GK,1,,,
Christos Papadopoulos,1,0,4,0.0,0,0,0,0,0,0,0,0,0.0,0.0,0.0,0.0,0,0,0,18,Forward,FW,1,,,
Chukwubuikem Ikwuemesi,25,11,1061,11.8,1,1,2,1,0,0,2,0,2.4,2.4,0.7,3.1,11,10,70,21,Forward,FW,1,,,
Ciro Immobile,31,21,1652,18.4,7,1,8,3,4,4,8,0,9.7,6.6,2.1,8.6,19,39,123,33,Forward,FW,1,,,
Cristian Volpato,22,5,645,7.2,1,0,1,1,0,0,1,0,0.5,0.5,1.4,1.9,34,53,49,19,Midfielder,"MF,FW",2,,,
Cristiano Biraghi,29,27,2356,26.2,2,5,7,2,0,1,8,0,1.6,0.8,3.6,4.4,55,129,109,30,Defender,DF,1,,,
Cyril Ngonge,32,18,1746,19.4,7,2,9,7,0,0,6,0,5.2,4.4,2.5,6.8999999999999995,71,55,160,23,Midfielder,"FW,MF",2,,,
Daichi Kamada,29,17,1544,17.2,2,2,4,2,0,0,3,0,1.8,1.8,2.8,4.6,40,96,78,26,Midfielder,MF,1,,,
Dan Ndoye,32,20,1771,19.7,1,1,2,1,0,0,4,0,4.9,4.9,1.8,6.6,88,36,173,22,Midfielder,"FW,MF",2,,,
Daniel Bandeira,14,3,446,5.0,0,0,0,0,0,0,2,0,0.1,0.1,0.2,0.3,9,34,8,23,Midfielder,MF,1,,,
Daniel Boloca,30,23,2022,22.5,1,0,1,1,0,0,6,1,0.5,0.5,0.4,0.9,27,109,17,24,Midfielder,MF,1,,,
Daniel Maldini,18,5,596,6.6,4,1,5,4,0,0,1,0,1.6,1.6,1.2,2.6999999999999997,22,20,32,21,Midfielder,"FW,MF",2,,,
Daniele Rugani,17,13,1187,13.2,2,0,2,2,0,0,2,0,1.6,1.6,0.4,2.0,2,46,2,29,Defender,DF,1,,,
Daniele Sommariva,1,0,5,0.1,0,0,0,0,0,0,0,0,0.0,0.0,0.0,0.0,0,0,0,26,Goalkeeper,GK,1,,,
Danilo,29,27,2452,27.2,1,1,2,1,0,0,7,0,1.3,1.3,0.9,2.2,18,161,21,32,Defender,DF,1,,,
Danilo Cataldi,28,15,1361,15.1,1,0,1,1,0,0,8,0,0.4,0.4,0.8,1.1,9,69,7,28,Midfielder,MF,1,,,
Danilo D'Ambrosio,24,16,1536,17.1,0,0,0,0,0,0,5,1,0.7,0.7,0.2,0.8,12,61,25,34,Defender,DF,1,,,
Dany Mota,34,24,2049,22.8,4,3,7,4,0,0,3,0,3.6,3.6,3.0,6.5,112,57,152,25,Midfielder,"FW,MF",2,,,
Darko Lazović,32,22,1928,21.4,3,2,5,2,1,1,0,1,2.8,2.0,4.4,6.4,43,66,139,32,Midfielder,"FW,MF",2,,,
David Akpan Ankeye,6,0,57,0.6,0,0,0,0,0,0,0,0,0.0,0.0,0.0,0.0,3,1,2,21,Forward,FW,1,,,
David Okereke,9,3,252,2.8,0,0,0,0,0,0,0,0,0.2,0.2,0.1,0.4,8,7,23,25,Midfielder,"FW,MF",2,,,
David Zima,5,0,91,1.0,0,0,0,0,0,0,0,0,0.0,0.0,0.0,0.0,1,1,0,22,Defender,DF,1,,,
Davide Bartesaghi,6,0,79,0.9,0,0,0,0,0,0,0,0,0.0,0.0,0.0,0.0,1,3,4,17,Defender,"DF,MF",2,,,
Davide Bettella,1,0,3,0.0,0,0,0,0,0,0,0,0,0.0,0.0,0.0,0.0,0,0,0,23,Midfielder,MF,1,,,
Davide Biraschi,1,1,90,1.0,1,0,1,1,0,0,0,0,0.1,0.1,0.0,0.1,0,5,4,29,Defender,DF,1,,,
Davide Calabria,29,26,2185,24.3,1,3,4,1,0,0,5,2,1.3,1.3,1.2,2.5,31,140,66,26,Defender,DF,1,,,
Davide Faraoni,19,11,994,11.100000000000001,0,2,2,0,0,0,5,0,0.5,0.5,0.8,1.3,20,45,47,31,Defender,DF,1,,,
Davide Frattesi,32,6,955,10.6,6,3,9,6,0,0,1,0,7.1,7.1,1.9,9.0,27,37,40,23,Midfielder,MF,1,0.0,,True
Davide Zappacosta,31,23,1867,20.7,2,1,3,2,0,0,5,0,2.2,2.2,1.4,3.7,67,78,132,31,Defender,DF,1,,,
Davy Klaassen,13,1,206,2.3,0,0,0,0,0,0,1,0,0.1,0.1,0.2,0.3,1,7,5,30,Midfielder,MF,1,1.0,0.0,False
Dean Huijsen,14,4,522,5.8,2,0,2,2,0,0,4,0,0.4,0.4,0.1,0.5,4,20,15,18,Defender,DF,1,,,
Demba Seck,20,8,723,8.0,0,0,0,0,0,0,1,0,1.4000000000000001,1.4000000000000001,0.4,1.9,34,21,48,22,Midfielder,"FW,MF",2,,,
Denzel Dumfries,31,19,1639,18.2,4,4,8,4,0,0,2,1,2.3,2.3,4.9,7.1,50,51,147,27,Defender,DF,1,0.0,1.0,False
Diego Coppola,24,18,1634,18.2,2,0,2,2,0,0,9,0,1.2,1.2,0.2,1.4,1,40,0,19,Defender,DF,1,,,
Diego Demme,2,1,73,0.8,0,0,0,0,0,0,1,0,0.0,0.0,0.0,0.0,3,5,0,31,Midfielder,MF,1,,,
Diego Llorente,29,27,2170,24.1,1,1,2,1,0,0,5,0,0.3,0.3,0.6,0.9,20,75,5,29,Defender,DF,1,,,
Djed Spence,16,8,859,9.5,0,0,0,0,0,0,1,0,0.2,0.2,0.3,0.4,17,25,31,22,Defender,DF,1,,,
Dodô,9,7,523,5.8,0,0,0,0,0,0,0,0,0.1,0.1,0.8,0.9,20,39,21,24,Defender,DF,1,,,
Domagoj Bradarić,34,30,2749,30.5,0,3,3,0,0,0,5,0,0.8,0.8,1.8,2.6,57,76,120,23,Defender,DF,1,,,
Domenico Berardi,17,17,1431,15.9,9,3,12,4,5,5,6,0,6.5,2.6,3.0,5.6,38,83,123,28,Forward,FW,1,,,
Domingos Quina,2,0,13,0.1,0,0,0,0,0,0,0,0,0.0,0.0,0.0,0.0,0,1,0,23,Midfielder,MF,1,,,
Duván Zapata,37,36,2992,33.2,13,4,17,13,0,0,2,0,11.3,11.3,3.1,14.4,77,55,255,32,Forward,FW,1,,,
Dušan Vlahović,33,27,2307,25.6,16,4,20,14,2,4,8,1,16.6,13.3,2.3,15.6,36,46,174,23,Forward,FW,1,,,
Dylan Bronn,4,0,52,0.6,0,0,0,0,0,0,0,0,0.0,0.0,0.0,0.0,1,1,0,28,Defender,"DF,MF",2,,,
Ebenezer Akinsanmiro,1,0,15,0.2,0,0,0,0,0,0,0,0,0.0,0.0,0.0,0.0,0,2,0,18,Midfielder,MF,1,1.0,2.0,False
Edoardo Bove,31,18,1780,19.8,0,2,2,0,0,0,2,0,2.0,2.0,0.7,2.7,21,88,47,21,Midfielder,MF,1,,,
Edoardo Goldaniga,13,12,1011,11.2,0,0,0,0,0,0,3,0,0.5,0.5,0.1,0.7,9,50,3,29,Defender,DF,1,,,
El Bilal Touré,11,3,394,4.4,2,0,2,2,0,0,2,0,1.2,1.2,0.8,2.0,16,11,39,21,Forward,FW,1,,,
Elayis Tavsan,3,0,50,0.6,0,0,0,0,0,0,0,0,0.1,0.1,0.0,0.1,2,2,1,22,Midfielder,"MF,FW",2,,,
Eldor Shomurodov,22,10,936,10.4,3,3,6,3,0,0,1,0,3.5,3.5,1.7,5.2,12,18,52,28,Midfielder,"FW,MF",2,,,
Elia Caprile,23,23,2070,23.0,0,0,0,0,0,0,0,0,0.0,0.0,0.3,0.3,0,0,0,21,Goalkeeper,GK,1,,,
Elif Elmas,11,4,339,3.8,2,0,2,2,0,0,2,0,0.5,0.5,0.2,0.7,14,16,26,23,Midfielder,"FW,MF",2,,,
Elseid Hysaj,22,11,1199,13.3,0,0,0,0,0,0,2,0,0.2,0.2,0.4,0.7,27,51,41,29,Defender,DF,1,,,
Emanuel Vignato,9,3,311,3.5,0,1,1,0,0,0,1,0,0.0,0.0,0.3,0.4,5,11,15,22,Midfielder,"MF,FW",2,,,
Emanuele Valeri,16,14,1178,13.1,0,1,1,0,0,0,3,0,0.9,0.9,2.4,3.3,38,41,61,24,Defender,DF,1,,,
Emil Audero,4,4,337,3.7,0,0,0,0,0,0,0,0,0.0,0.0,0.0,0.0,0,0,0,26,Goalkeeper,GK,1,1.0,,True
Emil Bohinen,17,7,591,6.5,0,0,0,0,0,0,1,0,0.1,0.1,0.30000000000000004,0.4,8,29,11,24,Midfielder,MF,1,,,
Emil Ceide,11,0,176,2.0,0,0,0,0,0,0,0,0,0.1,0.1,0.2,0.3,12,3,16,21,Midfielder,"FW,MF",2,,,
Emil Holm,22,12,947,10.5,1,1,2,1,0,0,5,0,2.7,2.7,0.8,3.6,28,27,80,23,Defender,DF,1,,,
Emmanuel Ekong,1,0,5,0.1,0,0,0,0,0,0,0,0,0.0,0.0,0.0,0.0,0,0,1,21,Forward,FW,1,,,
Emmanuel Gyasi,33,21,1879,20.9,1,2,3,1,0,0,8,0,3.5,3.5,1.5,5.0,15,41,60,29,Defender,"DF,FW",2,,,
Enzo Barrenechea,36,32,2811,31.2,0,1,1,0,0,0,10,0,0.6,0.6,1.7,2.3,10,155,24,22,Midfielder,MF,1,,,
Enzo Ebosse,1,0,8,0.1,0,0,0,0,0,0,0,0,0.0,0.0,0.0,0.0,0,1,0,24,Defender,DF,1,,,
Erik Botheim,7,4,316,3.5,0,0,0,0,0,0,1,0,0.1,0.1,0.0,0.1,3,5,9,23,Midfielder,"FW,MF",2,,,
Etrit Berisha,14,14,1260,14.0,0,0,0,0,0,0,0,0,0.0,0.0,0.0,0.0,0,0,0,34,Goalkeeper,GK,1,,,
Fabiano Parisi,21,16,1454,16.2,0,1,1,0,0,0,4,0,0.9,0.9,2.4,3.3,50,78,64,22,Defender,DF,1,,,
Fabien Centonze,10,7,676,7.5,0,1,1,0,0,0,2,0,0.0,0.0,1.0,1.1,16,14,21,27,Defender,DF,1,,,
Fabio Miretti,25,16,1103,12.3,1,1,2,1,0,0,3,0,1.2,1.2,1.1,2.3,22,43,62,19,Midfielder,MF,1,,,
Farés Ghedjemis,6,1,182,2.0,0,0,0,0,0,0,1,0,0.1,0.1,0.1,0.3,7,2,19,20,Midfielder,"FW,MF",2,,,
Federico Baschirotto,37,37,3294,36.6,0,1,1,0,0,0,3,1,1.7,1.5,0.7,2.1,28,96,3,26,Defender,DF,1,,,
Federico Bonazzoli,24,10,1016,11.3,3,1,4,3,0,0,2,0,2.9,2.9,1.1,4.0,13,26,73,26,Midfielder,"FW,MF",2,,,
Federico Chiesa,33,25,2197,24.4,9,2,11,8,1,1,1,0,6.4,5.6,6.2,11.9,111,70,216,25,Forward,FW,1,,,
Federico Di Francesco,2,0,15,0.2,1,0,1,1,0,0,0,0,0.1,0.1,0.0,0.1,1,1,3,29,Midfielder,"FW,MF",2,,,
Federico Dimarco,30,29,2077,23.1,5,6,11,5,0,0,0,0,2.9,2.7,8.5,11.1,51,100,198,25,Defender,DF,1,0.0,2.0,False
Federico Fazio,17,15,1355,15.1,1,0,1,1,0,0,3,1,0.4,0.4,0.1,0.5,2,27,2,36,Defender,DF,1,,,
Federico Gatti,32,30,2637,29.3,4,0,4,4,0,0,7,0,5.5,5.5,1.5,7.0,52,122,43,25,Defender,DF,1,,,
Federico Ravaglia,6,6,535,5.9,0,0,0,0,0,0,0,0,0.0,0.0,0.0,0.0,0,0,0,23,Goalkeeper,GK,1,,,
Felipe Anderson,38,33,2770,30.8,5,6,11,5,0,0,3,0,4.4,4.4,6.3,10.7,108,126,226,30,Midfielder,"FW,MF",2,,,
Festy Ebosele,31,20,1700,18.9,0,0,0,0,0,0,6,1,0.8,0.8,1.8,2.6,67,35,98,20,Defender,DF,1,,,
Fikayo Tomori,26,24,2121,23.6,4,0,4,4,0,0,8,1,3.7,3.7,0.2,3.9,16,63,2,25,Defender,DF,1,,,
Filip Jagiełło,2,0,33,0.4,0,0,0,0,0,0,0,0,0.0,0.0,0.0,0.0,1,2,2,25,Midfielder,MF,1,,,
Filip Kostić,29,26,1815,20.2,0,4,4,0,0,0,2,0,0.7,0.7,5.4,6.1,64,88,95,30,Defender,DF,1,,,
Filippo Missori,8,2,266,3.0,0,0,0,0,0,0,0,0,0.3,0.3,0.0,0.3,5,8,7,19,Defender,DF,1,,,
Filippo Ranocchia,9,5,476,5.3,0,0,0,0,0,0,3,0,0.2,0.2,0.5,0.8,5,21,11,22,Defender,"MF,DF",2,,,
Filippo Terracciano,21,15,1372,15.200000000000001,0,1,1,0,0,0,2,0,0.3,0.3,1.0,1.3,26,52,29,20,Defender,DF,2,,,
Flavius Daniliuc,14,8,744,8.3,0,0,0,0,0,0,2,0,0.2,0.2,0.2,0.5,8,37,2,22,Defender,DF,1,,,
Florian Thauvin,29,19,1710,19.0,5,3,8,4,1,1,4,0,4.7,3.9,4.2,8.2,72,69,97,30,Forward,FW,1,,,
Francesco Acerbi,29,26,2388,26.5,3,1,4,3,0,0,1,0,1.6,1.6,1.8,3.4,21,87,24,35,Defender,DF,1,0.0,1.0,False
Francesco Camarda,2,0,14,0.2,0,0,0,0,0,0,0,0,0.0,0.0,0.0,0.0,0,0,1,15,Forward,FW,1,,,
Francesco Caputo,20,15,1268,14.1,3,0,3,2,1,1,0,0,3.4,2.6,0.7,3.4,7,18,65,35,Forward,FW,1,,,
Francesco Gelli,27,16,1561,17.3,0,0,0,0,0,0,3,0,0.7,0.7,2.4,3.1,42,61,87,26,Defender,"MF,DF",2,,,
Francesco Rossi,1,0,5,0.1,0,0,0,0,0,0,0,0,0.0,0.0,0.0,0.0,0,0,0,32,Goalkeeper,GK,1,,,
Gabriel Strefezza,19,13,1112,12.4,1,0,1,0,1,1,4,0,2.5,1.7,1.2,2.8,34,54,81,26,Forward,FW,1,,,
Gabriele Zappa,38,25,2561,28.5,1,3,4,1,0,0,2,0,1.5,1.5,3.3,4.8,35,99,84,23,Defender,DF,1,,,
Gaetano Castrovilli,6,5,367,4.1,1,2,3,1,0,0,0,0,0.3,0.3,0.6,0.9,14,12,25,26,Midfielder,"FW,MF",2,,,
Gaetano Oristanio,25,11,1104,12.3,2,1,3,2,0,0,1,0,1.8,1.8,1.1,2.8,25,26,76,20,Midfielder,"FW,MF",2,,,
Gennaro Borrelli,1,0,24,0.3,0,0,0,0,0,0,0,0,0.0,0.0,0.0,0.0,1,0,1,23,Forward,FW,1,,,
George Pușcaș,8,1,191,2.1,0,0,0,0,0,0,0,0,2.1,2.1,0.1,2.2,5,3,17,27,Forward,FW,1,,,
Gerardo Fusco,1,0,15,0.2,0,0,0,0,0,0,0,0,0.0,0.0,0.0,0.0,0,0,1,18,Forward,FW,1,,,
Giacomo Bonaventura,31,27,2277,25.3,8,3,11,8,0,1,6,0,5.7,4.4,3.6,8.0,60,140,107,33,Midfielder,MF,1,,,
Giacomo Corona,1,0,5,0.1,0,0,0,0,0,0,0,0,0.0,0.0,0.0,0.0,0,0,0,19,Forward,FW,1,,,
Giacomo Raspadori,37,14,1584,17.6,5,3,8,5,0,1,0,0,5.9,4.5,4.0,8.5,29,54,139,23,Midfielder,"FW,MF",2,,,
Gian Marco Ferrari,31,25,2272,25.2,1,0,1,1,0,0,4,0,1.6,1.6,0.3,1.9,32,148,7,31,Defender,DF,1,,,
Giangiacomo Magnani,33,27,2444,27.2,0,0,0,0,0,0,6,0,0.5,0.5,0.2,0.8,15,79,10,27,Defender,DF,1,,,
Gianluca Caprari,6,4,285,3.2,0,0,0,0,0,0,0,0,0.7,0.7,0.7,1.4,11,15,16,30,Midfielder,"MF,FW",2,,,
Gianluca Gaetano,20,11,906,10.100000000000001,5,1,6,4,1,1,2,1,1.9,1.1,1.8,2.9000000000000004,23,47,47,23,Midfielder,"FW,MF",2,,,
Gianluca Lapadula,23,14,1205,13.4,3,1,4,2,1,1,3,0,4.8,4.1,1.1,5.1,8,4,63,33,Forward,FW,1,,,
Gianluca Mancini,36,34,2869,31.9,4,1,5,4,0,0,9,0,1.9,1.9,1.1,3.0,38,139,13,27,Defender,DF,1,,,
Gianluca Scamacca,29,17,1453,16.1,12,6,18,12,0,0,1,0,6.5,6.5,3.9,10.5,22,41,167,24,Forward,FW,1,,,
Gino Infantino,6,0,96,1.1,0,0,0,0,0,0,1,0,0.0,0.0,0.0,0.1,0,7,4,20,Midfielder,MF,1,,,
Giorgi Kvernadze,5,0,63,0.7,0,0,0,0,0,0,0,0,0.0,0.0,0.0,0.0,0,1,6,20,Defender,"FW,DF",2,,,
Giorgio Cittadini,6,1,121,1.4,0,0,0,0,0,0,1,0,0.0,0.0,0.0,0.0,1,2,2,21,Defender,DF,1,,,
Giorgio Scalvini,33,31,2544,28.3,1,3,4,1,0,0,3,0,1.4,1.4,1.1,2.5,30,116,33,19,Defender,DF,1,,,
Giorgos Kyriakopoulos,28,20,1712,19.0,0,3,3,0,0,0,3,0,1.2,1.2,1.4,2.6,64,70,94,27,Defender,DF,1,,,
Giovanni Bonfanti,2,1,89,1.0,0,0,0,0,0,0,0,0,0.1,0.1,0.0,0.1,0,1,2,20,Defender,DF,1,,,
Giovanni Di Lorenzo,36,36,3234,35.9,1,6,7,1,0,0,6,0,3.1,3.1,4.9,8.0,95,304,250,29,Defender,DF,1,,,
Giovanni Fabbian,27,11,1057,11.7,5,2,7,5,0,0,4,0,4.2,4.2,1.9,6.0,11,17,41,20,Midfielder,"MF,FW",2,,,
Giovanni Simeone,28,8,800,8.9,1,0,1,1,0,0,3,0,3.4,3.4,0.6,3.9,11,13,76,28,Forward,FW,1,,,
Giulio Donati,4,0,36,0.4,0,0,0,0,0,0,2,0,0.0,0.0,0.2,0.2,0,3,5,33,Defender,DF,1,,,
Giulio Maggiore,27,20,1800,20.0,4,2,6,4,0,0,9,1,2.3,2.3,1.1,3.4,8,64,25,25,Midfielder,MF,1,,,
Giuseppe Caso,14,2,417,4.6,0,0,0,0,0,0,2,0,0.3,0.3,0.2,0.4,15,20,37,24,Midfielder,"FW,MF",2,,,
Giuseppe Pezzella,19,14,1085,12.1,0,0,0,0,0,0,4,0,0.2,0.2,0.5,0.6,44,44,36,25,Defender,DF,1,,,
Gleison Bremer,36,36,3233,35.9,3,0,3,3,0,0,9,0,1.4,1.4,0.4,1.9,7,120,4,26,Defender,DF,1,,,
Grigoris Kastanos,26,18,1480,16.4,3,3,6,3,0,0,5,0,2.9,2.9,2.8,5.7,28,78,69,25,Defender,"MF,DF",2,,,
Grégoire Defrel,20,7,757,8.4,1,2,3,1,0,0,0,0,1.0,1.0,1.2,2.2,7,17,42,32,Midfielder,"FW,MF",2,,,
Guillermo Ochoa,21,21,1890,21.0,0,0,0,0,0,0,0,0,0.0,0.0,0.0,0.0,0,0,0,38,Goalkeeper,GK,1,,,
Gustav Isaksen,28,12,1074,11.9,3,1,4,3,0,0,3,0,1.6,1.6,2.6,4.2,36,21,95,22,Forward,FW,1,,,
Gvidas Gineitis,14,4,538,6.0,0,0,0,0,0,0,2,0,0.4,0.4,0.5,0.9,9,25,12,19,Midfielder,MF,1,,,
Hakan Çalhanoğlu,32,32,2556,28.4,13,3,16,3,10,10,5,0,10.1,2.3,4.7,7.0,45,186,34,29,Midfielder,MF,1,0.0,3.0,False
Hamed Junior Traorè,9,5,382,4.2,0,0,0,0,0,0,1,0,0.9,0.9,0.7,1.6,12,21,19,23,Midfielder,MF,1,,,
Hamza Rafia,28,17,1204,13.4,1,0,1,1,0,0,4,0,0.8,0.8,0.8,1.6,15,46,37,24,Midfielder,MF,1,,,
Hans Hateboer,23,10,1113,12.4,0,1,1,0,0,0,5,0,0.3,0.3,2.0,2.4,19,42,71,29,Defender,DF,1,,,
Hans Nicolussi Caviglia,8,3,268,3.0,0,1,1,0,0,0,1,0,0.1,0.1,0.6,0.7,0,14,2,23,Midfielder,MF,1,,,
Hassane Kamara,35,27,2225,24.7,1,1,2,1,0,0,4,0,1.9,1.9,2.8,4.8,61,81,94,29,Defender,DF,1,,,
Henrikh Mkhitaryan,36,35,2785,30.9,2,8,10,2,0,0,4,0,3.6,3.6,4.5,8.1,92,192,127,34,Midfielder,MF,1,0.0,0.0,False
Houssem Aouar,16,9,756,8.4,4,0,4,4,0,0,3,0,2.3,2.3,0.5,2.8,17,26,60,25,Midfielder,"MF,FW",2,,,
Ibrahim Sulemana,21,16,1339,14.9,2,0,2,2,0,0,4,0,0.8,0.8,0.1,0.9,15,27,14,20,Midfielder,MF,1,,,
Ilario Monterisi,24,16,1469,16.3,2,2,4,2,0,0,1,0,1.1,1.1,0.4,1.5,4,47,18,21,Defender,DF,1,,,
Iron Gomis,5,1,134,1.5,0,0,0,0,0,0,0,0,0.6,0.6,0.2,0.7,3,4,16,23,Midfielder,MF,1,,,
Isaac Success,27,9,880,9.8,1,1,2,1,0,1,4,0,2.7,1.9,1.1,3.0,15,17,51,27,Midfielder,"FW,MF",2,,,
Isak Hien,26,18,1801,20.0,0,1,1,0,0,0,4,1,0.6000000000000001,0.6000000000000001,0.1,0.7,8,50,1,24,Defender,DF,1,,,
Ismaël Bennacer,20,13,1151,12.8,2,2,4,1,1,1,2,0,1.7,0.9,2.5,3.3,24,68,33,25,Midfielder,MF,1,,,
Ivan Ilić,31,25,2098,23.3,3,2,5,3,0,0,3,0,2.1,2.1,5.0,7.1,49,138,52,22,Midfielder,MF,1,,,
Ivan Provedel,30,30,2699,30.0,0,0,0,0,0,0,0,0,0.0,0.0,0.0,0.0,0,3,0,29,Goalkeeper,GK,1,,,
Jackson Tchatchoua,26,19,1725,19.2,0,2,2,0,0,0,2,0,0.0,0.0,1.3,1.3,34,53,66,21,Defender,DF,1,,,
Jacopo Fazzini,31,14,1232,13.7,1,1,2,1,0,0,6,0,1.2,1.2,2.3,3.5,24,47,51,20,Midfielder,MF,1,,,
Jaime Báez,11,6,500,5.6,1,0,1,1,0,0,1,0,0.5,0.5,0.5,1.0,12,29,39,28,Midfielder,"FW,MF",2,,,
Jaka Bijol,24,23,2084,23.2,0,0,0,0,0,0,4,0,1.9,1.9,0.2,2.1,5,42,1,24,Defender,DF,1,,,
Jakub Jankto,18,13,872,9.7,1,2,3,1,0,0,0,0,1.5,1.5,0.5,1.9,12,26,48,27,Midfielder,"MF,FW",2,,,
Jan-Carlo Simic,4,0,146,1.6,1,0,1,1,0,0,0,0,0.6,0.6,0.0,0.6,0,6,0,18,Defender,DF,1,,,
Jean-Daniel Akpa-Akpro,19,8,705,7.8,0,0,0,0,0,0,5,0,0.5,0.5,0.1,0.6,11,10,12,30,Midfielder,MF,1,,,
Jens Cajuste,26,11,1016,11.3,0,2,2,0,0,0,7,0,1.5,1.5,1.1,2.5,19,37,53,23,Midfielder,MF,1,,,
Jens Odgaard,10,5,431,4.8,2,0,2,2,0,0,1,0,1.5,1.5,0.1,1.5,9,9,30,24,Midfielder,"FW,MF",2,,,
Jeppe Corfitzen,1,0,9,0.1,0,0,0,0,0,0,0,0,0.0,0.0,0.0,0.0,1,0,0,18,Forward,FW,1,,,
Jeremy Toljan,25,24,2083,23.1,0,5,5,0,0,0,1,0,0.6,0.6,1.6,2.1,35,79,85,28,Defender,DF,1,,,
Jesper Karlsson,7,4,344,3.8,0,0,0,0,0,0,0,0,0.4,0.4,0.3,0.7,13,16,35,25,Forward,FW,1,,,
Jesper Lindstrøm,22,2,430,4.8,0,0,0,0,0,0,2,0,0.7,0.7,1.0,1.7,16,16,34,23,Midfielder,"FW,MF",2,,,
Jhon Lucumí,29,23,2217,24.6,0,0,0,0,0,0,1,0,0.8,0.8,0.3,1.1,28,93,4,25,Defender,DF,1,,,
Joan Gonzàlez,29,13,1291,14.3,1,1,2,1,0,0,6,0,1.2,1.2,1.0,2.2,25,49,41,21,Midfielder,MF,1,,,
Johan Vásquez,37,32,2850,31.7,1,1,2,1,0,0,6,0,1.9,1.9,0.8,2.7,29,81,61,24,Defender,DF,1,,,
Jonathan Ikone,28,18,1682,18.7,3,1,4,3,0,0,5,0,4.6,4.6,2.0,6.6,51,58,154,25,Forward,FW,1,,,
Jordan Zemura,27,10,1038,11.5,1,0,1,1,0,0,1,0,0.8,0.8,0.4,1.2,23,32,52,23,Defender,DF,1,,,
Jordi Mboula,11,5,307,3.4,0,1,1,0,0,0,0,0,0.2,0.2,0.4,0.6,10,4,22,24,Midfielder,"FW,MF",2,,,
Josep Martinez,36,36,3239,36.0,0,0,0,0,0,0,4,1,0.0,0.0,0.0,0.0,0,2,0,25,Goalkeeper,GK,1,,,
Joseph Nonge,2,0,24,0.3,0,0,0,0,0,0,1,0,0.0,0.0,0.0,0.0,1,2,2,18,Midfielder,MF,1,,,
Josh Doig,28,26,2173,24.1,0,2,2,0,0,0,7,0,0.4,0.4,1.4000000000000001,1.8,53,48,67,21,Defender,DF,1,,,
Joshua Zirkzee,34,32,2759,30.7,11,4,15,9,2,2,8,0,9.0,7.4,5.2,12.6,53,86,182,22,Forward,FW,1,,,
Josip Brekalo,11,8,652,7.2,1,0,1,1,0,0,0,0,0.4,0.4,0.3,0.7,14,25,69,25,Forward,FW,1,,,
José Luis Palomino,4,0,27,0.3,0,0,0,0,0,0,0,0,0.0,0.0,0.0,0.0,0,2,0,33,Defender,DF,1,,,
Jovane Cabral,12,8,678,7.5,1,0,1,1,0,0,1,0,1.2,1.2,0.4,1.6,22,40,39,25,Midfielder,"MF,FW",2,,,
João Costa,3,0,14,0.2,0,0,0,0,0,0,1,0,0.0,0.0,0.0,0.0,0,1,1,18,Midfielder,"MF,FW",2,,,
João Ferreira,35,18,1822,20.2,0,1,1,0,0,0,9,0,0.1,0.1,0.9,1.0,19,61,45,22,Defender,DF,1,,,
Juan Cruz,4,1,109,1.2,0,0,0,0,0,0,0,0,0.0,0.0,0.1,0.1,3,4,4,24,Midfielder,"FW,MF",2,,,
Juan Cuadrado,10,0,267,3.0,0,2,2,0,0,0,1,0,0.2,0.2,1.6,1.7,17,11,35,35,Defender,DF,1,1.0,0.0,False
Juan David Cabal,22,17,1497,16.6,0,0,0,0,0,0,6,0,0.5,0.5,0.4,0.9,26,70,48,22,Defender,DF,1,,,
Juan Jesus,24,23,2116,23.5,1,0,1,1,0,0,7,0,1.3,1.3,0.3,1.6,6,82,2,32,Defender,DF,1,,,
Juan Musso,11,11,990,11.0,0,0,0,0,0,0,0,0,0.0,0.0,0.0,0.0,0,0,0,29,Goalkeeper,GK,1,,,
Junior Messias,18,13,1053,11.7,1,0,1,1,0,0,0,0,1.6,1.6,1.3,2.9,35,29,75,32,Defender,"MF,DF",2,,,
Junior Sambia,18,10,1032,11.5,1,2,3,1,0,0,4,0,0.5,0.5,0.9,1.4,23,41,37,26,Defender,"DF,MF",2,,,
Justin Kumi,1,0,4,0.0,0,0,0,0,0,0,0,0,0.0,0.0,0.0,0.0,0,0,0,19,Forward,FW,1,,,
Jérôme Boateng,7,4,238,2.6,0,0,0,0,0,0,0,0,0.0,0.0,0.1,0.1,0,9,1,34,Defender,DF,1,,,
Kacper Urbanski,22,9,926,10.3,0,1,1,0,0,0,2,0,1.1,1.1,0.8,1.9,25,31,78,18,Midfielder,"MF,FW",2,,,
Kaio Jorge,20,8,812,9.0,3,0,3,2,1,2,2,0,5.4,3.8,0.3,4.2,6,11,46,21,Forward,FW,1,,,
Karlo Lulić,1,0,19,0.2,0,0,0,0,0,0,0,0,0.0,0.0,0.0,0.0,1,0,0,27,Midfielder,MF,1,,,
Karol Linetty,28,19,1858,20.6,0,0,0,0,0,0,12,0,0.5,0.5,0.8,1.4,31,87,25,28,Midfielder,MF,1,,,
Karol Świderski,15,3,504,5.6,2,0,2,2,0,0,0,0,1.7,1.7,0.4,2.2,3,13,19,26,Midfielder,"FW,MF",2,,,
Keinan Davis,8,0,186,2.1,1,0,1,1,0,0,2,0,0.5,0.5,0.1,0.6,2,6,15,25,Midfielder,"FW,MF",2,,,
Kenan Yıldız,27,9,952,10.6,2,0,2,2,0,0,3,0,1.6,1.6,1.1,2.7,32,40,73,18,Midfielder,"FW,MF",2,,,
Kevin Bonifazi,7,4,399,4.4,0,0,0,0,0,0,0,0,0.0,0.0,0.1,0.1,2,8,2,27,Defender,DF,1,,,
Kevin Miranda,1,0,14,0.2,0,0,0,0,0,0,0,0,0.0,0.0,0.0,0.0,0,0,0,20,Defender,DF,1,,,
Kevin Strootman,27,15,1207,13.4,0,2,2,0,0,0,4,0,0.1,0.1,1.3,1.4,13,61,22,33,Midfielder,MF,1,,,
Kevin Zeroli,3,0,28,0.3,0,0,0,0,0,0,0,0,0.0,0.0,0.0,0.0,0,1,2,18,Midfielder,MF,1,,,
Khvicha Kvaratskhelia,34,32,2737,30.4,11,6,17,11,0,0,8,0,11.1,11.1,6.8,17.9,184,89,266,22,Forward,FW,1,,,
Kingsley Ehizibue,23,11,955,10.6,0,1,1,0,0,0,4,0,1.3,1.3,0.7,2.0,18,15,44,28,Defender,DF,1,,,
Kingstone Mutandwa,5,0,39,0.4,1,0,1,1,0,0,0,0,0.1,0.1,0.0,0.1,1,0,2,20,Midfielder,"FW,MF",2,,,
Koffi Djidji,13,8,759,8.4,0,0,0,0,0,0,2,0,0.1,0.1,0.0,0.1,4,19,3,30,Defender,DF,1,,,
Koni De Winter,29,26,2380,26.4,0,1,1,0,0,0,8,1,0.8,0.8,1.0,1.8,21,76,15,21,Defender,DF,1,,,
Kostas Manolas,8,6,488,5.4,0,0,0,0,0,0,0,0,0.1,0.1,0.1,0.2,0,10,2,32,Defender,DF,1,,,
Kristian Thorstvedt,34,30,2397,26.6,6,1,7,6,0,0,7,0,4.4,4.4,1.6,5.9,30,130,94,24,Midfielder,MF,1,,,
Kristjan Asllani,23,6,787,8.7,1,2,3,1,0,0,1,0,0.6,0.6,1.1,1.6,5,32,8,21,Midfielder,MF,1,0.0,3.0,False
Lameck Banda,21,17,1350,15.0,2,4,6,2,0,0,5,1,3.6,3.6,1.9,5.5,71,22,136,22,Forward,FW,1,,,
Lapo Nava,1,0,3,0.0,0,0,0,0,0,0,0,0,0.0,0.0,0.0,0.0,0,0,0,19,Goalkeeper,GK,1,,,
Lassana Coulibaly,28,25,2082,23.1,0,1,1,0,0,0,5,0,0.6,0.6,0.8,1.4,29,88,38,27,Midfielder,MF,1,,,
Lautaro Gianetti,7,7,630,7.0,1,0,1,1,0,0,4,0,0.4,0.4,0.1,0.4,2,4,0,29,Defender,DF,1,,,
Lautaro Martínez,33,31,2656,29.5,24,3,27,22,2,3,5,0,17.6,15.3,3.6,18.8,54,80,172,25,Forward,FW,1,0.0,2.0,False
Lazar Samardzic,34,28,2372,26.4,6,2,8,5,1,1,3,0,3.5,2.8,5.5,8.3,65,83,91,21,Midfielder,MF,1,,,
Leander Dendoncker,3,0,24,0.3,0,0,0,0,0,0,0,0,0.0,0.0,0.0,0.0,0,2,0,28,Midfielder,MF,1,,,
Leandro Paredes,34,32,2634,29.3,3,5,8,0,3,3,15,1,3.3,1.0,2.3,3.2,36,214,19,29,Midfielder,MF,1,,,
Leo Skiri Østigård,25,18,1625,18.1,1,0,1,1,0,0,3,0,0.6,0.6,0.1,0.7,13,76,3,23,Defender,DF,1,,,
Leonardo Cerri,1,0,7,0.1,0,0,0,0,0,0,0,0,0.0,0.0,0.0,0.0,0,0,2,20,Defender,DF,1,,,
Leonardo Mendicino,1,0,1,0.0,0,0,0,0,0,0,0,0,0.0,0.0,0.0,0.0,0,0,0,17,Midfielder,MF,1,,,
Leonardo Pavoletti,19,5,628,7.0,4,1,5,4,0,0,4,0,2.6,2.6,0.3,2.9,1,16,40,34,Forward,FW,1,,,
Leonardo Spinazzola,24,15,1312,14.6,1,2,3,1,0,0,0,0,0.2,0.2,3.0,3.2,108,52,74,30,Defender,DF,1,,,
Lewis Ferguson,31,31,2712,30.1,6,3,9,6,0,0,8,0,5.4,5.4,2.3,7.7,57,142,138,23,Midfielder,MF,1,,,
Liam Henderson,1,0,5,0.1,0,0,0,0,0,0,0,0,0.0,0.0,0.0,0.0,0,0,0,27,Midfielder,MF,1,,,
Liberato Cacace,31,18,1912,21.2,0,1,1,0,0,0,6,0,0.4,0.4,1.7,2.1,34,84,55,22,Defender,DF,1,,,
Lorenzo Amatucci,2,0,22,0.2,0,0,0,0,0,0,0,0,0.0,0.0,0.0,0.0,1,2,1,19,Midfielder,MF,1,,,
Lorenzo Colombo,25,16,1359,15.1,4,1,5,4,0,0,3,0,3.6,3.6,0.6,4.2,16,24,75,21,Forward,FW,1,,,
Lorenzo De Silvestri,15,7,674,7.5,2,0,2,2,0,0,0,0,0.2,0.2,0.0,0.2,14,27,12,35,Defender,DF,1,,,
Lorenzo Lucca,37,30,2592,28.8,8,4,12,8,0,0,6,0,7.8,7.8,1.6,9.4,10,18,118,22,Forward,FW,1,,,
Lorenzo Montipò,37,37,3330,37.0,0,1,1,0,0,0,0,0,0.0,0.0,0.0,0.0,0,0,0,27,Goalkeeper,GK,1,,,
Lorenzo Pellegrini,29,20,1859,20.7,8,3,11,7,1,1,7,0,4.8,4.0,2.4,6.4,43,94,97,27,Midfielder,MF,1,,,
Lorenzo Pirola,27,24,1987,22.1,1,0,1,1,0,0,4,0,0.9,0.9,0.0,0.9,13,57,7,21,Defender,DF,1,,,
Lorenzo Venuti,14,3,364,4.0,0,0,0,0,0,0,1,0,0.1,0.1,0.3,0.4,7,16,15,28,Defender,DF,1,,,
Loum Tchaouna,33,23,2100,23.3,4,3,7,4,0,0,4,0,2.6,2.6,1.5,4.1,72,59,151,19,Midfielder,"FW,MF",2,,,
Luca Caldirola,29,23,2141,23.8,1,1,2,1,0,0,7,1,0.5,0.5,0.6,1.1,10,56,9,32,Defender,DF,1,,,
Luca Garritano,12,5,485,5.4,0,0,0,0,0,0,1,0,0.7,0.7,0.3,1.0,6,23,23,29,Defender,"MF,DF",2,,,
Luca Gemello,2,2,180,2.0,0,0,0,0,0,0,0,0,0.0,0.0,0.0,0.0,0,0,0,23,Goalkeeper,GK,1,,,
Luca Lipani,8,5,384,4.3,0,0,0,0,0,0,0,0,0.1,0.1,0.2,0.3,6,20,3,18,Midfielder,MF,1,,,
Luca Mazzitelli,29,26,2210,24.6,5,0,5,5,0,0,6,1,2.3,2.3,1.1,3.4,18,167,53,27,Midfielder,MF,1,,,
Luca Pellegrini,19,8,786,8.7,1,0,1,1,0,0,7,1,0.2,0.2,0.3,0.5,18,46,30,24,Defender,DF,1,,,
Luca Ranieri,26,23,2065,22.9,2,1,3,2,0,0,14,0,0.9,0.9,0.4,1.3,17,99,5,24,Defender,DF,1,,,
Lucas Beltrán,32,21,1692,18.8,6,2,8,5,1,1,6,0,3.8,3.0,1.5,4.5,12,49,113,22,Midfielder,"FW,MF",2,,,
Lucas Martínez Quarta,29,26,2291,25.5,5,1,6,5,0,0,9,0,2.7,2.7,1.8,4.6,23,177,16,27,Defender,DF,1,,,
Lucien Agoume,1,0,5,0.1,0,0,0,0,0,0,0,0,0.0,0.0,0.0,0.0,0,0,0,21,Midfielder,MF,1,1.0,1.0,False
Luigi Canotto,1,0,16,0.2,0,0,0,0,0,0,0,0,0.0,0.0,0.0,0.0,0,0,1,29,Forward,FW,1,,,
Luis Alberto,33,29,2311,25.7,5,7,12,5,0,0,7,0,4.7,4.7,4.7,9.4,83,212,124,30,Midfielder,MF,1,,,
Luis Muriel,18,2,409,4.5,2,1,3,2,0,0,0,0,1.5,1.5,1.7,3.3,19,24,57,32,Midfielder,"FW,MF",2,,,
Luka Jović,23,8,877,9.7,6,1,7,6,0,0,2,1,4.9,4.9,0.8,5.7,6,22,47,25,Forward,FW,1,,,
Luka Romero,4,0,88,1.0,0,0,0,0,0,0,1,0,0.1,0.1,0.0,0.1,4,3,7,18,Midfielder,"FW,MF",2,,,
M'Bala Nzola,33,15,1552,17.2,3,3,6,2,1,1,2,0,4.5,3.7,1.6,5.4,21,29,143,26,Forward,FW,1,,,
M'Baye Niang,14,5,708,7.9,6,1,7,2,4,4,1,0,5.4,2.3,0.9,3.2,13,11,43,28,Forward,FW,1,,,
Maduka Okoye,21,21,1890,21.0,0,0,0,0,0,0,2,0,0.0,0.0,0.0,0.0,0,0,0,23,Goalkeeper,GK,1,,,
Malick Thiaw,21,19,1619,18.0,0,1,1,0,0,0,5,1,0.6,0.6,0.1,0.7,15,70,1,21,Defender,DF,1,,,
Mamadou Coulibaly,1,0,3,0.0,0,0,0,0,0,0,0,0,0.0,0.0,0.0,0.0,0,0,0,24,Defender,DF,1,,,
Manuel Lazzari,24,19,1671,18.6,0,2,2,0,0,0,4,1,1.0,1.0,1.3,2.3,73,62,104,29,Defender,DF,1,,,
Manuel Locatelli,36,34,3008,33.4,1,4,5,1,0,0,6,0,1.3,1.3,1.4,2.7,21,232,26,25,Midfielder,MF,1,,,
Marash Kumbulla,7,3,362,4.0,0,0,0,0,0,0,1,0,0.0,0.0,0.0,0.0,2,3,0,23,Defender,DF,1,,,
Marcin Listkowski,1,0,8,0.1,0,0,0,0,0,0,0,0,0.0,0.0,0.0,0.0,0,1,0,25,Forward,FW,1,,,
Marco Brescianini,36,24,2321,25.8,4,2,6,4,0,0,1,0,2.3,2.3,1.6,3.9,46,70,100,23,Midfielder,MF,1,,,
Marco Carnesecchi,27,27,2425,26.9,0,0,0,0,0,0,0,0,0.0,0.0,0.0,0.0,0,0,0,23,Goalkeeper,GK,1,,,
Marco Mancosu,6,3,156,1.7,0,0,0,0,0,1,0,0,1.2,0.5,0.2,0.7,4,8,11,34,Midfielder,"MF,FW",2,,,
Marco Pellegrino,11,5,613,6.8999999999999995,0,0,0,0,0,0,1,0,0.0,0.0,0.0,0.1,1,10,1,21,Defender,DF,1,,,
Marco Silvestri,17,17,1530,17.0,0,0,0,0,0,0,0,0,0.0,0.0,0.0,0.0,0,0,0,32,Goalkeeper,GK,1,,,
Marco Sportiello,7,7,630,7.0,0,0,0,0,0,0,0,0,0.0,0.0,0.0,0.0,0,0,0,31,Goalkeeper,GK,1,,,
Marcus Pedersen,28,16,1613,17.9,0,2,2,0,0,0,4,0,0.1,0.1,1.1,1.2,43,31,90,23,Defender,DF,1,,,
Marcus Thuram,35,34,2687,29.9,13,7,20,13,0,0,3,0,14.3,14.3,3.7,18.0,68,47,192,25,Forward,FW,1,0.0,4.0,False
Marin Pongračić,36,36,3219,35.8,0,0,0,0,0,0,10,1,1.2,1.2,0.4,1.5,45,134,7,25,Defender,DF,1,,,
Mario Gila,21,21,1809,20.1,0,0,0,0,0,0,4,1,0.5,0.5,0.5,1.0,21,93,12,22,Defender,DF,1,,,
Mario Pašalić,34,23,2051,22.8,6,6,12,4,2,2,3,0,7.1,5.5,4.1,9.6,48,129,74,28,Midfielder,MF,1,,,
Marko Arnautović,27,5,801,8.9,5,3,8,5,0,0,0,0,5.0,5.0,2.6,7.6,12,20,77,34,Forward,FW,1,0.0,,True
Marley Aké,1,0,10,0.1,0,0,0,0,0,0,0,0,0.0,0.0,0.0,0.0,0,0,0,22,Forward,FW,1,,,
Marten de Roon,30,29,2599,28.9,0,5,5,0,0,0,10,0,0.6,0.6,1.2,1.8,28,178,22,32,Defender,"MF,DF",2,,,
Martin Erlic,32,31,2618,29.1,1,0,1,1,0,0,5,0,1.0,1.0,0.0,1.0,19,78,11,25,Defender,DF,1,,,
Martin Hongla,15,12,1084,12.0,0,0,0,0,0,0,0,0,0.1,0.1,0.3,0.4,6,57,6,25,Midfielder,MF,1,,,
Martín Payero,29,21,1796,20.0,2,2,4,2,0,0,6,1,1.5,1.5,1.1,2.6,47,71,64,24,Midfielder,MF,1,,,
Marvin Cuni,22,6,534,5.9,1,0,1,1,0,0,0,0,1.3,1.3,0.3,1.6,6,11,45,22,Forward,FW,1,,,
Mateo Retegui,29,26,2216,24.6,7,2,9,6,1,1,5,0,5.8,5.0,0.7,5.8,18,17,112,24,Forward,FW,1,,,
Mateus Lusuardi,4,3,219,2.4,0,0,0,0,0,0,1,0,0.1,0.1,0.0,0.1,2,12,0,19,Defender,DF,1,,,
Mateusz Wieteska,19,10,965,10.7,0,1,1,0,0,0,5,1,0.3,0.3,0.6,0.9,16,33,1,26,Defender,DF,1,,,
Mateusz Łęgowski,29,10,1145,12.7,0,0,0,0,0,0,3,0,0.2,0.2,0.2,0.5,16,37,17,20,Midfielder,MF,1,,,
Matheus Henrique,31,27,2501,27.8,2,2,4,2,0,0,8,1,2.3,2.3,1.6,3.9,43,94,44,25,Midfielder,MF,1,,,
Mathías Olivera,23,18,1569,17.4,1,1,2,1,0,0,3,0,0.5,0.5,0.9,1.4,31,89,93,25,Defender,DF,1,,,
Matteo Cancellieri,36,18,1788,19.9,4,3,7,4,0,0,7,0,4.7,4.7,2.9,7.6,48,26,138,21,Midfielder,"FW,MF",2,,,
Matteo Darmian,33,27,2404,26.7,2,1,3,2,0,0,2,0,1.2,1.2,1.8,3.0,18,72,82,33,Defender,DF,1,0.0,0.0,False
Matteo Gabbia,18,14,1275,14.2,2,1,3,2,0,0,5,0,1.6,1.6,0.3,1.9,11,42,2,23,Defender,DF,1,,,
Matteo Lovato,26,17,1491,16.5,0,0,0,0,0,0,4,0,0.0,0.0,0.2,0.2,1,33,1,23,Defender,DF,1,,,
Matteo Pessina,37,37,3222,35.8,6,3,9,2,4,5,5,1,6.3,2.4,1.1,3.5,69,190,53,26,Midfielder,MF,1,,,
Matteo Politano,37,31,2360,26.2,8,7,15,6,2,3,2,1,7.1,4.8,6.6,11.4,113,164,216,29,Forward,FW,1,,,
Matteo Prati,26,19,1972,21.9,1,1,2,1,0,0,4,0,2.0,2.0,0.8,2.8,8,66,17,19,Midfielder,MF,1,,,
Matteo Ruggeri,34,28,2449,27.2,0,4,4,0,0,0,3,0,0.5,0.5,1.8,2.3,55,142,132,21,Defender,DF,1,,,
Mattia Bani,27,27,2306,25.6,2,0,2,2,0,0,9,0,1.2,1.2,0.1,1.3,5,37,4,29,Defender,DF,1,,,
Mattia Caldara,1,0,33,0.4,0,0,0,0,0,0,0,0,0.2,0.2,0.0,0.2,0,2,0,29,Defender,DF,1,,,
Mattia De Sciglio,1,1,45,0.5,0,0,0,0,0,0,0,0,0.0,0.0,0.0,0.0,0,3,1,30,Defender,DF,1,,,
Mattia Destro,15,3,366,4.1,0,0,0,0,0,0,2,0,1.2,1.2,0.3,1.5,4,4,19,32,Midfielder,"FW,MF",2,,,
Mattia Perin,3,3,225,2.5,0,0,0,0,0,0,0,0,0.0,0.0,0.0,0.0,0,0,0,30,Goalkeeper,GK,1,,,
Mattia Viti,15,12,979,10.9,1,0,1,1,0,0,0,0,1.0,1.0,0.0,1.0,2,36,13,21,Defender,DF,1,,,
Mattia Zaccagni,28,24,1956,21.7,6,1,7,6,0,0,8,0,4.7,4.7,2.9,7.6,88,55,209,28,Midfielder,"FW,MF",2,,,
Mattéo Guendouzi,33,27,2367,26.3,2,3,5,2,0,0,3,1,1.6,1.6,2.3,3.9,46,119,79,24,Midfielder,MF,1,,,
Matìas Soulé,36,36,3121,34.7,11,3,14,6,5,6,4,0,10.5,5.7,6.6,12.3,115,198,211,20,Midfielder,"FW,MF",2,,,
Matías Vecino,31,8,1153,12.8,6,1,7,6,0,0,8,0,3.7,3.7,0.4,4.1,16,74,43,31,Midfielder,MF,1,,,
Matías Viña,15,13,1014,11.3,0,3,3,0,0,0,1,0,0.3,0.3,1.4,1.7,24,46,37,25,Defender,DF,1,,,
Maxime Lopez,21,9,940,10.5,0,0,0,0,0,0,1,1,0.2,0.2,0.8,1.0,16,66,15,25,Midfielder,MF,1,,,
Medon Berisha,6,2,205,2.3,0,0,0,0,0,0,0,0,0.2,0.2,0.2,0.4,3,7,3,19,Midfielder,"FW,MF",2,,,
Mehdi Bourabia,10,3,200,2.2,0,0,0,0,0,0,1,0,0.1,0.1,0.0,0.1,1,7,8,31,Midfielder,MF,1,,,
Michael Folorunsho,34,33,2781,30.9,5,1,6,5,0,0,5,0,4.0,3.9,1.4,5.3,56,54,110,25,Midfielder,"MF,FW",2,,,
Michael Kayode,26,22,2058,22.9,1,1,2,1,0,0,2,0,0.5,0.5,1.1,1.6,45,80,102,19,Defender,DF,1,,,
Michel Aebischer,36,26,2230,24.8,0,1,1,0,0,0,8,0,1.1,1.1,1.5,2.6,26,125,55,26,Midfielder,MF,1,,,
Michel Ndary Adopo,10,0,109,1.2,0,1,1,0,0,0,0,0,0.1,0.1,0.1,0.1,3,9,16,23,Midfielder,MF,1,,,
Michele Cerofolini,8,7,675,7.5,0,0,0,0,0,0,1,0,0.0,0.0,0.0,0.0,0,0,0,24,Goalkeeper,GK,1,,,
Michele Di Gregorio,33,33,2872,31.9,0,0,0,0,0,0,0,0,0.0,0.0,0.0,0.0,0,1,0,26,Goalkeeper,GK,1,,,
Mike Maignan,29,29,2609,29.0,0,1,1,0,0,0,1,1,0.0,0.0,0.3,0.3,0,0,0,28,Goalkeeper,GK,1,,,
Milan Badelj,33,32,2535,28.2,1,3,4,1,0,0,6,0,1.4,1.4,1.1,2.5,18,151,36,34,Midfielder,MF,1,,,
Milan Đurić,37,26,2461,27.4,9,2,11,8,1,3,4,0,7.5,5.2,1.9,7.1,5,23,64,33,Forward,FW,1,,,
Mile Svilar,15,15,1350,15.0,0,0,0,0,0,0,1,0,0.0,0.0,0.0,0.0,0,0,0,23,Goalkeeper,GK,1,,,
Mirko Marić,10,1,287,3.2,1,0,1,1,0,0,0,1,0.9,0.9,0.5,1.3,2,4,30,28,Forward,FW,1,,,
Mitchel Bakker,14,3,382,4.2,1,0,1,1,0,0,1,0,0.2,0.2,0.1,0.3,12,10,20,23,Defender,DF,1,,,
Mohamed Kaba,23,15,1378,15.3,0,0,0,0,0,0,4,1,1.2,1.2,0.9,2.0,14,60,32,21,Midfielder,MF,1,,,
Moise Kean,19,8,654,7.3,0,0,0,0,0,0,2,0,2.1,2.1,0.7,2.8,12,6,38,23,Forward,FW,1,,,
Morten Frendrup,37,36,3145,34.9,2,5,7,2,0,0,6,0,1.7,1.7,1.6,3.3,36,105,69,22,Midfielder,MF,1,,,
Morten Thorsby,24,9,1157,12.9,2,2,4,2,0,0,2,0,1.8,1.8,1.4,3.2,6,28,39,27,Midfielder,MF,1,,,
Mário Rui,21,14,1205,13.4,0,2,2,0,0,0,7,1,0.1,0.1,1.9,2.0,33,90,59,32,Defender,DF,1,,,
Mërgim Vojvoda,28,15,1379,15.3,0,3,3,0,0,0,3,0,0.4,0.4,1.4,1.8,30,91,72,28,Defender,DF,1,,,
Nadir Zortea,19,14,1407,15.7,2,5,7,2,0,0,4,0,0.5,0.5,3.0999999999999996,3.6999999999999997,38,52,93,24,Defender,DF,1,,,
Nahitan Nández,33,29,2341,26.0,2,3,5,1,1,1,7,0,3.7,2.9,2.5,5.5,57,76,89,27,Defender,"MF,DF",2,,,
Natan,14,11,952,10.6,0,0,0,0,0,0,3,1,0.4,0.4,0.1,0.5,15,34,11,22,Defender,DF,1,,,
Nedim Bajrami,28,15,1310,14.6,2,2,4,2,0,0,0,0,2.5,2.5,2.2,4.7,51,49,70,24,Midfielder,"MF,FW",2,,,
Nehuén Pérez,36,36,3238,36.0,0,0,0,0,0,0,9,1,1.3,1.3,0.2,1.5,28,119,24,23,Defender,DF,1,,,
Nemanja Radonjić,10,4,374,4.2,3,0,3,3,0,0,1,0,1.7,1.7,0.2,1.9,11,7,24,27,Midfielder,"MF,FW",2,,,
Niccolò Pierozzi,12,11,871,9.7,1,0,1,1,0,0,6,0,0.2,0.2,0.0,0.3,3,16,20,21,Defender,DF,1,,,
Niccolò Pisilli,1,0,10,0.1,0,0,0,0,0,0,0,0,0.0,0.0,0.0,0.0,0,0,1,18,Midfielder,MF,1,,,
Nicola Bagnolini,1,0,5,0.1,0,0,0,0,0,0,0,0,0.0,0.0,0.0,0.0,0,0,0,19,Goalkeeper,GK,1,,,
Nicola Leali,3,2,176,2.0,0,0,0,0,0,0,1,0,0.0,0.0,0.0,0.0,0,0,0,30,Goalkeeper,GK,1,,,
Nicola Sansone,25,4,767,8.5,2,2,4,2,0,0,4,0,2.8,2.8,1.3,4.1,15,36,75,31,Midfielder,"FW,MF",2,,,
Nicola Zalewski,22,10,968,10.8,0,1,1,0,0,0,3,1,0.8,0.8,1.6,2.5,54,33,62,21,Defender,"DF,FW",2,,,
Nicolas Haas,1,1,90,1.0,0,0,0,0,0,0,1,0,0.1,0.1,0.0,0.1,0,6,4,27,Midfielder,MF,1,,,
Nicolas Viola,26,11,1207,13.4,5,2,7,5,0,1,3,0,3.4,2.6,3.9,6.5,22,57,68,33,Midfielder,"MF,FW",2,,,
Nicolás Domínguez,2,1,102,1.1,0,0,0,0,0,0,0,0,0.0,0.0,0.0,0.0,1,9,3,25,Midfielder,MF,1,,,
Nicolás González,29,21,1913,21.3,12,2,14,11,1,3,1,0,10.4,8.0,1.6,9.6,53,100,190,25,Forward,FW,1,,,
Nicolò Barella,37,34,2846,31.6,2,3,5,2,0,0,7,0,5.1,5.1,3.4,8.5,68,278,144,26,Midfielder,MF,1,0.0,2.0,False
Nicolò Cambiaghi,37,29,2553,28.4,1,1,2,1,0,0,3,0,3.9,3.9,2.8,6.7,128,63,197,22,Midfielder,"FW,MF",2,,,
Nicolò Casale,20,16,1559,17.3,0,0,0,0,0,0,5,0,0.9,0.9,0.0,0.9,20,49,4,25,Defender,DF,1,,,
Nicolò Fagioli,8,4,437,4.9,0,2,2,0,0,0,1,0,0.4,0.4,0.7,1.1,8,23,15,22,Midfielder,MF,1,,,
Nicolò Rovella,23,16,1318,14.6,0,2,2,0,0,0,6,0,0.6,0.6,0.5,1.1,21,56,11,21,Midfielder,MF,1,,,
Nikita Contini Baranovsky,1,0,17,0.2,0,0,0,0,0,0,0,0,0.0,0.0,0.0,0.0,0,0,0,27,Goalkeeper,GK,1,,,
Nikola Krstović,35,30,2373,26.4,7,1,8,6,1,3,4,1,11.6,9.2,3.0,12.3,32,52,126,23,Forward,FW,1,,,
Nikola Milenković,34,27,2510,27.9,0,0,0,0,0,0,4,0,0.4,0.4,0.7,1.1,8,81,10,25,Defender,DF,1,,,
Nikola Moro,23,10,840,9.3,1,0,1,1,0,0,0,0,0.7,0.7,0.4,1.1,21,58,38,25,Midfielder,MF,1,,,
Nikola Sekulov,1,0,11,0.1,0,0,0,0,0,0,0,0,0.0,0.0,0.0,0.0,0,0,1,21,Forward,FW,1,,,
Nikola Vlašić,33,30,2608,29.0,3,2,5,3,0,0,3,0,2.4,2.4,2.9,5.3,67,150,174,25,Midfielder,"MF,FW",2,,,
Noah Okafor,28,6,887,9.9,6,2,8,6,0,0,1,0,3.8,3.8,1.2,5.0,29,15,66,23,Midfielder,"FW,MF",2,,,
Norbert Gyömbér,22,20,1760,19.6,0,0,0,0,0,0,9,0,0.2,0.2,0.2,0.3,4,42,2,31,Defender,DF,1,,,
Obite N'Dicka,25,25,2168,24.1,0,3,3,0,0,0,6,0,1.0,1.0,1.0,2.0,26,87,11,23,Defender,DF,1,,,
Oier Zarraga,15,4,404,4.5,2,0,2,2,0,0,0,0,0.6,0.6,0.0,0.6,5,8,10,24,Midfielder,MF,1,,,
Ola Solbakken,1,0,23,0.3,0,0,0,0,0,0,0,0,0.0,0.0,0.0,0.0,1,0,4,24,Forward,FW,1,,,
Oliver Christensen,4,4,360,4.0,0,0,0,0,0,0,0,0,0.0,0.0,0.0,0.0,0,0,0,24,Goalkeeper,GK,1,,,
Olivier Giroud,35,28,2363,26.3,15,8,23,11,4,5,1,1,14.2,10.2,4.7,14.9,9,28,95,36,Forward,FW,1,,,
Ondrej Duda,32,29,2456,27.3,1,4,5,1,0,1,14,2,2.2,1.4,3.3,4.7,34,117,47,28,Midfielder,MF,1,,,
Oussama El Azzouzi,18,5,547,6.1,2,2,4,2,0,0,4,0,0.5,0.5,0.6,1.0,4,19,8,22,Midfielder,MF,1,,,
Pablo Galdames Millán,2,0,11,0.1,0,0,0,0,0,0,0,0,0.0,0.0,0.0,0.0,0,5,1,26,Defender,"MF,DF",2,,,
Pablo Marí,34,30,2615,29.1,0,0,0,0,0,0,7,0,0.4,0.4,0.3,0.7,2,62,1,29,Defender,DF,1,,,
Pantelis Hatzidiakos,13,13,856,9.5,0,0,0,0,0,0,1,0,0.4,0.4,0.0,0.4,3,34,7,26,Defender,DF,1,,,
Papu Gómez,2,0,41,0.5,0,0,0,0,0,0,0,0,0.0,0.0,0.2,0.2,2,3,1,35,Midfielder,"MF,FW",2,,,
Pasquale Mazzocchi,28,20,1700,18.9,0,2,2,0,0,0,4,1,0.5,0.5,1.5,2.0,49,60,84,28,Defender,DF,1,,,
Patric,20,19,1608,17.9,2,0,2,2,0,0,4,0,1.4,1.4,0.2,1.5,3,72,12,30,Defender,DF,1,,,
Patrick Ciurria,22,18,1598,17.8,0,1,1,0,0,0,2,0,1.5,1.5,2.6,4.1,41,68,94,28,Defender,"DF,MF",2,,,
Patrick Dorgu,32,17,1564,17.4,2,0,2,2,0,0,6,0,2.0,2.0,1.6,3.6,37,49,86,18,Defender,"DF,MF",2,,,
Paul Pogba,2,0,54,0.6,0,0,0,0,0,0,0,0,0.0,0.0,0.0,0.0,1,5,5,30,Midfielder,MF,1,,,
Paulo Azzi,25,9,950,10.6,0,0,0,0,0,0,1,0,1.2,1.2,0.7,1.9,47,35,42,29,Defender,"DF,MF",2,,,
Paulo Dybala,28,25,1959,21.8,13,9,22,6,7,7,3,0,10.6,5.1,4.3,9.4,79,122,167,29,Midfielder,"FW,MF",2,,,
Paweł Dawidowicz,28,25,2143,23.8,0,0,0,0,0,0,5,0,0.5,0.5,0.0,0.6,11,89,5,28,Defender,DF,1,,,
Pedro,33,5,816,9.1,1,1,2,1,0,0,4,0,1.5,1.5,2.1,3.6,31,33,81,36,Midfielder,"FW,MF",2,,,
Pedro Obiang,8,5,453,5.0,0,0,0,0,0,0,1,0,0.0,0.0,0.7,0.7,4,21,2,31,Midfielder,MF,1,,,
Pedro Pereira,23,9,841,9.3,0,2,2,0,0,0,3,0,0.2,0.2,1.2,1.4,20,43,69,25,Defender,DF,1,,,
Pepín,10,2,241,2.7,0,0,0,0,0,0,2,0,0.2,0.2,0.1,0.2,1,13,12,26,Midfielder,"MF,FW",2,,,
Perr Schuurs,9,9,770,8.6,1,0,1,1,0,0,2,0,0.7,0.7,0.0,0.7,9,19,4,23,Defender,DF,1,,,
Pierluigi Gollini,7,7,630,7.0,0,0,0,0,0,0,0,0,0.0,0.0,0.0,0.0,0,0,0,28,Goalkeeper,GK,1,,,
Pierre Kalulu,9,4,374,4.2,0,0,0,0,0,0,0,0,0.1,0.1,0.1,0.1,6,19,11,23,Defender,DF,1,,,
Pietro Comuzzo,4,0,43,0.5,0,0,0,0,0,0,1,0,0.0,0.0,0.0,0.0,0,3,0,18,Defender,"DF,FW",2,,,
Pietro Pellegri,24,7,756,8.4,1,1,2,1,0,0,3,0,1.0,1.0,0.3,1.4,14,8,52,22,Forward,FW,1,,,
Pietro Terracciano,33,33,2970,33.0,0,0,0,0,0,0,3,0,0.0,0.0,0.2,0.2,0,0,0,33,Goalkeeper,GK,1,,,
Piotr Zieliński,28,23,1924,21.4,3,2,5,2,1,1,1,0,2.6,1.8,3.4,5.2,38,131,88,29,Midfielder,MF,1,,,
Pol Lirola,25,18,1536,17.1,2,1,3,2,0,0,1,0,1.3,1.3,1.1,2.4,30,65,59,25,Defender,DF,1,,,
Pontus Almqvist,30,25,2107,23.4,2,1,3,2,0,0,5,0,2.3,2.3,2.7,5.0,72,32,137,24,Midfielder,"FW,MF",2,,,
Przemysław Szymiński,1,0,9,0.1,0,0,0,0,0,0,0,0,0.0,0.0,0.0,0.0,0,0,0,29,Midfielder,MF,1,,,
Rade Krunić,10,8,687,7.6,0,0,0,0,0,0,3,0,0.1,0.1,0.5,0.6,5,24,3,29,Midfielder,MF,1,,,
Radu Drăgușin,19,19,1710,19.0,2,1,3,2,0,0,1,0,1.0,1.0,0.8,1.9,6,29,13,21,Defender,DF,1,,,
Rafael Leão,34,29,2512,27.9,9,9,18,9,0,0,5,0,10.0,10.0,9.1,19.1,160,117,293,24,Forward,FW,1,,,
Rafael Tolói,18,10,965,10.7,0,0,0,0,0,0,6,1,0.1,0.1,0.1,0.1,8,53,10,32,Defender,DF,1,,,
Raffaele Di Gennaro,1,0,23,0.3,0,0,0,0,0,0,0,0,0.0,0.0,0.0,0.0,0,0,0,29,Goalkeeper,GK,1,0.0,0.0,False
Raoul Bellanova,37,36,3046,33.8,1,7,8,1,0,0,5,0,2.0,2.0,5.0,7.1,141,98,202,23,Defender,DF,1,,,
Rareș-Cătălin Burnete,1,0,8,0.1,0,1,1,0,0,0,0,0,0.0,0.0,0.1,0.1,0,0,2,19,Forward,FW,1,,,
Rasmus Kristensen,29,19,1744,19.4,1,1,2,1,0,0,5,0,0.5,0.5,0.9,1.5,16,40,115,26,Defender,DF,1,,,
Reda Belahyane,2,1,90,1.0,0,0,0,0,0,0,0,0,0.0,0.0,0.0,0.0,1,4,2,19,Midfielder,MF,1,,,
Reinier,22,13,1059,11.8,2,2,4,2,0,0,3,0,1.3,1.3,1.9,3.2,10,32,42,21,Midfielder,"MF,FW",2,,,
Remi Oudin,31,21,1819,20.2,3,2,5,3,0,0,3,0,1.8,1.8,5.7,7.4,20,79,82,26,Midfielder,"MF,FW",2,,,
Remo Freuler,32,30,2624,29.2,1,1,2,1,0,0,9,0,1.2,1.2,1.1,2.3,37,165,48,31,Midfielder,MF,1,,,
Renato Sanches,7,1,146,1.6,1,0,1,1,0,0,2,0,0.1,0.1,0.2,0.3,5,10,5,25,Midfielder,MF,1,,,
Ricardo Rodríguez,35,34,2772,30.8,1,2,3,1,0,0,4,0,0.3,0.3,1.4,1.7,61,127,40,30,Defender,DF,1,,,
Riccardo Calafiori,30,26,2349,26.1,2,5,7,2,0,0,4,0,1.4,1.4,1.2,2.6,28,96,23,21,Defender,DF,1,,,
Riccardo Marchizza,13,13,1148,12.8,0,4,4,0,0,0,1,0,0.4,0.4,0.8,1.2,6,36,39,25,Defender,DF,1,,,
Riccardo Orsolini,33,19,1792,19.9,10,2,12,8,2,3,2,0,7.4,5.0,4.4,9.4,51,71,175,26,Midfielder,"FW,MF",2,,,
Riccardo Pagano,4,0,51,0.6,0,0,0,0,0,0,0,0,0.1,0.1,0.0,0.1,1,3,2,18,Defender,"MF,DF",2,,,
Riccardo Saponara,12,3,342,3.8,0,0,0,0,0,0,0,0,0.1,0.1,0.2,0.3,12,14,32,31,Midfielder,"FW,MF",2,,,
Riccardo Sottil,22,13,1103,12.3,2,3,5,2,0,0,1,0,2.6,2.6,2.5,5.1,66,33,139,24,Forward,FW,1,,,
Rick Karsdorp,18,14,1191,13.2,0,2,2,0,0,0,2,0,0.4,0.4,2.2,2.7,12,33,71,28,Defender,DF,1,,,
Ridgeciano Haps,16,7,773,8.6,0,1,1,0,0,0,0,0,0.1,0.1,0.7,0.8,13,13,42,30,Defender,DF,1,,,
Roberto Gagliardini,33,29,2360,26.2,1,2,3,1,0,0,5,0,2.9,2.9,1.7,4.6,38,120,36,29,Defender,"MF,DF",2,,,
Roberto Pereyra,27,22,1858,20.6,4,3,7,3,1,1,6,0,3.5,2.7,1.9,4.7,39,70,82,32,Midfielder,"FW,MF",2,,,
Roberto Piccoli,37,12,1417,15.700000000000001,5,0,5,4,1,1,5,0,6.5,5.699999999999999,0.9,6.6,25,20,72,22,Forward,FW,1,,,
Rolando Mandragora,33,16,1588,17.6,3,3,6,3,0,0,5,0,3.5,3.5,1.6,5.2,7,93,32,26,Midfielder,MF,1,,,
Romelu Lukaku,32,30,2641,29.3,13,3,16,13,0,1,5,1,9.8,9.0,2.4,11.4,37,37,234,30,Forward,FW,1,,,
Ruan,26,16,1516,16.8,0,0,0,0,0,0,7,1,0.5,0.5,0.6,1.1,8,33,6,24,Defender,DF,1,,,
Ruben Loftus-Cheek,29,26,2068,23.0,6,1,7,6,0,0,5,0,3.7,3.7,2.4,6.1,73,74,113,27,Midfielder,MF,1,,,
Rui Patrício,23,23,2070,23.0,0,0,0,0,0,0,1,0,0.0,0.0,0.0,0.0,0,0,0,35,Goalkeeper,GK,1,,,
Ruslan Malinovskyi,28,18,1544,17.2,4,1,5,4,0,0,7,0,1.1,1.1,0.6,1.6,24,83,31,30,Midfielder,MF,1,,,
Rúben Vinagre,12,2,282,3.1,0,0,0,0,0,0,0,0,0.0,0.0,0.3,0.3,6,8,13,24,Defender,"DF,FW",2,,,
Răzvan Marin,30,20,1818,20.2,0,3,3,0,0,0,3,0,1.1,1.1,3.0,4.1,21,72,24,27,Midfielder,MF,1,,,
Saba Sazonov,12,2,356,4.0,0,0,0,0,0,0,2,0,0.2,0.2,0.0,0.2,0,8,0,21,Defender,DF,1,,,
Sam Beukema,30,29,2547,28.3,1,1,2,1,0,0,6,1,1.9,1.9,0.8,2.7,14,76,5,24,Defender,DF,1,,,
Samu Castillejo,17,6,536,6.0,0,0,0,0,0,0,2,0,0.3,0.3,1.0,1.2,27,26,45,28,Midfielder,"FW,MF",2,,,
Samuel Chukwueze,24,12,1017,11.3,1,3,4,1,0,0,1,0,1.7,1.7,2.3,3.9,52,51,135,24,Forward,FW,1,,,
Samuel Iling-Junior,24,4,810,9.0,1,2,3,1,0,0,1,0,0.7,0.7,1.3,2.0,29,25,64,19,Defender,"DF,MF",2,,,
Samuele Birindelli,35,22,2013,22.4,0,2,2,0,0,0,7,0,1.1,1.1,2.9,4.0,63,70,122,24,Defender,DF,1,,,
Samuele Mulattieri,27,1,462,5.1,0,0,0,0,0,0,1,0,1.6,1.6,0.3,1.9,8,1,38,22,Midfielder,"FW,MF",2,,,
Samuele Perisan,1,1,90,1.0,0,0,0,0,0,0,0,0,0.0,0.0,0.0,0.0,0,0,0,25,Goalkeeper,GK,1,,,
Samuele Ricci,32,28,2395,26.6,1,2,3,1,0,0,8,1,1.3,1.3,2.3,3.6,47,122,73,21,Midfielder,MF,1,,,
Samuele Vignato,10,3,343,3.8,1,0,1,1,0,0,2,0,1.7,1.7,0.2,1.8,13,13,20,19,Midfielder,"MF,FW",2,,,
Sandi Lovrić,29,21,1987,22.1,1,3,4,1,0,0,1,1,3.5,3.5,3.3,6.8,52,80,80,25,Midfielder,MF,1,,,
Santiago Castro,8,2,242,2.7,1,1,2,1,0,0,1,0,1.0,1.0,0.5,1.5,1,1,15,18,Forward,FW,1,,,
Santiago Pierotti,11,0,200,2.2,0,2,2,0,0,0,0,0,0.5,0.5,1.0,1.5,4,5,20,22,Midfielder,"MF,FW",2,,,
Sardar Azmoun,23,3,585,6.5,3,0,3,3,0,0,4,0,2.9,2.9,1.4,4.2,5,14,35,28,Midfielder,"FW,MF",2,,,
Sead Kolašinac,30,25,2178,24.2,1,0,1,1,0,0,4,0,1.3,1.3,1.1,2.4,32,94,30,30,Defender,DF,1,,,
Sebastian Walukiewicz,27,23,2055,22.8,0,0,0,0,0,0,6,0,0.1,0.1,0.1,0.2,14,45,5,23,Defender,DF,1,,,
Sebastiano Luperto,38,38,3406,37.8,1,1,2,1,0,0,4,0,1.7,1.7,1.0,2.7,13,100,13,26,Defender,DF,1,,,
Seydou Fini,3,0,35,0.4,0,0,0,0,0,0,0,0,0.1,0.1,0.0,0.1,1,0,2,17,Defender,"DF,FW",2,,,
Shon Weissman,11,5,494,5.5,1,0,1,1,0,0,0,0,1.0,1.0,0.1,1.1,0,4,22,27,Defender,"FW,DF",2,,,
Silvan Hefti,6,1,114,1.3,0,0,0,0,0,0,0,0,0.0,0.0,0.0,0.0,1,2,4,25,Defender,"MF,DF",2,,,
Simeon Nwankwo,15,6,686,7.6,3,0,3,3,0,0,0,0,2.7,2.7,0.6,3.2,6,7,39,31,Forward,FW,1,,,
Simon Kjær,20,14,1171,13.0,0,1,1,0,0,0,1,0,0.5,0.5,0.8,1.3,4,52,0,34,Defender,DF,1,,,
Simone Aresti,1,0,1,0.0,0,0,0,0,0,0,0,0,0.0,0.0,0.0,0.0,0,0,0,37,Goalkeeper,GK,1,,,
Simone Bastoni,16,9,745,8.3,1,0,1,1,0,0,3,0,0.4,0.4,0.5,0.9,12,31,26,26,Defender,"MF,DF",2,,,
Simone Pafundi,1,0,8,0.1,0,0,0,0,0,0,0,0,0.0,0.0,0.0,0.0,0,1,1,17,Midfielder,MF,1,,,
Simone Perilli,1,1,90,1.0,0,0,0,0,0,0,0,0,0.0,0.0,0.0,0.0,0,0,0,28,Goalkeeper,GK,1,,,
Simone Romagnoli,33,30,2715,30.2,1,1,2,1,0,0,6,0,1.2,1.2,0.4,1.6,2,47,2,33,Defender,DF,1,,,
Simone Scuffet,31,31,2789,31.0,0,0,0,0,0,0,3,0,0.0,0.0,0.0,0.0,0,1,0,27,Goalkeeper,GK,1,,,
Simone Verdi,1,0,4,0.0,0,0,0,0,0,0,0,0,0.0,0.0,0.1,0.1,0,0,0,31,Forward,FW,1,,,
Stanislav Lobotka,38,38,3282,36.5,0,1,1,0,0,0,4,0,0.6,0.6,1.3,1.9,29,188,34,28,Midfielder,MF,1,,,
Stefan Mitrović,10,4,391,4.3,0,0,0,0,0,0,0,0,0.4,0.4,0.1,0.5,13,15,24,20,Midfielder,"FW,MF",2,,,
Stefan Posch,31,29,2409,26.8,1,2,3,1,0,0,7,0,1.2,1.2,2.1,3.3,44,123,64,26,Defender,DF,1,,,
Stefan de Vrij,25,17,1586,17.6,1,0,1,1,0,0,0,0,0.6,0.6,0.3,0.9,6,43,2,31,Defender,DF,1,0.0,1.0,False
Stefano Sabelli,32,30,2429,27.0,0,1,1,0,0,0,5,0,0.8,0.8,1.9,2.7,69,88,101,30,Defender,DF,1,,,
Stefano Sensi,4,0,46,0.5,0,1,1,0,0,0,0,0,0.1,0.1,0.1,0.2,3,3,4,27,Midfielder,MF,1,1.0,0.0,False
Stefano Turati,31,31,2745,30.5,0,0,0,0,0,0,0,0,0.0,0.0,0.0,0.0,0,0,0,21,Goalkeeper,GK,1,,,
Stephan El Shaarawy,33,19,1738,19.3,3,4,7,3,0,0,2,0,2.5,2.5,2.3,4.8,46,44,131,30,Defender,"FW,DF",2,,,
Steven Shpendi,12,4,411,4.6,0,1,1,0,0,0,0,0,0.4,0.4,0.5,0.9,3,6,32,20,Midfielder,"FW,MF",2,,,
Suat Serdar,25,19,1659,18.4,0,2,2,0,0,0,7,0,1.0,1.0,1.4,2.4,20,68,36,26,Midfielder,MF,1,,,
Sydney van Hooijdonk,9,2,212,2.4,0,0,0,0,0,0,0,0,0.6,0.6,0.1,0.7,1,2,9,23,Forward,FW,1,,,
Szymon Żurkowski,13,10,868,9.6,4,0,4,4,0,0,4,0,1.0,1.0,0.1,1.1,17,20,37,25,Midfielder,MF,1,,,
Tajon Buchanan,10,0,161,1.8,1,0,1,1,0,0,0,0,0.2,0.2,0.3,0.5,12,4,22,24,Defender,DF,1,0.0,1.0,False
Tammy Abraham,8,2,242,2.7,1,0,1,1,0,0,1,0,0.6,0.6,0.1,0.7,6,4,15,25,Forward,FW,1,,,
Teun Koopmeiners,34,29,2627,29.2,12,5,17,10,2,2,5,0,6.5,5.0,5.9,10.9,79,169,190,25,Midfielder,MF,1,,,
Theo Hernández,32,31,2791,31.0,5,4,9,4,1,2,11,1,4.9,3.4,4.3,7.7,116,166,124,25,Defender,DF,1,,,
Thomas Henry,18,2,334,3.7,3,0,3,3,0,1,2,2,3.3,2.5,0.0,2.5,2,3,20,28,Forward,FW,1,,,
Thomas Kristensen,26,23,2096,23.3,0,1,1,0,0,0,4,1,1.1,1.1,0.4,1.5,20,47,3,21,Defender,DF,1,,,
Tiago Djaló,1,0,17,0.2,0,0,0,0,0,0,0,0,0.0,0.0,0.0,0.0,1,2,0,23,Defender,DF,1,,,
Tijjani Noslin,17,17,1339,14.9,5,4,9,5,0,0,2,0,3.6,3.6,2.2,5.8,29,26,94,24,Midfielder,"FW,MF",2,,,
Tijjani Reijnders,36,33,2820,31.3,3,3,6,3,0,0,8,0,3.2,3.2,3.7,7.0,88,204,90,25,Midfielder,MF,1,,,
Timothy Weah,30,12,1258,14.0,0,1,1,0,0,0,5,0,1.5,1.5,1.1,2.7,35,48,84,23,Defender,"DF,FW",2,,,
Toma Bašić,15,14,1162,12.9,0,0,0,0,0,0,5,0,0.6,0.6,0.5,1.1,11,53,16,26,Midfielder,MF,1,,,
Tommaso Augello,32,28,2418,26.9,1,1,2,1,0,0,5,0,0.5,0.5,2.0,2.5,62,96,99,28,Defender,DF,1,,,
Tommaso Baldanzi,27,14,1263,14.100000000000001,2,0,2,2,0,0,3,0,3.0,3.0,1.7,4.6,38,44,94,20,Midfielder,"MF,FW",2,,,
Tommaso Corazza,9,1,195,2.2,0,0,0,0,0,0,1,0,0.1,0.1,0.1,0.2,10,14,9,19,Defender,DF,1,,,
Tommaso Martinelli,1,1,90,1.0,0,0,0,0,0,0,0,0,0.0,0.0,0.0,0.0,0,0,0,17,Goalkeeper,GK,1,,,
Tommaso Pobega,11,3,319,3.5,0,0,0,0,0,0,0,0,0.2,0.2,0.2,0.4,6,11,10,24,Midfielder,MF,1,,,
Tomáš Suslov,32,23,2092,23.2,3,5,8,2,1,1,7,0,3.5,2.6,3.6,6.2,46,64,74,21,Midfielder,"MF,FW",2,,,
Triantafyllos Pasaridīs,8,5,452,5.0,0,0,0,0,0,0,3,0,0.0,0.0,0.0,0.0,1,17,0,27,Defender,DF,1,,,
Trivante Stewart,4,0,100,1.1,0,0,0,0,0,0,0,0,0.1,0.1,0.1,0.1,2,0,6,23,Midfielder,"FW,MF",2,,,
Tyronne Ebuehi,15,11,1099,12.2,0,1,1,0,0,0,0,0,0.3,0.3,0.9,1.2,34,37,35,27,Defender,DF,1,,,
Uroš Račić,22,8,820,9.1,1,1,2,1,0,0,1,0,0.8,0.8,0.3,1.1,5,37,11,25,Midfielder,MF,1,,,
Valentin Carboni,31,10,1169,13.0,2,3,5,2,0,0,2,0,2.3,2.3,1.7,4.0,52,57,75,18,Midfielder,"MF,FW",2,,,
Valentin Gendrey,37,35,3044,33.8,2,3,5,2,0,0,5,0,1.6,1.6,1.6,3.2,77,116,86,23,Defender,DF,1,,,
Valentino Lazaro,35,21,1994,22.2,0,4,4,0,0,0,3,0,1.7,1.7,2.9,4.7,53,94,106,27,Defender,"DF,MF",2,,,
Valentín Castellanos,35,16,1682,18.7,4,3,7,4,0,0,2,0,7.3,7.3,1.7,8.9,15,47,132,24,Forward,FW,1,,,
Vanja Milinković-Savić,36,36,3240,36.0,0,0,0,0,0,0,2,0,0.0,0.0,0.0,0.0,0,0,0,26,Goalkeeper,GK,1,,,
Victor Bernth Kristiansen,32,26,2307,25.6,0,3,3,0,0,0,4,0,0.3,0.3,2.4,2.6,23,123,74,20,Defender,DF,1,,,
Victor Osimhen,25,22,1982,22.0,15,3,18,12,3,5,6,1,15.4,11.4,3.1,14.6,34,23,142,24,Forward,FW,1,,,
Viktor Kovalenko,17,4,613,6.8,1,1,2,1,0,0,1,0,0.9,0.9,0.8,1.7,4,20,24,27,Midfielder,MF,1,,,
Vincenzo Fiorillo,4,4,360,4.0,0,0,0,0,0,0,1,1,0.0,0.0,0.0,0.0,0,0,0,33,Goalkeeper,GK,1,,,
Vitinha,9,2,285,3.2,2,0,2,2,0,0,2,0,1.1,1.1,0.1,1.3,10,4,21,23,Midfielder,"FW,MF",2,,,
Vivaldo Semedo,1,0,12,0.1,0,0,0,0,0,0,0,0,0.0,0.0,0.0,0.0,1,0,0,18,Forward,FW,1,,,
Walace,37,37,3238,36.0,2,0,2,2,0,0,7,0,0.8,0.8,1.1,1.9,37,127,22,28,Midfielder,MF,1,,,
Walid Cheddira,36,24,2120,23.6,7,1,8,6,1,1,0,0,9.0,8.2,1.4,9.6,31,22,139,25,Forward,FW,1,,,
Warren Bondo,25,14,1475,16.4,1,1,2,1,0,0,9,0,0.9,0.9,0.3,1.2,31,43,13,19,Midfielder,MF,1,,,
Weston McKennie,34,29,2594,28.8,0,7,7,0,0,0,6,0,3.0,3.0,3.9,6.9,64,92,176,24,Defender,"MF,DF",2,,,
Wladimiro Falcone,38,38,3420,38.0,0,0,0,0,0,0,0,0,0.0,0.0,0.2,0.2,0,1,0,28,Goalkeeper,GK,1,,,
Wojciech Szczęsny,35,35,3150,35.0,0,0,0,0,0,0,1,0,0.0,0.0,0.0,0.0,0,0,0,33,Goalkeeper,GK,1,,,
Yacine Adli,24,17,1407,15.6,1,2,3,1,0,0,3,0,0.3,0.3,2.2,2.5,30,125,26,23,Midfielder,MF,1,,,
Yann Aurel Bisseck,16,9,904,10.0,2,0,2,2,0,0,0,0,0.9,0.9,0.5,1.4,24,30,20,22,Defender,DF,1,0.0,4.0,False
Yann Karamoh,10,1,162,1.8,0,0,0,0,0,0,0,0,0.1,0.1,0.1,0.2,11,5,12,25,Midfielder,"MF,FW",2,,,
Yann Sommer,34,34,3060,34.0,0,0,0,0,0,0,1,0,0.0,0.0,0.0,0.0,0,0,0,34,Goalkeeper,GK,1,0.0,2.0,False
Yayah Kallon,1,0,4,0.0,0,0,0,0,0,0,0,0,0.0,0.0,0.0,0.0,0,1,0,22,Forward,FW,1,,,
Yerry Mina,18,14,1259,14.0,2,0,2,1,1,1,5,0,1.4000000000000001,0.6,0.0,0.6,4,25,4,28,Defender,DF,2,,,
Ylber Ramadani,34,34,2970,33.0,1,0,1,1,0,0,13,0,1.0,1.0,0.5,1.6,36,121,14,27,Midfielder,MF,1,,,
Youssef Maleh,34,30,2602,28.9,0,1,1,0,0,0,11,0,1.6,1.6,2.4,4.0,17,117,65,24,Midfielder,MF,1,,,
Yunus Musah,30,13,1478,16.4,0,2,2,0,0,0,5,0,0.6,0.6,1.2,1.8,48,64,77,20,Midfielder,"MF,FW",2,,,
Zanos Savva,2,0,28,0.3,1,0,1,1,0,0,0,0,0.2,0.2,0.0,0.2,0,1,1,17,Defender,"DF,MF",2,,,
Zeki Çelik,17,6,671,7.5,0,0,0,0,0,0,1,0,0.2,0.2,0.6,0.8,14,26,38,26,Defender,DF,1,,,
Zito Luvumbo,30,19,1946,21.6,4,5,9,4,0,0,5,0,4.0,4.0,3.1,7.1,85,21,181,21,Midfielder,"FW,MF",2,,,
Éderson,36,32,2869,31.9,6,1,7,6,0,0,8,0,3.5,3.5,1.4,4.9,32,214,50,24,Midfielder,MF,1,,,
Łukasz Skorupski,32,32,2880,32.0,0,0,0,0,0,0,2,0,0.0,0.0,0.0,0.0,0,1,0,32,Goalkeeper,GK,1,,,
