decision_date,player_key,player_id,player_name_zh,registration_nominal_position,date_of_birth,age_years_on_decision_date,age_band,birth_date_source_id,birth_date_verification_status,public_position_label_zh,public_position_label_en_secondary,stats_sample_status,observed_role_status
2026-09-27,sofascore:920987,920987,阿不都海米提,Defender,1998-03-10,28,25–29岁,wikipedia_guoan_2026_squad_profile_2026-09-14,dob_crosschecked_by_secondary_database,后卫,Right Back,observed_current_season_sample,match_specific_role_evidence_one_fixture
2026-09-27,sofascore:1113798,1113798,柏杨,Defender,1998-03-06,28,25–29岁,wikipedia_guoan_2026_squad_profile_2026-09-14,dob_crosschecked_by_secondary_database,中后卫,,observed_current_season_sample,match_specific_role_evidence_one_fixture
2026-09-27,sofascore:2443057,2443057,邓捷夫,Defender,2007-06-28,19,21岁及以下,wikipedia_guoan_2026_squad_profile_2026-09-14,dob_crosschecked_by_secondary_database,边后卫,,observed_current_season_sample,match_specific_role_evidence_multiple_fixtures
2026-09-27,sofascore:1886700,1886700,范双杰,Defender,2005-08-25,21,21岁及以下,wikipedia_guoan_2026_squad_profile_2026-09-14,dob_crosschecked_by_secondary_database,后卫,,observed_current_season_sample,unknown_match_deployment_role
2026-09-27,sofascore:977985,977985,何宇鹏,Defender,1999-12-05,26,25–29岁,wikipedia_guoan_2026_squad_profile_2026-09-14,dob_crosschecked_by_secondary_database,后卫,Right Back,observed_current_season_sample,unknown_match_deployment_role
2026-09-27,sofascore:827192,827192,拉莫斯,Defender,1997-08-11,29,25–29岁,wikipedia_guoan_2026_squad_profile_2026-09-14,dob_crosschecked_by_secondary_database,中后卫,,observed_current_season_sample,match_specific_role_evidence_one_fixture
2026-09-27,sofascore:791491,791491,李磊,Defender,1992-05-30,34,30岁及以上,wikipedia_guoan_2026_squad_profile_2026-09-14,dob_crosschecked_by_secondary_database,边后卫,Left Back,observed_current_season_sample,unknown_match_deployment_role
2026-09-27,roster_name_zh:罗子祥,,罗子祥,Defender,2007-12-16,18,21岁及以下,wikipedia_guoan_2026_squad_profile_2026-09-14,dob_crosschecked_by_secondary_database,后卫,,no_current_season_appearance_sample,unknown_match_deployment_role
2026-09-27,sofascore:967088,967088,茹子楠,Defender,1998-05-12,28,25–29岁,wikipedia_guoan_2026_squad_profile_2026-09-14,dob_crosschecked_by_secondary_database,边后卫,Right Back,observed_current_season_sample,match_specific_role_evidence_multiple_fixtures
2026-09-27,sofascore:111752,111752,斯帕伊奇,Defender,1993-02-13,33,30岁及以上,wikipedia_guoan_2026_squad_profile_2026-09-14,dob_crosschecked_by_secondary_database,后卫,Centre Back,observed_current_season_sample,unknown_match_deployment_role
2026-09-27,sofascore:77758,77758,王刚,Defender,1989-02-17,37,30岁及以上,wikipedia_guoan_2026_squad_profile_2026-09-14,dob_crosschecked_by_secondary_database,边后卫,Right Back,observed_current_season_sample,match_specific_role_evidence_multiple_fixtures
2026-09-27,roster_name_zh:吴少聪,,吴少聪,Defender,2000-03-20,26,25–29岁,wikipedia_guoan_2026_squad_profile_2026-09-14,dob_crosschecked_by_secondary_database,后卫,Centre Back,no_current_season_appearance_sample,unknown_match_deployment_role
2026-09-27,sofascore:553488,553488,阿科洛,Forward,1995-04-01,31,30岁及以上,wikipedia_guoan_2026_squad_profile_2026-09-14,dob_crosschecked_by_secondary_database,前锋,Right Winger,observed_current_season_sample,match_specific_role_evidence_one_fixture
2026-09-27,sofascore:343673,343673,法比奥,Forward,1993-01-29,33,30岁及以上,wikipedia_guoan_2026_squad_profile_2026-09-14,dob_crosschecked_by_secondary_database,前锋,Centre Forward,observed_current_season_sample,match_specific_role_evidence_one_fixture
2026-09-27,sofascore:2664502,2664502,蒋子承,Forward,2007-09-11,19,21岁及以下,wikipedia_guoan_2026_squad_profile_2026-09-14,dob_crosschecked_by_secondary_database,中场,,observed_current_season_sample,unknown_match_deployment_role
2026-09-27,sofascore:900549,900549,林良铭,Forward,1997-06-04,29,25–29岁,wikipedia_guoan_2026_squad_profile_2026-09-14,dob_crosschecked_by_secondary_database,前锋,Left Winger,observed_current_season_sample,unknown_match_deployment_role
2026-09-27,sofascore:872209,872209,杨立瑜,Forward,1997-02-13,29,25–29岁,wikipedia_guoan_2026_squad_profile_2026-09-14,dob_crosschecked_by_secondary_database,前锋,Right Winger,observed_current_season_sample,unknown_match_deployment_role
2026-09-27,sofascore:828227,828227,张玉宁,Forward,1997-01-05,29,25–29岁,wikipedia_guoan_2026_squad_profile_2026-09-14,dob_crosschecked_by_secondary_database,前锋,Centre Forward,observed_current_season_sample,match_specific_role_evidence_one_fixture
2026-09-27,roster_name_zh:韩佳奇,,韩佳奇,Goalkeeper,1999-07-03,27,25–29岁,wikipedia_guoan_2026_squad_profile_2026-09-14,dob_crosschecked_by_secondary_database,守门员,Goalkeeper,no_current_season_appearance_sample,unknown_match_deployment_role
2026-09-27,sofascore:793878,793878,侯森,Goalkeeper,1989-06-30,37,30岁及以上,wikipedia_guoan_2026_squad_profile_2026-09-14,dob_crosschecked_by_secondary_database,守门员,,observed_current_season_sample,match_specific_role_evidence_multiple_fixtures
2026-09-27,roster_name_zh:刘邵子洋,,刘邵子洋,Goalkeeper,2003-11-12,22,22–24岁,wikipedia_guoan_2026_squad_profile_2026-09-14,dob_crosschecked_by_secondary_database,守门员,,no_current_season_appearance_sample,unknown_match_deployment_role
2026-09-27,roster_name_zh:卢彤鋆,,卢彤鋆,Goalkeeper,2008-03-30,18,21岁及以下,cfa_youth_athlete_registration_lu_tongyun_2023,official_registration_date_crosschecked_by_secondary_database,,,no_current_season_appearance_sample,unknown_match_deployment_role
2026-09-27,roster_name_zh:努尔艾力·阿巴斯,,努尔艾力·阿巴斯,Goalkeeper,2004-09-26,22,22–24岁,wikipedia_guoan_2026_squad_profile_2026-09-14,dob_crosschecked_by_secondary_database,守门员,,no_current_season_appearance_sample,unknown_match_deployment_role
2026-09-27,sofascore:817886,817886,曹永竞,Midfielder,1997-02-15,29,25–29岁,wikipedia_guoan_2026_squad_profile_2026-09-14,dob_crosschecked_by_secondary_database,中场,Left Winger,observed_current_season_sample,unknown_match_deployment_role
2026-09-27,roster_name_zh:陈康悦,,陈康悦,Midfielder,2008-05-26,18,21岁及以下,wikipedia_guoan_2026_squad_profile_2026-09-14,dob_crosschecked_by_secondary_database,中场,,no_current_season_appearance_sample,unknown_match_deployment_role
2026-09-27,sofascore:2487614,2487614,程熙,Midfielder,2008-02-05,18,21岁及以下,wikipedia_guoan_2026_squad_profile_2026-09-14,dob_crosschecked_by_secondary_database,中场,,observed_current_season_sample,unknown_match_deployment_role
2026-09-27,sofascore:797459,797459,池忠国,Midfielder,1989-10-26,36,30岁及以上,wikipedia_guoan_2026_squad_profile_2026-09-14,dob_crosschecked_by_secondary_database,后腰,Defensive Midfielder,observed_current_season_sample,unknown_match_deployment_role
2026-09-27,sofascore:926823,926823,达万,Midfielder,1996-06-03,30,30岁及以上,wikipedia_guoan_2026_squad_profile_2026-09-14,dob_crosschecked_by_secondary_database,中前卫,,observed_current_season_sample,match_specific_role_evidence_multiple_fixtures
2026-09-27,sofascore:187187,187187,杜齐亚克,Midfielder,1995-08-28,31,30岁及以上,wikipedia_guoan_2026_squad_profile_2026-09-14,dob_crosschecked_by_secondary_database,中场,Defensive Midfielder,observed_current_season_sample,match_specific_role_evidence_one_fixture
2026-09-27,sofascore:837300,837300,恩科洛洛,Midfielder,1996-11-06,29,25–29岁,wikipedia_guoan_2026_squad_profile_2026-09-14,dob_crosschecked_by_secondary_database,边锋,,observed_current_season_sample,match_specific_role_evidence_one_fixture
2026-09-27,sofascore:1121219,1121219,贾非凡,Midfielder,2001-01-13,25,25–29岁,wikipedia_guoan_2026_squad_profile_2026-09-14,dob_crosschecked_by_secondary_database,中场,,observed_current_season_sample,unknown_match_deployment_role
2026-09-27,sofascore:979120,979120,孔特,Midfielder,2001-03-02,25,25–29岁,wikipedia_guoan_2026_squad_profile_2026-09-14,dob_crosschecked_by_secondary_database,中前卫,,observed_current_season_sample,match_specific_role_evidence_one_fixture
2026-09-27,roster_name_zh:刘俊泽,,刘俊泽,Midfielder,2008-04-17,18,21岁及以下,wikipedia_guoan_2026_squad_profile_2026-09-14,dob_crosschecked_by_secondary_database,中场,,no_current_season_appearance_sample,unknown_match_deployment_role
2026-09-27,sofascore:843735,843735,塞尔吉尼奥,Midfielder,1995-03-15,31,30岁及以上,wikipedia_guoan_2026_squad_profile_2026-09-14,dob_crosschecked_by_secondary_database,中场,Attacking Midfielder,observed_current_season_sample,match_specific_role_evidence_multiple_fixtures
2026-09-27,roster_name_zh:王思泽,,王思泽,Midfielder,2009-03-21,17,21岁及以下,wikipedia_guoan_2026_squad_profile_2026-09-14,dob_crosschecked_by_secondary_database,中场,,no_current_season_appearance_sample,unknown_match_deployment_role
2026-09-27,sofascore:1130184,1130184,王禹,Midfielder,2002-04-28,24,22–24岁,wikipedia_guoan_2026_squad_profile_2026-09-14,dob_crosschecked_by_secondary_database,中前卫,,observed_current_season_sample,unknown_match_deployment_role
2026-09-27,roster_name_zh:夏晓雨,,夏晓雨,Midfielder,2007-09-26,19,21岁及以下,wikipedia_guoan_2026_squad_profile_2026-09-14,dob_crosschecked_by_secondary_database,中场,,no_current_season_appearance_sample,unknown_match_deployment_role
2026-09-27,roster_name_zh:张昊冉,,张昊冉,Midfielder,2007-10-17,18,21岁及以下,wikipedia_guoan_2026_squad_profile_2026-09-14,dob_crosschecked_by_secondary_database,中场,,no_current_season_appearance_sample,unknown_match_deployment_role
2026-09-27,sofascore:231992,231992,张稀哲,Midfielder,1991-01-23,35,30岁及以上,wikipedia_guoan_2026_squad_profile_2026-09-14,dob_crosschecked_by_secondary_database,前腰,Left Midfielder,observed_current_season_sample,match_specific_role_evidence_one_fixture
