decision_date,analysis_status,player_key,player_id,player_identity_resolution_status,player_name_zh,player_name_provider,team_id,membership_scope,membership_status_source_tier,membership_status_source,public_verification_status,registration_scopes,user_reported_registration_detail,user_reported_availability_detail,user_reported_appearance_detail,nominal_position,nominal_position_source,observed_position_groups,season_stats_appearances,stats_sample_status,season_minutes_sum_from_displayed_minutes,source_supported_starts_count_partial,competitions_observed,latest_positive_minutes_match_date,latest_positive_minutes_event_id,source_limitations
2026-09-27,pre_gate_operational_snapshot,sofascore:977985,977985,matched_to_sofascore_player_id,何宇鹏,Yupeng He,Beijing Guoan,first_team_squad,user_supplied_public_roster_evidence,user_supplied_public_roster_reconciliation_2026-09-27,user_identified_public_roster_evidence; exact_item_reference_pending,CSL 2026;CSL 2026 second-window,2026 CSL first-team registration; absent from September AFC roster,"Season-ending injury, user-supplied public evidence",,Defender,guoan_csl_roster_second_window_2026-07-23,D;M,3,observed_current_season_sample,112,2,Chinese Super League,2026-07-17,15552576,"Membership follows public roster/registration evidence supplied by the user; exact item-level source references are not yet attached in this workspace, and exact membership interval dates remain unrecorded where unknown."
2026-09-27,pre_gate_operational_snapshot,sofascore:793878,793878,matched_to_sofascore_player_id,侯森,Hou Sen,Beijing Guoan,first_team_squad,user_supplied_public_roster_evidence,user_supplied_public_roster_reconciliation_2026-09-27,user_identified_public_roster_evidence; exact_item_reference_pending,AFC Champions League Elite 2026/27;CSL 2026;CSL 2026 second-window,Listed in 2026-07-23 CSL second-window and 2026-09-13 AFC registers,,,Goalkeeper,guoan_acl_roster_transcription_2026-09-13,G,24,observed_current_season_sample,2160,24,AFC Champions League Elite;Chinese Super League,2026-09-15,16863671,"Membership follows public roster/registration evidence supplied by the user; exact item-level source references are not yet attached in this workspace, and exact membership interval dates remain unrecorded where unknown."
2026-09-27,pre_gate_operational_snapshot,roster_name_zh:刘俊泽,,no_current_season_stats_row_or_provider_id,刘俊泽,,Beijing Guoan,first_team_squad,user_supplied_public_roster_evidence,user_supplied_public_roster_reconciliation_2026-09-27,user_identified_public_roster_evidence; exact_item_reference_pending,AFC Champions League Elite 2026/27;CSL 2026 second-window,Listed in 2026-07-23 CSL second-window and 2026-09-13 AFC registers,,,Midfielder,guoan_acl_roster_transcription_2026-09-13,,0,no_current_season_appearance_sample,,0,,,,"Membership follows public roster/registration evidence supplied by the user; exact item-level source references are not yet attached in this workspace, and exact membership interval dates remain unrecorded where unknown."
2026-09-27,pre_gate_operational_snapshot,roster_name_zh:刘邵子洋,,no_current_season_stats_row_or_provider_id,刘邵子洋,,Beijing Guoan,first_team_squad,user_supplied_public_roster_evidence,user_supplied_public_roster_reconciliation_2026-09-27,user_identified_public_roster_evidence; exact_item_reference_pending,AFC Champions League Elite 2026/27;CSL 2026 second-window,Listed in 2026-07-23 CSL second-window and 2026-09-13 AFC registers,,,Goalkeeper,guoan_acl_roster_transcription_2026-09-13,,0,no_current_season_appearance_sample,,0,,,,"Membership follows public roster/registration evidence supplied by the user; exact item-level source references are not yet attached in this workspace, and exact membership interval dates remain unrecorded where unknown."
2026-09-27,pre_gate_operational_snapshot,roster_name_zh:努尔艾力·阿巴斯,,no_current_season_stats_row_or_provider_id,努尔艾力·阿巴斯,,Beijing Guoan,first_team_squad,user_supplied_public_roster_evidence,user_supplied_public_roster_reconciliation_2026-09-27,user_identified_public_roster_evidence; exact_item_reference_pending,CSL 2026;CSL 2026 second-window,First-team registered,,"No first-team appearance on record, user-supplied public evidence",Goalkeeper,guoan_csl_roster_second_window_2026-07-23,,0,no_current_season_appearance_sample,,0,,,,"Membership follows public roster/registration evidence supplied by the user; exact item-level source references are not yet attached in this workspace, and exact membership interval dates remain unrecorded where unknown."
2026-09-27,pre_gate_operational_snapshot,roster_name_zh:卢彤鋆,,no_current_season_stats_row_or_provider_id,卢彤鋆,,Beijing Guoan,first_team_squad,user_supplied_public_roster_evidence,user_supplied_public_roster_reconciliation_2026-09-27,user_identified_public_roster_evidence; exact_item_reference_pending,AFC Champions League Elite 2026/27;CSL 2026,First-team registered,,"No first-team appearance on record, user-supplied public evidence",Goalkeeper,guoan_acl_roster_transcription_2026-09-13,,0,no_current_season_appearance_sample,,0,,,,"Membership follows public roster/registration evidence supplied by the user; exact item-level source references are not yet attached in this workspace, and exact membership interval dates remain unrecorded where unknown."
2026-09-27,pre_gate_operational_snapshot,roster_name_zh:吴少聪,,no_current_season_stats_row_or_provider_id,吴少聪,,Beijing Guoan,first_team_squad,user_supplied_public_roster_evidence,user_supplied_public_roster_reconciliation_2026-09-27,user_identified_public_roster_evidence; exact_item_reference_pending,CSL 2026;CSL 2026 second-window,2026 CSL first-team registration; absent from September AFC roster,"Season-ending injury, user-supplied public evidence",,Defender,guoan_csl_roster_second_window_2026-07-23,,0,no_current_season_appearance_sample,,0,,,,"Membership follows public roster/registration evidence supplied by the user; exact item-level source references are not yet attached in this workspace, and exact membership interval dates remain unrecorded where unknown."
2026-09-27,pre_gate_operational_snapshot,sofascore:843735,843735,matched_to_sofascore_player_id,塞尔吉尼奥,Sai Erjini'ao,Beijing Guoan,first_team_squad,user_supplied_public_roster_evidence,user_supplied_public_roster_reconciliation_2026-09-27,user_identified_public_roster_evidence; exact_item_reference_pending,AFC Champions League Elite 2026/27;CSL 2026;CSL 2026 second-window,Listed in 2026-07-23 CSL second-window and 2026-09-13 AFC registers,,,Midfielder,guoan_acl_roster_transcription_2026-09-13,F;M,24,observed_current_season_sample,1962,21,AFC Champions League Elite;Chinese Super League,2026-09-15,16863671,"Membership follows public roster/registration evidence supplied by the user; exact item-level source references are not yet attached in this workspace, and exact membership interval dates remain unrecorded where unknown."
2026-09-27,pre_gate_operational_snapshot,roster_name_zh:夏晓雨,,no_current_season_stats_row_or_provider_id,夏晓雨,,Beijing Guoan,first_team_squad,user_supplied_public_roster_evidence,user_supplied_public_roster_reconciliation_2026-09-27,user_identified_public_roster_evidence; exact_item_reference_pending,AFC Champions League Elite 2026/27;CSL 2026 second-window,Listed in 2026-07-23 CSL second-window and 2026-09-13 AFC registers,,,Midfielder,guoan_acl_roster_transcription_2026-09-13,,0,no_current_season_appearance_sample,,0,,,,"Membership follows public roster/registration evidence supplied by the user; exact item-level source references are not yet attached in this workspace, and exact membership interval dates remain unrecorded where unknown."
2026-09-27,pre_gate_operational_snapshot,sofascore:979120,979120,matched_to_sofascore_player_id,孔特,Aboubacar Konte,Beijing Guoan,first_team_squad,user_supplied_public_roster_evidence,user_supplied_public_roster_reconciliation_2026-09-27,user_identified_public_roster_evidence; exact_item_reference_pending,AFC Champions League Elite 2026/27;CSL 2026;CSL 2026 second-window,Listed in 2026-07-23 CSL second-window and 2026-09-13 AFC registers,,,Midfielder,guoan_acl_roster_transcription_2026-09-13,F;M,22,observed_current_season_sample,1978,22,Chinese Super League,2026-08-15,15552613,"Membership follows public roster/registration evidence supplied by the user; exact item-level source references are not yet attached in this workspace, and exact membership interval dates remain unrecorded where unknown."
2026-09-27,pre_gate_operational_snapshot,roster_name_zh:张昊冉,,no_current_season_stats_row_or_provider_id,张昊冉,,Beijing Guoan,first_team_squad,user_supplied_public_roster_evidence,user_supplied_public_roster_reconciliation_2026-09-27,user_identified_public_roster_evidence; exact_item_reference_pending,AFC Champions League Elite 2026/27;CSL 2026 second-window,Listed in 2026-07-23 CSL second-window and 2026-09-13 AFC registers,,,Midfielder,guoan_acl_roster_transcription_2026-09-13,,0,no_current_season_appearance_sample,,0,,,,"Membership follows public roster/registration evidence supplied by the user; exact item-level source references are not yet attached in this workspace, and exact membership interval dates remain unrecorded where unknown."
2026-09-27,pre_gate_operational_snapshot,sofascore:828227,828227,matched_to_sofascore_player_id,张玉宁,Zhang Yuning,Beijing Guoan,first_team_squad,user_supplied_public_roster_evidence,user_supplied_public_roster_reconciliation_2026-09-27,user_identified_public_roster_evidence; exact_item_reference_pending,AFC Champions League Elite 2026/27;CSL 2026;CSL 2026 second-window,Listed in 2026-07-23 CSL second-window and 2026-09-13 AFC registers,,,Forward,guoan_acl_roster_transcription_2026-09-13,F,25,observed_current_season_sample,1939,24,Chinese Super League,2026-09-05,15552633,"Membership follows public roster/registration evidence supplied by the user; exact item-level source references are not yet attached in this workspace, and exact membership interval dates remain unrecorded where unknown."
2026-09-27,pre_gate_operational_snapshot,sofascore:231992,231992,matched_to_sofascore_player_id,张稀哲,Zhang Xizhe,Beijing Guoan,first_team_squad,user_supplied_public_roster_evidence,user_supplied_public_roster_reconciliation_2026-09-27,user_identified_public_roster_evidence; exact_item_reference_pending,AFC Champions League Elite 2026/27;CSL 2026;CSL 2026 second-window,Listed in 2026-07-23 CSL second-window and 2026-09-13 AFC registers,,,Midfielder,guoan_acl_roster_transcription_2026-09-13,F;M,24,observed_current_season_sample,1171,14,AFC Champions League Elite;Chinese Super League,2026-09-15,16863671,"Membership follows public roster/registration evidence supplied by the user; exact item-level source references are not yet attached in this workspace, and exact membership interval dates remain unrecorded where unknown."
2026-09-27,pre_gate_operational_snapshot,sofascore:837300,837300,matched_to_sofascore_player_id,恩科洛洛,Béni Nkololo,Beijing Guoan,first_team_squad,user_supplied_public_roster_evidence,user_supplied_public_roster_reconciliation_2026-09-27,user_identified_public_roster_evidence; exact_item_reference_pending,AFC Champions League Elite 2026/27;CSL 2026,CSL first-half registration withdrawn in summer; AFC registered,,"Currently appears in AFC, user-supplied public evidence",Midfielder,guoan_acl_roster_transcription_2026-09-13,F;M,10,observed_current_season_sample,763,9,AFC Champions League Elite;Chinese Super League,2026-09-15,16863671,"Membership follows public roster/registration evidence supplied by the user; exact item-level source references are not yet attached in this workspace, and exact membership interval dates remain unrecorded where unknown."
2026-09-27,pre_gate_operational_snapshot,sofascore:827192,827192,matched_to_sofascore_player_id,拉莫斯,Guilherme Ramos,Beijing Guoan,first_team_squad,user_supplied_public_roster_evidence,user_supplied_public_roster_reconciliation_2026-09-27,user_identified_public_roster_evidence; exact_item_reference_pending,AFC Champions League Elite 2026/27;CSL 2026;CSL 2026 second-window,Listed in 2026-07-23 CSL second-window and 2026-09-13 AFC registers,,,Defender,guoan_acl_roster_transcription_2026-09-13,D,25,observed_current_season_sample,2172,25,AFC Champions League Elite;Chinese Super League,2026-09-15,16863671,"Membership follows public roster/registration evidence supplied by the user; exact item-level source references are not yet attached in this workspace, and exact membership interval dates remain unrecorded where unknown."
2026-09-27,pre_gate_operational_snapshot,sofascore:111752,111752,matched_to_sofascore_player_id,斯帕伊奇,Uroš Spajić,Beijing Guoan,first_team_squad,user_supplied_public_roster_evidence,user_supplied_public_roster_reconciliation_2026-09-27,user_identified_public_roster_evidence; exact_item_reference_pending,AFC Champions League Elite 2026/27;CSL 2026 second-window,Listed in 2026-07-23 CSL second-window and 2026-09-13 AFC registers,,,Defender,guoan_acl_roster_transcription_2026-09-13,D,2,observed_current_season_sample,114,2,Chinese Super League,2026-08-01,15552596,"Membership follows public roster/registration evidence supplied by the user; exact item-level source references are not yet attached in this workspace, and exact membership interval dates remain unrecorded where unknown."
2026-09-27,pre_gate_operational_snapshot,sofascore:817886,817886,matched_to_sofascore_player_id,曹永竞,Yongjing Cao,Beijing Guoan,first_team_squad,user_supplied_public_roster_evidence,user_supplied_public_roster_reconciliation_2026-09-27,user_identified_public_roster_evidence; exact_item_reference_pending,AFC Champions League Elite 2026/27;CSL 2026;CSL 2026 second-window,Listed in 2026-07-23 CSL second-window and 2026-09-13 AFC registers,,,Midfielder,guoan_acl_roster_transcription_2026-09-13,M,24,observed_current_season_sample,1185,11,Chinese Super League,2026-09-05,15552633,"Membership follows public roster/registration evidence supplied by the user; exact item-level source references are not yet attached in this workspace, and exact membership interval dates remain unrecorded where unknown."
2026-09-27,pre_gate_operational_snapshot,sofascore:791491,791491,matched_to_sofascore_player_id,李磊,Li Lei,Beijing Guoan,first_team_squad,user_supplied_public_roster_evidence,user_supplied_public_roster_reconciliation_2026-09-27,user_identified_public_roster_evidence; exact_item_reference_pending,AFC Champions League Elite 2026/27;CSL 2026;CSL 2026 second-window,Listed in 2026-07-23 CSL second-window and 2026-09-13 AFC registers,,,Defender,guoan_acl_roster_transcription_2026-09-13,D;M,15,observed_current_season_sample,525,3,AFC Champions League Elite;Chinese Super League,2026-09-15,16863671,"Membership follows public roster/registration evidence supplied by the user; exact item-level source references are not yet attached in this workspace, and exact membership interval dates remain unrecorded where unknown."
2026-09-27,pre_gate_operational_snapshot,sofascore:187187,187187,matched_to_sofascore_player_id,杜齐亚克,Jeremy Dudziak,Beijing Guoan,first_team_squad,user_supplied_public_roster_evidence,user_supplied_public_roster_reconciliation_2026-09-27,user_identified_public_roster_evidence; exact_item_reference_pending,AFC Champions League Elite 2026/27,AFC only,,,Midfielder,guoan_acl_roster_transcription_2026-09-13,M,1,observed_current_season_sample,82,1,AFC Champions League Elite,2026-09-15,16863671,"Membership follows public roster/registration evidence supplied by the user; exact item-level source references are not yet attached in this workspace, and exact membership interval dates remain unrecorded where unknown."
2026-09-27,pre_gate_operational_snapshot,sofascore:872209,872209,matched_to_sofascore_player_id,杨立瑜,Yang Liyu,Beijing Guoan,first_team_squad,user_supplied_public_roster_evidence,user_supplied_public_roster_reconciliation_2026-09-27,user_identified_public_roster_evidence; exact_item_reference_pending,AFC Champions League Elite 2026/27;CSL 2026;CSL 2026 second-window,Listed in 2026-07-23 CSL second-window and 2026-09-13 AFC registers,,,Forward,guoan_acl_roster_transcription_2026-09-13,F;M,10,observed_current_season_sample,513,5,AFC Champions League Elite;Chinese Super League,2026-09-15,16863671,"Membership follows public roster/registration evidence supplied by the user; exact item-level source references are not yet attached in this workspace, and exact membership interval dates remain unrecorded where unknown."
2026-09-27,pre_gate_operational_snapshot,sofascore:900549,900549,matched_to_sofascore_player_id,林良铭,Lin Liangming,Beijing Guoan,first_team_squad,user_supplied_public_roster_evidence,user_supplied_public_roster_reconciliation_2026-09-27,user_identified_public_roster_evidence; exact_item_reference_pending,AFC Champions League Elite 2026/27;CSL 2026;CSL 2026 second-window,Listed in 2026-07-23 CSL second-window and 2026-09-13 AFC registers,,,Forward,guoan_acl_roster_transcription_2026-09-13,F;M,17,observed_current_season_sample,989,11,Chinese Super League,2026-07-17,15552576,"Membership follows public roster/registration evidence supplied by the user; exact item-level source references are not yet attached in this workspace, and exact membership interval dates remain unrecorded where unknown."
2026-09-27,pre_gate_operational_snapshot,sofascore:1113798,1113798,matched_to_sofascore_player_id,柏杨,Yang Bai,Beijing Guoan,first_team_squad,user_supplied_public_roster_evidence,user_supplied_public_roster_reconciliation_2026-09-27,user_identified_public_roster_evidence; exact_item_reference_pending,AFC Champions League Elite 2026/27;CSL 2026;CSL 2026 second-window,Listed in 2026-07-23 CSL second-window and 2026-09-13 AFC registers,,,Defender,guoan_acl_roster_transcription_2026-09-13,D,23,observed_current_season_sample,1960,22,Chinese Super League,2026-09-05,15552633,"Membership follows public roster/registration evidence supplied by the user; exact item-level source references are not yet attached in this workspace, and exact membership interval dates remain unrecorded where unknown."
2026-09-27,pre_gate_operational_snapshot,sofascore:797459,797459,matched_to_sofascore_player_id,池忠国,Chi Zhongguo,Beijing Guoan,first_team_squad,user_supplied_public_roster_evidence,user_supplied_public_roster_reconciliation_2026-09-27,user_identified_public_roster_evidence; exact_item_reference_pending,AFC Champions League Elite 2026/27;CSL 2026;CSL 2026 second-window,Listed in 2026-07-23 CSL second-window and 2026-09-13 AFC registers,,,Midfielder,guoan_acl_roster_transcription_2026-09-13,M,10,observed_current_season_sample,118,0,Chinese Super League,2026-07-26,15552587,"Membership follows public roster/registration evidence supplied by the user; exact item-level source references are not yet attached in this workspace, and exact membership interval dates remain unrecorded where unknown."
2026-09-27,pre_gate_operational_snapshot,sofascore:343673,343673,matched_to_sofascore_player_id,法比奥,Fabio Abreu,Beijing Guoan,first_team_squad,user_supplied_public_roster_evidence,user_supplied_public_roster_reconciliation_2026-09-27,user_identified_public_roster_evidence; exact_item_reference_pending,AFC Champions League Elite 2026/27;CSL 2026;CSL 2026 second-window,Listed in 2026-07-23 CSL second-window and 2026-09-13 AFC registers,,,Forward,guoan_acl_roster_transcription_2026-09-13,F,22,observed_current_season_sample,1760,20,AFC Champions League Elite;Chinese Super League,2026-09-15,16863671,"Membership follows public roster/registration evidence supplied by the user; exact item-level source references are not yet attached in this workspace, and exact membership interval dates remain unrecorded where unknown."
2026-09-27,pre_gate_operational_snapshot,sofascore:77758,77758,matched_to_sofascore_player_id,王刚,Gang Wang,Beijing Guoan,first_team_squad,user_supplied_public_roster_evidence,user_supplied_public_roster_reconciliation_2026-09-27,user_identified_public_roster_evidence; exact_item_reference_pending,AFC Champions League Elite 2026/27;CSL 2026;CSL 2026 second-window,Listed in 2026-07-23 CSL second-window and 2026-09-13 AFC registers,,,Defender,guoan_acl_roster_transcription_2026-09-13,D,21,observed_current_season_sample,1550,19,AFC Champions League Elite;Chinese Super League,2026-09-15,16863671,"Membership follows public roster/registration evidence supplied by the user; exact item-level source references are not yet attached in this workspace, and exact membership interval dates remain unrecorded where unknown."
2026-09-27,pre_gate_operational_snapshot,roster_name_zh:王思泽,,no_current_season_stats_row_or_provider_id,王思泽,,Beijing Guoan,first_team_squad,user_supplied_public_roster_evidence,user_supplied_public_roster_reconciliation_2026-09-27,user_identified_public_roster_evidence; exact_item_reference_pending,AFC Champions League Elite 2026/27;CSL 2026;CSL 2026 second-window,Listed in 2026-07-23 CSL second-window and 2026-09-13 AFC registers,,,Midfielder,guoan_acl_roster_transcription_2026-09-13,,0,no_current_season_appearance_sample,,0,,,,"Membership follows public roster/registration evidence supplied by the user; exact item-level source references are not yet attached in this workspace, and exact membership interval dates remain unrecorded where unknown."
2026-09-27,pre_gate_operational_snapshot,sofascore:1130184,1130184,matched_to_sofascore_player_id,王禹,Wang Yu,Beijing Guoan,first_team_squad,user_supplied_public_roster_evidence,user_supplied_public_roster_reconciliation_2026-09-27,user_identified_public_roster_evidence; exact_item_reference_pending,AFC Champions League Elite 2026/27;CSL 2026;CSL 2026 second-window,Listed in 2026-07-23 CSL second-window and 2026-09-13 AFC registers,,,Midfielder,guoan_acl_roster_transcription_2026-09-13,M,6,observed_current_season_sample,150,1,AFC Champions League Elite;Chinese Super League,2026-09-15,16863671,"Membership follows public roster/registration evidence supplied by the user; exact item-level source references are not yet attached in this workspace, and exact membership interval dates remain unrecorded where unknown."
2026-09-27,pre_gate_operational_snapshot,sofascore:2487614,2487614,matched_to_sofascore_player_id,程熙,Cheng Xi,Beijing Guoan,first_team_squad,user_supplied_public_roster_evidence,user_supplied_public_roster_reconciliation_2026-09-27,user_identified_public_roster_evidence; exact_item_reference_pending,AFC Champions League Elite 2026/27;CSL 2026;CSL 2026 second-window,Listed in 2026-07-23 CSL second-window and 2026-09-13 AFC registers,,,Midfielder,guoan_acl_roster_transcription_2026-09-13,M,1,observed_current_season_sample,9,0,Chinese Super League,2026-09-05,15552633,"Membership follows public roster/registration evidence supplied by the user; exact item-level source references are not yet attached in this workspace, and exact membership interval dates remain unrecorded where unknown."
2026-09-27,pre_gate_operational_snapshot,roster_name_zh:罗子祥,,no_current_season_stats_row_or_provider_id,罗子祥,,Beijing Guoan,first_team_squad,user_supplied_public_roster_evidence,user_supplied_public_roster_reconciliation_2026-09-27,user_identified_public_roster_evidence; exact_item_reference_pending,AFC Champions League Elite 2026/27;CSL 2026 second-window,Listed in 2026-07-23 CSL second-window and 2026-09-13 AFC registers,,,Defender,guoan_acl_roster_transcription_2026-09-13,,0,no_current_season_appearance_sample,,0,,,,"Membership follows public roster/registration evidence supplied by the user; exact item-level source references are not yet attached in this workspace, and exact membership interval dates remain unrecorded where unknown."
2026-09-27,pre_gate_operational_snapshot,sofascore:1886700,1886700,matched_to_sofascore_player_id,范双杰,Shuangjie Fan,Beijing Guoan,first_team_squad,user_supplied_public_roster_evidence,user_supplied_public_roster_reconciliation_2026-09-27,user_identified_public_roster_evidence; exact_item_reference_pending,AFC Champions League Elite 2026/27;CSL 2026;CSL 2026 second-window,Listed in 2026-07-23 CSL second-window and 2026-09-13 AFC registers,,,Defender,guoan_acl_roster_transcription_2026-09-13,D,3,observed_current_season_sample,64,0,Chinese Super League,2026-08-15,15552613,"Membership follows public roster/registration evidence supplied by the user; exact item-level source references are not yet attached in this workspace, and exact membership interval dates remain unrecorded where unknown."
2026-09-27,pre_gate_operational_snapshot,sofascore:967088,967088,matched_to_sofascore_player_id,茹子楠,Tze-Nam Yue,Beijing Guoan,first_team_squad,user_supplied_public_roster_evidence,user_supplied_public_roster_reconciliation_2026-09-27,user_identified_public_roster_evidence; exact_item_reference_pending,AFC Champions League Elite 2026/27;CSL 2026;CSL 2026 second-window,Listed in 2026-07-23 CSL second-window and 2026-09-13 AFC registers,,,Defender,guoan_acl_roster_transcription_2026-09-13,D;M,18,observed_current_season_sample,1215,15,AFC Champions League Elite;Chinese Super League,2026-09-15,16863671,"Membership follows public roster/registration evidence supplied by the user; exact item-level source references are not yet attached in this workspace, and exact membership interval dates remain unrecorded where unknown."
2026-09-27,pre_gate_operational_snapshot,sofascore:2664502,2664502,matched_to_sofascore_player_id,蒋子承,Zicheng Jiang,Beijing Guoan,first_team_squad,user_supplied_public_roster_evidence,user_supplied_public_roster_reconciliation_2026-09-27,user_identified_public_roster_evidence; exact_item_reference_pending,AFC Champions League Elite 2026/27;CSL 2026 second-window,Listed in 2026-07-23 CSL second-window and 2026-09-13 AFC registers,,,Forward,guoan_acl_roster_transcription_2026-09-13,F,1,observed_current_season_sample,12,0,Chinese Super League,2026-08-07,15552600,"Membership follows public roster/registration evidence supplied by the user; exact item-level source references are not yet attached in this workspace, and exact membership interval dates remain unrecorded where unknown."
2026-09-27,pre_gate_operational_snapshot,sofascore:1121219,1121219,matched_to_sofascore_player_id,贾非凡,Feifan Jia,Beijing Guoan,first_team_squad,user_supplied_public_roster_evidence,user_supplied_public_roster_reconciliation_2026-09-27,user_identified_public_roster_evidence; exact_item_reference_pending,CSL 2026;CSL 2026 second-window,CSL only,,,Midfielder,guoan_csl_roster_second_window_2026-07-23,D;M,10,observed_current_season_sample,246,2,Chinese Super League,2026-09-05,15552633,"Membership follows public roster/registration evidence supplied by the user; exact item-level source references are not yet attached in this workspace, and exact membership interval dates remain unrecorded where unknown."
2026-09-27,pre_gate_operational_snapshot,sofascore:926823,926823,matched_to_sofascore_player_id,达万,Dawhan,Beijing Guoan,first_team_squad,user_supplied_public_roster_evidence,user_supplied_public_roster_reconciliation_2026-09-27,user_identified_public_roster_evidence; exact_item_reference_pending,AFC Champions League Elite 2026/27;CSL 2026;CSL 2026 second-window,Listed in 2026-07-23 CSL second-window and 2026-09-13 AFC registers,,,Midfielder,guoan_acl_roster_transcription_2026-09-13,D;M,20,observed_current_season_sample,1746,20,AFC Champions League Elite;Chinese Super League,2026-09-15,16863671,"Membership follows public roster/registration evidence supplied by the user; exact item-level source references are not yet attached in this workspace, and exact membership interval dates remain unrecorded where unknown."
2026-09-27,pre_gate_operational_snapshot,sofascore:2443057,2443057,matched_to_sofascore_player_id,邓捷夫,Deng Jiefu,Beijing Guoan,first_team_squad,user_supplied_public_roster_evidence,user_supplied_public_roster_reconciliation_2026-09-27,user_identified_public_roster_evidence; exact_item_reference_pending,AFC Champions League Elite 2026/27;CSL 2026;CSL 2026 second-window,Listed in 2026-07-23 CSL second-window and 2026-09-13 AFC registers,,,Defender,guoan_acl_roster_transcription_2026-09-13,D;M,20,observed_current_season_sample,828,10,AFC Champions League Elite;Chinese Super League,2026-09-15,16863671,"Membership follows public roster/registration evidence supplied by the user; exact item-level source references are not yet attached in this workspace, and exact membership interval dates remain unrecorded where unknown."
2026-09-27,pre_gate_operational_snapshot,sofascore:920987,920987,matched_to_sofascore_player_id,阿不都海米提,Abdugheni Abduhamit,Beijing Guoan,first_team_squad,user_supplied_public_roster_evidence,user_supplied_public_roster_reconciliation_2026-09-27,user_identified_public_roster_evidence; exact_item_reference_pending,AFC Champions League Elite 2026/27;CSL 2026;CSL 2026 second-window,Listed in 2026-07-23 CSL second-window and 2026-09-13 AFC registers,,,Defender,guoan_acl_roster_transcription_2026-09-13,D,17,observed_current_season_sample,1034,10,AFC Champions League Elite;Chinese Super League,2026-09-15,16863671,"Membership follows public roster/registration evidence supplied by the user; exact item-level source references are not yet attached in this workspace, and exact membership interval dates remain unrecorded where unknown."
2026-09-27,pre_gate_operational_snapshot,sofascore:553488,553488,matched_to_sofascore_player_id,阿科洛,Chadrac Akolo,Beijing Guoan,first_team_squad,user_supplied_public_roster_evidence,user_supplied_public_roster_reconciliation_2026-09-27,user_identified_public_roster_evidence; exact_item_reference_pending,AFC Champions League Elite 2026/27,AFC only,,,Forward,guoan_acl_roster_transcription_2026-09-13,F,1,observed_current_season_sample,34,1,AFC Champions League Elite,2026-09-15,16863671,"Membership follows public roster/registration evidence supplied by the user; exact item-level source references are not yet attached in this workspace, and exact membership interval dates remain unrecorded where unknown."
2026-09-27,pre_gate_operational_snapshot,roster_name_zh:陈康悦,,no_current_season_stats_row_or_provider_id,陈康悦,,Beijing Guoan,first_team_squad,user_supplied_public_roster_evidence,user_supplied_public_roster_reconciliation_2026-09-27,user_identified_public_roster_evidence; exact_item_reference_pending,AFC Champions League Elite 2026/27;CSL 2026 second-window,Listed in 2026-07-23 CSL second-window and 2026-09-13 AFC registers,,,Midfielder,guoan_acl_roster_transcription_2026-09-13,,0,no_current_season_appearance_sample,,0,,,,"Membership follows public roster/registration evidence supplied by the user; exact item-level source references are not yet attached in this workspace, and exact membership interval dates remain unrecorded where unknown."
2026-09-27,pre_gate_operational_snapshot,roster_name_zh:韩佳奇,,no_current_season_stats_row_or_provider_id,韩佳奇,,Beijing Guoan,first_team_squad,user_supplied_public_roster_evidence,user_supplied_public_roster_reconciliation_2026-09-27,user_identified_public_roster_evidence; exact_item_reference_pending,AFC Champions League Elite 2026/27;CSL 2026;CSL 2026 second-window,Listed in 2026-07-23 CSL second-window and 2026-09-13 AFC registers,,,Goalkeeper,guoan_acl_roster_transcription_2026-09-13,,0,no_current_season_appearance_sample,,0,,,,"Membership follows public roster/registration evidence supplied by the user; exact item-level source references are not yet attached in this workspace, and exact membership interval dates remain unrecorded where unknown."
