decision_date,analysis_status,player_key,player_id,player_name_zh,decision_date_first_team_member,membership_status_as_of_decision_date,membership_status_source_tier,membership_status_source,membership_status_note,membership_transition_effective_date,valid_from,valid_to,user_reported_status_detail,user_reported_registration_detail,user_reported_availability_detail,nominal_position,observed_position_groups,season_usage_position_group,season_usage_position_basis,public_verification_status,c2_discussion_member,user_listed_group,user_reported_current_role,csl_stats_table_rows,csl_positive_minute_matches,csl_displayed_minutes_sum,csl_source_supported_starts,acl_stats_table_rows,acl_positive_minute_matches,acl_displayed_minutes_sum,acl_source_supported_starts,all_competitions_stats_table_rows,all_competitions_positive_minute_matches,all_competitions_displayed_minutes_sum,all_competitions_source_supported_starts,match_rows_with_unknown_started_status,stats_sample_status,latest_positive_minutes_match_date,interpretation
2026-09-27,pre_gate_operational_snapshot,sofascore:977985,977985,何宇鹏,true,user_authoritative_first_team,user_direct_authoritative,user_authoritative_roster_2026-09-30,User-designated authoritative roster; no external cross-verification required. ,,,,Included in user-designated formal roster,2026 CSL first-team registration; absent from September AFC roster,"Season-ending injury, user-supplied public evidence",Defender,D;M,Defender,registration_nominal_position,user_direct_authoritative; external_cross_verification_not_required,true,Defender,,3,3,112,2,0,0,0,0,3,3,112,2,0,observed_current_season_sample,2026-07-17,"Season usage is counted for all 45 candidates with Guoan identity evidence, including players outside the decision-date first-team cohort; no row is not evidence of non-selection or non-availability."
2026-09-27,pre_gate_operational_snapshot,sofascore:793878,793878,侯森,true,user_authoritative_first_team,user_direct_authoritative,user_authoritative_roster_2026-09-30,User-designated authoritative roster; no external cross-verification required. ,,,,Included in user-designated formal roster,Listed in 2026-07-23 CSL second-window and 2026-09-13 AFC registers,,Goalkeeper,G,Goalkeeper,registration_nominal_position,user_direct_authoritative; external_cross_verification_not_required,true,Goalkeeper,,23,23,2070,23,1,1,90,1,24,24,2160,24,0,observed_current_season_sample,2026-09-15,"Season usage is counted for all 45 candidates with Guoan identity evidence, including players outside the decision-date first-team cohort; no row is not evidence of non-selection or non-availability."
2026-09-27,pre_gate_operational_snapshot,sofascore:863642,863642,冯博轩,false,user_authoritative_outside_first_team,user_direct_authoritative,user_authoritative_roster_2026-09-30,User-designated authoritative roster; no external cross-verification required. 转出大连英博,2026-07-03,,,转出大连英博,,,,D,Defender,observed_match_position_group_fallback,user_direct_authoritative; external_cross_verification_not_required,false,,,2,2,45,0,0,0,0,0,2,2,45,0,0,observed_current_season_sample,2026-05-02,"Season usage is counted for all 45 candidates with Guoan identity evidence, including players outside the decision-date first-team cohort; no row is not evidence of non-selection or non-availability."
2026-09-27,pre_gate_operational_snapshot,roster_name_zh:刘俊泽,,刘俊泽,true,user_authoritative_first_team,user_direct_authoritative,user_authoritative_roster_2026-09-30,User-designated authoritative roster; no external cross-verification required. U20本赛季未出场；不计入C2讨论,,,,Included in user-designated formal roster,Listed in 2026-07-23 CSL second-window and 2026-09-13 AFC registers,U20本赛季未出场；不计入C2讨论,Midfielder,,Midfielder,registration_nominal_position,user_direct_authoritative; external_cross_verification_not_required,false,Midfielder,,0,0,0,0,0,0,0,0,0,0,0,0,0,no_current_season_appearance_sample,,"Season usage is counted for all 45 candidates with Guoan identity evidence, including players outside the decision-date first-team cohort; no row is not evidence of non-selection or non-availability."
2026-09-27,pre_gate_operational_snapshot,roster_name_zh:刘邵子洋,,刘邵子洋,true,user_authoritative_first_team,user_direct_authoritative,user_authoritative_roster_2026-09-30,User-designated authoritative roster; no external cross-verification required. ,,,,Included in user-designated formal roster,Listed in 2026-07-23 CSL second-window and 2026-09-13 AFC registers,,Goalkeeper,,Goalkeeper,registration_nominal_position,user_direct_authoritative; external_cross_verification_not_required,true,Goalkeeper,,0,0,0,0,0,0,0,0,0,0,0,0,0,no_current_season_appearance_sample,,"Season usage is counted for all 45 candidates with Guoan identity evidence, including players outside the decision-date first-team cohort; no row is not evidence of non-selection or non-availability."
2026-09-27,pre_gate_operational_snapshot,roster_name_zh:努尔艾力·阿巴斯,,努尔艾力·阿巴斯,true,user_authoritative_first_team,user_direct_authoritative,user_authoritative_roster_2026-09-30,User-designated authoritative roster; no external cross-verification required. ,,,,Included in user-designated formal roster,First-team registered,,Goalkeeper,,Goalkeeper,registration_nominal_position,user_direct_authoritative; external_cross_verification_not_required,true,Goalkeeper,,0,0,0,0,0,0,0,0,0,0,0,0,0,no_current_season_appearance_sample,,"Season usage is counted for all 45 candidates with Guoan identity evidence, including players outside the decision-date first-team cohort; no row is not evidence of non-selection or non-availability."
2026-09-27,pre_gate_operational_snapshot,roster_name_zh:卢彤鋆,,卢彤鋆,true,user_authoritative_first_team,user_direct_authoritative,user_authoritative_roster_2026-09-30,User-designated authoritative roster; no external cross-verification required. U20本赛季未出场；不计入C2讨论,,,,Included in user-designated formal roster,First-team registered,U20本赛季未出场；不计入C2讨论,Goalkeeper,,Goalkeeper,registration_nominal_position,user_direct_authoritative; external_cross_verification_not_required,false,Goalkeeper,,0,0,0,0,0,0,0,0,0,0,0,0,0,no_current_season_appearance_sample,,"Season usage is counted for all 45 candidates with Guoan identity evidence, including players outside the decision-date first-team cohort; no row is not evidence of non-selection or non-availability."
2026-09-27,pre_gate_operational_snapshot,roster_name_zh:吴少聪,,吴少聪,true,user_authoritative_first_team,user_direct_authoritative,user_authoritative_roster_2026-09-30,User-designated authoritative roster; no external cross-verification required. 赛季报销；本赛季0出场,,,,Included in user-designated formal roster,2026 CSL first-team registration; absent from September AFC roster,赛季报销；本赛季0出场,Defender,,Defender,registration_nominal_position,user_direct_authoritative; external_cross_verification_not_required,true,Defender,,0,0,0,0,0,0,0,0,0,0,0,0,0,no_current_season_appearance_sample,,"Season usage is counted for all 45 candidates with Guoan identity evidence, including players outside the decision-date first-team cohort; no row is not evidence of non-selection or non-availability."
2026-09-27,pre_gate_operational_snapshot,sofascore:843735,843735,塞尔吉尼奥,true,user_authoritative_first_team,user_direct_authoritative,user_authoritative_roster_2026-09-30,User-designated authoritative roster; no external cross-verification required. ,,,,Included in user-designated formal roster,Listed in 2026-07-23 CSL second-window and 2026-09-13 AFC registers,,Midfielder,F;M,Midfielder,registration_nominal_position,user_direct_authoritative; external_cross_verification_not_required,true,Midfielder,,23,23,1872,20,1,1,90,1,24,24,1962,21,0,observed_current_season_sample,2026-09-15,"Season usage is counted for all 45 candidates with Guoan identity evidence, including players outside the decision-date first-team cohort; no row is not evidence of non-selection or non-availability."
2026-09-27,pre_gate_operational_snapshot,roster_name_zh:夏晓雨,,夏晓雨,true,user_authoritative_first_team,user_direct_authoritative,user_authoritative_roster_2026-09-30,User-designated authoritative roster; no external cross-verification required. U20本赛季未出场；不计入C2讨论,,,,Included in user-designated formal roster,Listed in 2026-07-23 CSL second-window and 2026-09-13 AFC registers,U20本赛季未出场；不计入C2讨论,Midfielder,,Midfielder,registration_nominal_position,user_direct_authoritative; external_cross_verification_not_required,false,Midfielder,,0,0,0,0,0,0,0,0,0,0,0,0,0,no_current_season_appearance_sample,,"Season usage is counted for all 45 candidates with Guoan identity evidence, including players outside the decision-date first-team cohort; no row is not evidence of non-selection or non-availability."
2026-09-27,pre_gate_operational_snapshot,sofascore:979120,979120,孔特,true,user_authoritative_first_team,user_direct_authoritative,user_authoritative_roster_2026-09-30,User-designated authoritative roster; no external cross-verification required. ,,,,Included in user-designated formal roster,Listed in 2026-07-23 CSL second-window and 2026-09-13 AFC registers,,Midfielder,F;M,Midfielder,registration_nominal_position,user_direct_authoritative; external_cross_verification_not_required,true,Midfielder,,22,22,1978,22,0,0,0,0,22,22,1978,22,0,observed_current_season_sample,2026-08-15,"Season usage is counted for all 45 candidates with Guoan identity evidence, including players outside the decision-date first-team cohort; no row is not evidence of non-selection or non-availability."
2026-09-27,pre_gate_operational_snapshot,sofascore:991528,991528,张健智,false,user_authoritative_outside_first_team,user_direct_authoritative,user_authoritative_roster_2026-09-30,User-designated authoritative roster; no external cross-verification required. 租借中甲广西恒宸；具体日期未提供,,,,租借中甲广西恒宸；具体日期未提供,,,,G,Goalkeeper,observed_match_position_group_fallback,user_direct_authoritative; external_cross_verification_not_required,false,,,3,3,270,3,0,0,0,0,3,3,270,3,0,observed_current_season_sample,2026-04-04,"Season usage is counted for all 45 candidates with Guoan identity evidence, including players outside the decision-date first-team cohort; no row is not evidence of non-selection or non-availability."
2026-09-27,pre_gate_operational_snapshot,roster_name_zh:张昊冉,,张昊冉,true,user_authoritative_first_team,user_direct_authoritative,user_authoritative_roster_2026-09-30,User-designated authoritative roster; no external cross-verification required. U20本赛季未出场；不计入C2讨论,,,,Included in user-designated formal roster,Listed in 2026-07-23 CSL second-window and 2026-09-13 AFC registers,U20本赛季未出场；不计入C2讨论,Midfielder,,Midfielder,registration_nominal_position,user_direct_authoritative; external_cross_verification_not_required,false,Midfielder,,0,0,0,0,0,0,0,0,0,0,0,0,0,no_current_season_appearance_sample,,"Season usage is counted for all 45 candidates with Guoan identity evidence, including players outside the decision-date first-team cohort; no row is not evidence of non-selection or non-availability."
2026-09-27,pre_gate_operational_snapshot,sofascore:828227,828227,张玉宁,true,user_authoritative_first_team,user_direct_authoritative,user_authoritative_roster_2026-09-30,User-designated authoritative roster; no external cross-verification required. ,,,,Included in user-designated formal roster,Listed in 2026-07-23 CSL second-window and 2026-09-13 AFC registers,,Forward,F,Forward,registration_nominal_position,user_direct_authoritative; external_cross_verification_not_required,true,Forward,,25,25,1939,24,0,0,0,0,25,25,1939,24,0,observed_current_season_sample,2026-09-05,"Season usage is counted for all 45 candidates with Guoan identity evidence, including players outside the decision-date first-team cohort; no row is not evidence of non-selection or non-availability."
2026-09-27,pre_gate_operational_snapshot,sofascore:231992,231992,张稀哲,true,user_authoritative_first_team,user_direct_authoritative,user_authoritative_roster_2026-09-30,User-designated authoritative roster; no external cross-verification required. ,,,,Included in user-designated formal roster,Listed in 2026-07-23 CSL second-window and 2026-09-13 AFC registers,,Midfielder,F;M,Midfielder,registration_nominal_position,user_direct_authoritative; external_cross_verification_not_required,true,Midfielder,,23,23,1103,13,1,1,68,1,24,24,1171,14,0,observed_current_season_sample,2026-09-15,"Season usage is counted for all 45 candidates with Guoan identity evidence, including players outside the decision-date first-team cohort; no row is not evidence of non-selection or non-availability."
2026-09-27,pre_gate_operational_snapshot,sofascore:837300,837300,恩科洛洛,true,user_authoritative_first_team,user_direct_authoritative,user_authoritative_roster_2026-09-30,User-designated authoritative roster; no external cross-verification required. 上半赛季报名；夏窗撤销,,,,Included in user-designated formal roster,上半赛季报名；夏窗撤销,,Midfielder,F;M,Midfielder,registration_nominal_position,user_direct_authoritative; external_cross_verification_not_required,true,Forward,,9,9,681,8,1,1,82,1,10,10,763,9,0,observed_current_season_sample,2026-09-15,"Season usage is counted for all 45 candidates with Guoan identity evidence, including players outside the decision-date first-team cohort; no row is not evidence of non-selection or non-availability."
2026-09-27,pre_gate_operational_snapshot,sofascore:827192,827192,拉莫斯,true,user_authoritative_first_team,user_direct_authoritative,user_authoritative_roster_2026-09-30,User-designated authoritative roster; no external cross-verification required. ,,,,Included in user-designated formal roster,Listed in 2026-07-23 CSL second-window and 2026-09-13 AFC registers,,Defender,D,Defender,registration_nominal_position,user_direct_authoritative; external_cross_verification_not_required,true,Defender,,24,24,2082,24,1,1,90,1,25,25,2172,25,0,observed_current_season_sample,2026-09-15,"Season usage is counted for all 45 candidates with Guoan identity evidence, including players outside the decision-date first-team cohort; no row is not evidence of non-selection or non-availability."
2026-09-27,pre_gate_operational_snapshot,sofascore:111752,111752,斯帕伊奇,true,user_authoritative_first_team,user_direct_authoritative,user_authoritative_roster_2026-09-30,User-designated authoritative roster; no external cross-verification required. 夏窗补充报名；替换恩科洛洛,,,,Included in user-designated formal roster,夏窗补充报名；替换恩科洛洛,,Defender,D,Defender,registration_nominal_position,user_direct_authoritative; external_cross_verification_not_required,true,Defender,,2,2,114,2,0,0,0,0,2,2,114,2,0,observed_current_season_sample,2026-08-01,"Season usage is counted for all 45 candidates with Guoan identity evidence, including players outside the decision-date first-team cohort; no row is not evidence of non-selection or non-availability."
2026-09-27,pre_gate_operational_snapshot,sofascore:817886,817886,曹永竞,true,user_authoritative_first_team,user_direct_authoritative,user_authoritative_roster_2026-09-30,User-designated authoritative roster; no external cross-verification required. ,,,,Included in user-designated formal roster,Listed in 2026-07-23 CSL second-window and 2026-09-13 AFC registers,,Midfielder,M,Midfielder,registration_nominal_position,user_direct_authoritative; external_cross_verification_not_required,true,Midfielder,,24,24,1185,11,0,0,0,0,24,24,1185,11,0,observed_current_season_sample,2026-09-05,"Season usage is counted for all 45 candidates with Guoan identity evidence, including players outside the decision-date first-team cohort; no row is not evidence of non-selection or non-availability."
2026-09-27,pre_gate_operational_snapshot,sofascore:791491,791491,李磊,true,user_authoritative_first_team,user_direct_authoritative,user_authoritative_roster_2026-09-30,User-designated authoritative roster; no external cross-verification required. ,,,,Included in user-designated formal roster,Listed in 2026-07-23 CSL second-window and 2026-09-13 AFC registers,,Defender,D;M,Defender,registration_nominal_position,user_direct_authoritative; external_cross_verification_not_required,true,Defender,,14,14,503,3,1,1,22,0,15,15,525,3,0,observed_current_season_sample,2026-09-15,"Season usage is counted for all 45 candidates with Guoan identity evidence, including players outside the decision-date first-team cohort; no row is not evidence of non-selection or non-availability."
2026-09-27,pre_gate_operational_snapshot,sofascore:187187,187187,杜齐亚克,true,user_authoritative_first_team,user_direct_authoritative,user_authoritative_roster_2026-09-30,User-designated authoritative roster; no external cross-verification required. 亚冠专属,,,,Included in user-designated formal roster,亚冠专属,,Midfielder,M,Midfielder,registration_nominal_position,user_direct_authoritative; external_cross_verification_not_required,true,Midfielder,,0,0,0,0,1,1,82,1,1,1,82,1,0,observed_current_season_sample,2026-09-15,"Season usage is counted for all 45 candidates with Guoan identity evidence, including players outside the decision-date first-team cohort; no row is not evidence of non-selection or non-availability."
2026-09-27,pre_gate_operational_snapshot,sofascore:872209,872209,杨立瑜,true,user_authoritative_first_team,user_direct_authoritative,user_authoritative_roster_2026-09-30,User-designated authoritative roster; no external cross-verification required. ,,,,Included in user-designated formal roster,Listed in 2026-07-23 CSL second-window and 2026-09-13 AFC registers,,Forward,F;M,Forward,registration_nominal_position,user_direct_authoritative; external_cross_verification_not_required,true,Forward,,9,9,457,5,1,1,56,0,10,10,513,5,0,observed_current_season_sample,2026-09-15,"Season usage is counted for all 45 candidates with Guoan identity evidence, including players outside the decision-date first-team cohort; no row is not evidence of non-selection or non-availability."
2026-09-27,pre_gate_operational_snapshot,roster_name_zh:林涵祺,,林涵祺,false,user_authoritative_outside_first_team,user_direct_authoritative,user_authoritative_roster_2026-09-30,User-designated authoritative roster; no external cross-verification required. 夏季转会窗下放U20；具体日期未提供,,,,夏季转会窗下放U20；具体日期未提供,,,,,Unknown,unknown,user_direct_authoritative; external_cross_verification_not_required,false,,,0,0,0,0,0,0,0,0,0,0,0,0,0,no_current_season_appearance_sample,,"Season usage is counted for all 45 candidates with Guoan identity evidence, including players outside the decision-date first-team cohort; no row is not evidence of non-selection or non-availability."
2026-09-27,pre_gate_operational_snapshot,sofascore:900549,900549,林良铭,true,user_authoritative_first_team,user_direct_authoritative,user_authoritative_roster_2026-09-30,User-designated authoritative roster; no external cross-verification required. ,,,,Included in user-designated formal roster,Listed in 2026-07-23 CSL second-window and 2026-09-13 AFC registers,,Forward,F;M,Forward,registration_nominal_position,user_direct_authoritative; external_cross_verification_not_required,true,Forward,实际踢左边前卫,17,17,989,11,0,0,0,0,17,17,989,11,0,observed_current_season_sample,2026-07-17,"Season usage is counted for all 45 candidates with Guoan identity evidence, including players outside the decision-date first-team cohort; no row is not evidence of non-selection or non-availability."
2026-09-27,pre_gate_operational_snapshot,sofascore:1113798,1113798,柏杨,true,user_authoritative_first_team,user_direct_authoritative,user_authoritative_roster_2026-09-30,User-designated authoritative roster; no external cross-verification required. 报名为中后卫,,,,Included in user-designated formal roster,报名为中后卫,,Defender,D,Defender,registration_nominal_position,user_direct_authoritative; external_cross_verification_not_required,true,Defender,实际踢左边后卫,23,23,1960,22,0,0,0,0,23,23,1960,22,0,observed_current_season_sample,2026-09-05,"Season usage is counted for all 45 candidates with Guoan identity evidence, including players outside the decision-date first-team cohort; no row is not evidence of non-selection or non-availability."
2026-09-27,pre_gate_operational_snapshot,sofascore:1115187,1115187,江文豪,false,user_authoritative_outside_first_team,user_direct_authoritative,user_authoritative_roster_2026-09-30,User-designated authoritative roster; no external cross-verification required. 租借陕西联合,2026-07-03,,,租借陕西联合,,,,D,Defender,observed_match_position_group_fallback,user_direct_authoritative; external_cross_verification_not_required,false,,,1,1,45,0,0,0,0,0,1,1,45,0,0,observed_current_season_sample,2026-04-04,"Season usage is counted for all 45 candidates with Guoan identity evidence, including players outside the decision-date first-team cohort; no row is not evidence of non-selection or non-availability."
2026-09-27,pre_gate_operational_snapshot,sofascore:797459,797459,池忠国,true,user_authoritative_first_team,user_direct_authoritative,user_authoritative_roster_2026-09-30,User-designated authoritative roster; no external cross-verification required. ,,,,Included in user-designated formal roster,Listed in 2026-07-23 CSL second-window and 2026-09-13 AFC registers,,Midfielder,M,Midfielder,registration_nominal_position,user_direct_authoritative; external_cross_verification_not_required,true,Midfielder,,10,10,118,0,0,0,0,0,10,10,118,0,0,observed_current_season_sample,2026-07-26,"Season usage is counted for all 45 candidates with Guoan identity evidence, including players outside the decision-date first-team cohort; no row is not evidence of non-selection or non-availability."
2026-09-27,pre_gate_operational_snapshot,sofascore:343673,343673,法比奥,true,user_authoritative_first_team,user_direct_authoritative,user_authoritative_roster_2026-09-30,User-designated authoritative roster; no external cross-verification required. ,,,,Included in user-designated formal roster,Listed in 2026-07-23 CSL second-window and 2026-09-13 AFC registers,,Forward,F,Forward,registration_nominal_position,user_direct_authoritative; external_cross_verification_not_required,true,Forward,,21,21,1752,20,1,1,8,0,22,22,1760,20,0,observed_current_season_sample,2026-09-15,"Season usage is counted for all 45 candidates with Guoan identity evidence, including players outside the decision-date first-team cohort; no row is not evidence of non-selection or non-availability."
2026-09-27,pre_gate_operational_snapshot,sofascore:77758,77758,王刚,true,user_authoritative_first_team,user_direct_authoritative,user_authoritative_roster_2026-09-30,User-designated authoritative roster; no external cross-verification required. ,,,,Included in user-designated formal roster,Listed in 2026-07-23 CSL second-window and 2026-09-13 AFC registers,,Defender,D,Defender,registration_nominal_position,user_direct_authoritative; external_cross_verification_not_required,true,Defender,,20,20,1482,18,1,1,68,1,21,21,1550,19,0,observed_current_season_sample,2026-09-15,"Season usage is counted for all 45 candidates with Guoan identity evidence, including players outside the decision-date first-team cohort; no row is not evidence of non-selection or non-availability."
2026-09-27,pre_gate_operational_snapshot,roster_name_zh:王思泽,,王思泽,true,user_authoritative_first_team,user_direct_authoritative,user_authoritative_roster_2026-09-30,User-designated authoritative roster; no external cross-verification required. U20本赛季未出场；不计入C2讨论,,,,Included in user-designated formal roster,Listed in 2026-07-23 CSL second-window and 2026-09-13 AFC registers,U20本赛季未出场；不计入C2讨论,Midfielder,,Midfielder,registration_nominal_position,user_direct_authoritative; external_cross_verification_not_required,false,Midfielder,,0,0,0,0,0,0,0,0,0,0,0,0,0,no_current_season_appearance_sample,,"Season usage is counted for all 45 candidates with Guoan identity evidence, including players outside the decision-date first-team cohort; no row is not evidence of non-selection or non-availability."
2026-09-27,pre_gate_operational_snapshot,sofascore:1130184,1130184,王禹,true,user_authoritative_first_team,user_direct_authoritative,user_authoritative_roster_2026-09-30,User-designated authoritative roster; no external cross-verification required. ,,,,Included in user-designated formal roster,Listed in 2026-07-23 CSL second-window and 2026-09-13 AFC registers,,Midfielder,M,Midfielder,registration_nominal_position,user_direct_authoritative; external_cross_verification_not_required,true,Midfielder,,5,5,142,1,1,1,8,0,6,6,150,1,0,observed_current_season_sample,2026-09-15,"Season usage is counted for all 45 candidates with Guoan identity evidence, including players outside the decision-date first-team cohort; no row is not evidence of non-selection or non-availability."
2026-09-27,pre_gate_operational_snapshot,sofascore:2487614,2487614,程熙,true,user_authoritative_first_team,user_direct_authoritative,user_authoritative_roster_2026-09-30,User-designated authoritative roster; no external cross-verification required. ,,,,Included in user-designated formal roster,Listed in 2026-07-23 CSL second-window and 2026-09-13 AFC registers,,Midfielder,M,Midfielder,registration_nominal_position,user_direct_authoritative; external_cross_verification_not_required,true,Midfielder,,1,1,9,0,0,0,0,0,1,1,9,0,0,observed_current_season_sample,2026-09-05,"Season usage is counted for all 45 candidates with Guoan identity evidence, including players outside the decision-date first-team cohort; no row is not evidence of non-selection or non-availability."
2026-09-27,pre_gate_operational_snapshot,roster_name_zh:罗子祥,,罗子祥,true,user_authoritative_first_team,user_direct_authoritative,user_authoritative_roster_2026-09-30,User-designated authoritative roster; no external cross-verification required. U20本赛季未出场；不计入C2讨论,,,,Included in user-designated formal roster,Listed in 2026-07-23 CSL second-window and 2026-09-13 AFC registers,U20本赛季未出场；不计入C2讨论,Defender,,Defender,registration_nominal_position,user_direct_authoritative; external_cross_verification_not_required,false,Defender,,0,0,0,0,0,0,0,0,0,0,0,0,0,no_current_season_appearance_sample,,"Season usage is counted for all 45 candidates with Guoan identity evidence, including players outside the decision-date first-team cohort; no row is not evidence of non-selection or non-availability."
2026-09-27,pre_gate_operational_snapshot,sofascore:1886700,1886700,范双杰,true,user_authoritative_first_team,user_direct_authoritative,user_authoritative_roster_2026-09-30,User-designated authoritative roster; no external cross-verification required. ,,,,Included in user-designated formal roster,Listed in 2026-07-23 CSL second-window and 2026-09-13 AFC registers,,Defender,D,Defender,registration_nominal_position,user_direct_authoritative; external_cross_verification_not_required,true,Defender,,3,3,64,0,0,0,0,0,3,3,64,0,0,observed_current_season_sample,2026-08-15,"Season usage is counted for all 45 candidates with Guoan identity evidence, including players outside the decision-date first-team cohort; no row is not evidence of non-selection or non-availability."
2026-09-27,pre_gate_operational_snapshot,sofascore:967088,967088,茹子楠,true,user_authoritative_first_team,user_direct_authoritative,user_authoritative_roster_2026-09-30,User-designated authoritative roster; no external cross-verification required. ,,,,Included in user-designated formal roster,Listed in 2026-07-23 CSL second-window and 2026-09-13 AFC registers,,Defender,D;M,Defender,registration_nominal_position,user_direct_authoritative; external_cross_verification_not_required,true,Defender,,17,17,1125,14,1,1,90,1,18,18,1215,15,0,observed_current_season_sample,2026-09-15,"Season usage is counted for all 45 candidates with Guoan identity evidence, including players outside the decision-date first-team cohort; no row is not evidence of non-selection or non-availability."
2026-09-27,pre_gate_operational_snapshot,sofascore:2664502,2664502,蒋子承,true,user_authoritative_first_team,user_direct_authoritative,user_authoritative_roster_2026-09-30,User-designated authoritative roster; no external cross-verification required. ,,,,Included in user-designated formal roster,Listed in 2026-07-23 CSL second-window and 2026-09-13 AFC registers,,Forward,F,Forward,registration_nominal_position,user_direct_authoritative; external_cross_verification_not_required,true,Forward,,1,1,12,0,0,0,0,0,1,1,12,0,0,observed_current_season_sample,2026-08-07,"Season usage is counted for all 45 candidates with Guoan identity evidence, including players outside the decision-date first-team cohort; no row is not evidence of non-selection or non-availability."
2026-09-27,pre_gate_operational_snapshot,sofascore:1121219,1121219,贾非凡,true,user_authoritative_first_team,user_direct_authoritative,user_authoritative_roster_2026-09-30,User-designated authoritative roster; no external cross-verification required. ,,,,Included in user-designated formal roster,CSL only,,Midfielder,D;M,Midfielder,registration_nominal_position,user_direct_authoritative; external_cross_verification_not_required,true,Midfielder,,10,10,246,2,0,0,0,0,10,10,246,2,0,observed_current_season_sample,2026-09-05,"Season usage is counted for all 45 candidates with Guoan identity evidence, including players outside the decision-date first-team cohort; no row is not evidence of non-selection or non-availability."
2026-09-27,pre_gate_operational_snapshot,sofascore:926823,926823,达万,true,user_authoritative_first_team,user_direct_authoritative,user_authoritative_roster_2026-09-30,User-designated authoritative roster; no external cross-verification required. ,,,,Included in user-designated formal roster,Listed in 2026-07-23 CSL second-window and 2026-09-13 AFC registers,,Midfielder,D;M,Midfielder,registration_nominal_position,user_direct_authoritative; external_cross_verification_not_required,true,Midfielder,,19,19,1656,19,1,1,90,1,20,20,1746,20,0,observed_current_season_sample,2026-09-15,"Season usage is counted for all 45 candidates with Guoan identity evidence, including players outside the decision-date first-team cohort; no row is not evidence of non-selection or non-availability."
2026-09-27,pre_gate_operational_snapshot,sofascore:2443057,2443057,邓捷夫,true,user_authoritative_first_team,user_direct_authoritative,user_authoritative_roster_2026-09-30,User-designated authoritative roster; no external cross-verification required. ,,,,Included in user-designated formal roster,Listed in 2026-07-23 CSL second-window and 2026-09-13 AFC registers,,Defender,D;M,Defender,registration_nominal_position,user_direct_authoritative; external_cross_verification_not_required,true,Defender,近期主要踢左边前卫,19,19,738,9,1,1,90,1,20,20,828,10,0,observed_current_season_sample,2026-09-15,"Season usage is counted for all 45 candidates with Guoan identity evidence, including players outside the decision-date first-team cohort; no row is not evidence of non-selection or non-availability."
2026-09-27,pre_gate_operational_snapshot,sofascore:920987,920987,阿不都海米提,true,user_authoritative_first_team,user_direct_authoritative,user_authoritative_roster_2026-09-30,User-designated authoritative roster; no external cross-verification required. ,,,,Included in user-designated formal roster,Listed in 2026-07-23 CSL second-window and 2026-09-13 AFC registers,,Defender,D,Defender,registration_nominal_position,user_direct_authoritative; external_cross_verification_not_required,true,Defender,,16,16,1012,10,1,1,22,0,17,17,1034,10,0,observed_current_season_sample,2026-09-15,"Season usage is counted for all 45 candidates with Guoan identity evidence, including players outside the decision-date first-team cohort; no row is not evidence of non-selection or non-availability."
2026-09-27,pre_gate_operational_snapshot,sofascore:553488,553488,阿科洛,true,user_authoritative_first_team,user_direct_authoritative,user_authoritative_roster_2026-09-30,User-designated authoritative roster; no external cross-verification required. 亚冠专属,,,,Included in user-designated formal roster,亚冠专属,,Forward,F,Forward,registration_nominal_position,user_direct_authoritative; external_cross_verification_not_required,true,Forward,,0,0,0,0,1,1,34,1,1,1,34,1,0,observed_current_season_sample,2026-09-15,"Season usage is counted for all 45 candidates with Guoan identity evidence, including players outside the decision-date first-team cohort; no row is not evidence of non-selection or non-availability."
2026-09-27,pre_gate_operational_snapshot,roster_name_zh:陈康悦,,陈康悦,true,user_authoritative_first_team,user_direct_authoritative,user_authoritative_roster_2026-09-30,User-designated authoritative roster; no external cross-verification required. U20本赛季未出场；不计入C2讨论,,,,Included in user-designated formal roster,Listed in 2026-07-23 CSL second-window and 2026-09-13 AFC registers,U20本赛季未出场；不计入C2讨论,Midfielder,,Midfielder,registration_nominal_position,user_direct_authoritative; external_cross_verification_not_required,false,Midfielder,,0,0,0,0,0,0,0,0,0,0,0,0,0,no_current_season_appearance_sample,,"Season usage is counted for all 45 candidates with Guoan identity evidence, including players outside the decision-date first-team cohort; no row is not evidence of non-selection or non-availability."
2026-09-27,pre_gate_operational_snapshot,roster_name_zh:韩佳奇,,韩佳奇,true,user_authoritative_first_team,user_direct_authoritative,user_authoritative_roster_2026-09-30,User-designated authoritative roster; no external cross-verification required. ,,,,Included in user-designated formal roster,Listed in 2026-07-23 CSL second-window and 2026-09-13 AFC registers,,Goalkeeper,,Goalkeeper,registration_nominal_position,user_direct_authoritative; external_cross_verification_not_required,true,Goalkeeper,,0,0,0,0,0,0,0,0,0,0,0,0,0,no_current_season_appearance_sample,,"Season usage is counted for all 45 candidates with Guoan identity evidence, including players outside the decision-date first-team cohort; no row is not evidence of non-selection or non-availability."
2026-09-27,pre_gate_operational_snapshot,roster_name_zh:马名扬,,马名扬,false,user_authoritative_outside_first_team,user_direct_authoritative,user_authoritative_roster_2026-09-30,User-designated authoritative roster; no external cross-verification required. 夏季转会窗下放U20；具体日期未提供,,,,夏季转会窗下放U20；具体日期未提供,,,,,Unknown,unknown,user_direct_authoritative; external_cross_verification_not_required,false,,,0,0,0,0,0,0,0,0,0,0,0,0,0,no_current_season_appearance_sample,,"Season usage is counted for all 45 candidates with Guoan identity evidence, including players outside the decision-date first-team cohort; no row is not evidence of non-selection or non-availability."
2026-09-27,pre_gate_operational_snapshot,sofascore:2181862,2181862,魏家傲,false,user_authoritative_outside_first_team,user_direct_authoritative,user_authoritative_roster_2026-09-30,User-designated authoritative roster; no external cross-verification required. 租借北京理工,2026-07-03,,,租借北京理工,,,,M,Midfielder,observed_match_position_group_fallback,user_direct_authoritative; external_cross_verification_not_required,false,,,1,1,8,0,0,0,0,0,1,1,8,0,0,observed_current_season_sample,2026-03-08,"Season usage is counted for all 45 candidates with Guoan identity evidence, including players outside the decision-date first-team cohort; no row is not evidence of non-selection or non-availability."
