event_id,match_date,competition,player_id,player_name_provider,player_name_zh,formation,observed_role,role_granularity,role_evidence_source_ids,limitations
16863671,2026-09-15,AFC Champions League Elite,793878,Sen Hou,侯森,4-4-2,goalkeeper,formation_line_only,starting11_guoan_pohang_2026-09-15;fotmob_guoan_pohang_2026-09-15;sofascore_lineup_snapshot_16863671,Match-specific formation line only; exact left/right/central position is unresolved; do not generalize to other fixtures or season-long role.
16863671,2026-09-15,AFC Champions League Elite,967088,Tze-Nam Yue,茹子楠,4-4-2,defensive_line_member,formation_line_only,starting11_guoan_pohang_2026-09-15;fotmob_guoan_pohang_2026-09-15;sofascore_lineup_snapshot_16863671,Match-specific formation line only; exact left/right/central position is unresolved; do not generalize to other fixtures or season-long role.
16863671,2026-09-15,AFC Champions League Elite,77758,Gang Wang,王刚,4-4-2,defensive_line_member,formation_line_only,starting11_guoan_pohang_2026-09-15;fotmob_guoan_pohang_2026-09-15;sofascore_lineup_snapshot_16863671,Match-specific formation line only; exact left/right/central position is unresolved; do not generalize to other fixtures or season-long role.
16863671,2026-09-15,AFC Champions League Elite,827192,Guilherme Ramos,拉莫斯,4-4-2,defensive_line_member,formation_line_only,starting11_guoan_pohang_2026-09-15;fotmob_guoan_pohang_2026-09-15;sofascore_lineup_snapshot_16863671,Match-specific formation line only; exact left/right/central position is unresolved; do not generalize to other fixtures or season-long role.
16863671,2026-09-15,AFC Champions League Elite,2443057,Jiefu Deng,邓捷夫,4-4-2,defensive_line_member,formation_line_only,starting11_guoan_pohang_2026-09-15;fotmob_guoan_pohang_2026-09-15;sofascore_lineup_snapshot_16863671,Match-specific formation line only; exact left/right/central position is unresolved; do not generalize to other fixtures or season-long role.
16863671,2026-09-15,AFC Champions League Elite,187187,Jeremy Dudziak,杜齐亚克,4-4-2,midfield_line_member,formation_line_only,starting11_guoan_pohang_2026-09-15;fotmob_guoan_pohang_2026-09-15;sofascore_lineup_snapshot_16863671,Match-specific formation line only; exact left/right/central position is unresolved; do not generalize to other fixtures or season-long role.
16863671,2026-09-15,AFC Champions League Elite,926823,Dawhan,达万,4-4-2,midfield_line_member,formation_line_only,starting11_guoan_pohang_2026-09-15;fotmob_guoan_pohang_2026-09-15;sofascore_lineup_snapshot_16863671,Match-specific formation line only; exact left/right/central position is unresolved; do not generalize to other fixtures or season-long role.
16863671,2026-09-15,AFC Champions League Elite,843735,Sai Erjini'ao,塞尔吉尼奥,4-4-2,midfield_line_member,formation_line_only,starting11_guoan_pohang_2026-09-15;fotmob_guoan_pohang_2026-09-15;sofascore_lineup_snapshot_16863671,Match-specific formation line only; exact left/right/central position is unresolved; do not generalize to other fixtures or season-long role.
16863671,2026-09-15,AFC Champions League Elite,231992,Zhang Xizhe,张稀哲,4-4-2,midfield_line_member,formation_line_only,starting11_guoan_pohang_2026-09-15;fotmob_guoan_pohang_2026-09-15;sofascore_lineup_snapshot_16863671,Match-specific formation line only; exact left/right/central position is unresolved; do not generalize to other fixtures or season-long role.
16863671,2026-09-15,AFC Champions League Elite,837300,Béni Nkololo,恩科洛洛,4-4-2,forward_line_member,formation_line_only,starting11_guoan_pohang_2026-09-15;fotmob_guoan_pohang_2026-09-15;sofascore_lineup_snapshot_16863671,Match-specific formation line only; exact left/right/central position is unresolved; do not generalize to other fixtures or season-long role.
16863671,2026-09-15,AFC Champions League Elite,553488,Chadrac Akolo,阿科洛,4-4-2,forward_line_member,formation_line_only,starting11_guoan_pohang_2026-09-15;fotmob_guoan_pohang_2026-09-15;sofascore_lineup_snapshot_16863671,Match-specific formation line only; exact left/right/central position is unresolved; do not generalize to other fixtures or season-long role.
15552613,2026-08-15,Chinese Super League,343673,Fabio Abreu,法比奥,,forward_line_member,match_reported_position_group,cfl_official_starting_xi_15552613;beijing_youth_daily_tianjin_guoan_2026-08-15,"Match report's broad starting-XI groups only; exact formation is disputed across public sources; left/right/central positions and season-long roles are unresolved."
15552613,2026-08-15,Chinese Super League,843735,Sai Erjini'ao,塞尔吉尼奥,,midfield_line_member,match_reported_position_group,cfl_official_starting_xi_15552613;beijing_youth_daily_tianjin_guoan_2026-08-15,"Match report's broad starting-XI groups only; exact formation is disputed across public sources; left/right/central positions and season-long roles are unresolved."
15552613,2026-08-15,Chinese Super League,926823,Dawhan,达万,,midfield_line_member,match_reported_position_group,cfl_official_starting_xi_15552613;beijing_youth_daily_tianjin_guoan_2026-08-15,"Match report's broad starting-XI groups only; exact formation is disputed across public sources; left/right/central positions and season-long roles are unresolved."
15552613,2026-08-15,Chinese Super League,920987,Abdugheni Abduhamit,阿不都海米提,,defensive_line_member,match_reported_position_group,cfl_official_starting_xi_15552613;beijing_youth_daily_tianjin_guoan_2026-08-15,"Match report's broad starting-XI groups only; exact formation is disputed across public sources; left/right/central positions and season-long roles are unresolved."
15552613,2026-08-15,Chinese Super League,979120,Aboubacar Konte,孔特,,midfield_line_member,match_reported_position_group,cfl_official_starting_xi_15552613;beijing_youth_daily_tianjin_guoan_2026-08-15,"Match report's broad starting-XI groups only; exact formation is disputed across public sources; left/right/central positions and season-long roles are unresolved."
15552613,2026-08-15,Chinese Super League,793878,Hou Sen,侯森,,goalkeeper,match_reported_position_group,cfl_official_starting_xi_15552613;beijing_youth_daily_tianjin_guoan_2026-08-15,"Match report's broad starting-XI groups only; exact formation is disputed across public sources; left/right/central positions and season-long roles are unresolved."
15552613,2026-08-15,Chinese Super League,1113798,Yang Bai,柏杨,,defensive_line_member,match_reported_position_group,cfl_official_starting_xi_15552613;beijing_youth_daily_tianjin_guoan_2026-08-15,"Match report's broad starting-XI groups only; exact formation is disputed across public sources; left/right/central positions and season-long roles are unresolved."
15552613,2026-08-15,Chinese Super League,77758,Gang Wang,王刚,,defensive_line_member,match_reported_position_group,cfl_official_starting_xi_15552613;beijing_youth_daily_tianjin_guoan_2026-08-15,"Match report's broad starting-XI groups only; exact formation is disputed across public sources; left/right/central positions and season-long roles are unresolved."
15552613,2026-08-15,Chinese Super League,828227,Zhang Yuning,张玉宁,,forward_line_member,match_reported_position_group,cfl_official_starting_xi_15552613;beijing_youth_daily_tianjin_guoan_2026-08-15,"Match report's broad starting-XI groups only; exact formation is disputed across public sources; left/right/central positions and season-long roles are unresolved."
15552613,2026-08-15,Chinese Super League,967088,Tze-Nam Yue,茹子楠,,defensive_line_member,match_reported_position_group,cfl_official_starting_xi_15552613;beijing_youth_daily_tianjin_guoan_2026-08-15,"Match report's broad starting-XI groups only; exact formation is disputed across public sources; left/right/central positions and season-long roles are unresolved."
15552613,2026-08-15,Chinese Super League,2443057,Deng Jiefu,邓捷夫,,midfield_line_member,match_reported_position_group,cfl_official_starting_xi_15552613;beijing_youth_daily_tianjin_guoan_2026-08-15,"Match report's broad starting-XI groups only; exact formation is disputed across public sources; left/right/central positions and season-long roles are unresolved."
