player_id,player_name_zh,nominal_position,nominal_position_source,nominal_position_status,observed_position_groups,observed_position_source,observed_role,observed_role_status
977985,何宇鹏,Defender,guoan_csl_roster_second_window_2026-07-23,consistent_registration_position_group,D;M,Sofascore player-match General table Position field,,unknown_no_role_inferred_from_broad_G_D_M_F_group
793878,侯森,Goalkeeper,guoan_acl_roster_transcription_2026-09-13,consistent_registration_position_group,G,Sofascore player-match General table Position field,goalkeeper,match_specific_role_evidence_multiple_fixtures
863642,冯博轩,,,unknown_no_position_group_in_available_registration_sources,D,Sofascore player-match General table Position field,,unknown_no_role_inferred_from_broad_G_D_M_F_group
,刘俊泽,Midfielder,guoan_acl_roster_transcription_2026-09-13,consistent_registration_position_group,,,,unknown_no_role_inferred_from_broad_G_D_M_F_group
,刘邵子洋,Goalkeeper,guoan_acl_roster_transcription_2026-09-13,consistent_registration_position_group,,,,unknown_no_role_inferred_from_broad_G_D_M_F_group
,努尔艾力·阿巴斯,Goalkeeper,guoan_csl_roster_second_window_2026-07-23,consistent_registration_position_group,,,,unknown_no_role_inferred_from_broad_G_D_M_F_group
,卢彤鋆,Goalkeeper,guoan_acl_roster_transcription_2026-09-13,consistent_registration_position_group,,,,unknown_no_role_inferred_from_broad_G_D_M_F_group
,吴少聪,Defender,guoan_csl_roster_second_window_2026-07-23,consistent_registration_position_group,,,,unknown_no_role_inferred_from_broad_G_D_M_F_group
843735,塞尔吉尼奥,Midfielder,guoan_acl_roster_transcription_2026-09-13,consistent_registration_position_group,F;M,Sofascore player-match General table Position field,midfield_line_member,match_specific_role_evidence_multiple_fixtures
,夏晓雨,Midfielder,guoan_acl_roster_transcription_2026-09-13,consistent_registration_position_group,,,,unknown_no_role_inferred_from_broad_G_D_M_F_group
979120,孔特,Midfielder,guoan_acl_roster_transcription_2026-09-13,consistent_registration_position_group,F;M,Sofascore player-match General table Position field,midfield_line_member,match_specific_role_evidence_one_fixture
991528,张健智,,,unknown_no_position_group_in_available_registration_sources,G,Sofascore player-match General table Position field,,unknown_no_role_inferred_from_broad_G_D_M_F_group
,张昊冉,Midfielder,guoan_acl_roster_transcription_2026-09-13,consistent_registration_position_group,,,,unknown_no_role_inferred_from_broad_G_D_M_F_group
828227,张玉宁,Forward,guoan_acl_roster_transcription_2026-09-13,consistent_registration_position_group,F,Sofascore player-match General table Position field,forward_line_member,match_specific_role_evidence_one_fixture
231992,张稀哲,Midfielder,guoan_acl_roster_transcription_2026-09-13,consistent_registration_position_group,F;M,Sofascore player-match General table Position field,midfield_line_member,match_specific_role_evidence_one_fixture
837300,恩科洛洛,Midfielder,guoan_acl_roster_transcription_2026-09-13,consistent_registration_position_group,F;M,Sofascore player-match General table Position field,forward_line_member,match_specific_role_evidence_one_fixture
827192,拉莫斯,Defender,guoan_acl_roster_transcription_2026-09-13,consistent_registration_position_group,D,Sofascore player-match General table Position field,defensive_line_member,match_specific_role_evidence_one_fixture
111752,斯帕伊奇,Defender,guoan_acl_roster_transcription_2026-09-13,consistent_registration_position_group,D,Sofascore player-match General table Position field,,unknown_no_role_inferred_from_broad_G_D_M_F_group
817886,曹永竞,Midfielder,guoan_acl_roster_transcription_2026-09-13,consistent_registration_position_group,M,Sofascore player-match General table Position field,,unknown_no_role_inferred_from_broad_G_D_M_F_group
791491,李磊,Defender,guoan_acl_roster_transcription_2026-09-13,consistent_registration_position_group,D;M,Sofascore player-match General table Position field,,unknown_no_role_inferred_from_broad_G_D_M_F_group
187187,杜齐亚克,Midfielder,guoan_acl_roster_transcription_2026-09-13,consistent_registration_position_group,M,Sofascore player-match General table Position field,midfield_line_member,match_specific_role_evidence_one_fixture
872209,杨立瑜,Forward,guoan_acl_roster_transcription_2026-09-13,consistent_registration_position_group,F;M,Sofascore player-match General table Position field,,unknown_no_role_inferred_from_broad_G_D_M_F_group
,林涵祺,,,unknown_no_position_group_in_available_registration_sources,,,,unknown_no_role_inferred_from_broad_G_D_M_F_group
900549,林良铭,Forward,guoan_acl_roster_transcription_2026-09-13,consistent_registration_position_group,F;M,Sofascore player-match General table Position field,,unknown_no_role_inferred_from_broad_G_D_M_F_group
1113798,柏杨,Defender,guoan_acl_roster_transcription_2026-09-13,consistent_registration_position_group,D,Sofascore player-match General table Position field,defensive_line_member,match_specific_role_evidence_one_fixture
1115187,江文豪,,,unknown_no_position_group_in_available_registration_sources,D,Sofascore player-match General table Position field,,unknown_no_role_inferred_from_broad_G_D_M_F_group
797459,池忠国,Midfielder,guoan_acl_roster_transcription_2026-09-13,consistent_registration_position_group,M,Sofascore player-match General table Position field,,unknown_no_role_inferred_from_broad_G_D_M_F_group
343673,法比奥,Forward,guoan_acl_roster_transcription_2026-09-13,consistent_registration_position_group,F,Sofascore player-match General table Position field,forward_line_member,match_specific_role_evidence_one_fixture
77758,王刚,Defender,guoan_acl_roster_transcription_2026-09-13,consistent_registration_position_group,D,Sofascore player-match General table Position field,defensive_line_member,match_specific_role_evidence_multiple_fixtures
,王思泽,Midfielder,guoan_acl_roster_transcription_2026-09-13,consistent_registration_position_group,,,,unknown_no_role_inferred_from_broad_G_D_M_F_group
1130184,王禹,Midfielder,guoan_acl_roster_transcription_2026-09-13,consistent_registration_position_group,M,Sofascore player-match General table Position field,,unknown_no_role_inferred_from_broad_G_D_M_F_group
2487614,程熙,Midfielder,guoan_acl_roster_transcription_2026-09-13,consistent_registration_position_group,M,Sofascore player-match General table Position field,,unknown_no_role_inferred_from_broad_G_D_M_F_group
,罗子祥,Defender,guoan_acl_roster_transcription_2026-09-13,consistent_registration_position_group,,,,unknown_no_role_inferred_from_broad_G_D_M_F_group
1886700,范双杰,Defender,guoan_acl_roster_transcription_2026-09-13,consistent_registration_position_group,D,Sofascore player-match General table Position field,,unknown_no_role_inferred_from_broad_G_D_M_F_group
967088,茹子楠,Defender,guoan_acl_roster_transcription_2026-09-13,consistent_registration_position_group,D;M,Sofascore player-match General table Position field,defensive_line_member,match_specific_role_evidence_multiple_fixtures
2664502,蒋子承,Forward,guoan_acl_roster_transcription_2026-09-13,consistent_registration_position_group,F,Sofascore player-match General table Position field,,unknown_no_role_inferred_from_broad_G_D_M_F_group
1121219,贾非凡,Midfielder,guoan_csl_roster_second_window_2026-07-23,consistent_registration_position_group,D;M,Sofascore player-match General table Position field,,unknown_no_role_inferred_from_broad_G_D_M_F_group
926823,达万,Midfielder,guoan_acl_roster_transcription_2026-09-13,consistent_registration_position_group,D;M,Sofascore player-match General table Position field,midfield_line_member,match_specific_role_evidence_multiple_fixtures
2443057,邓捷夫,Defender,guoan_acl_roster_transcription_2026-09-13,consistent_registration_position_group,D;M,Sofascore player-match General table Position field,defensive_line_member;midfield_line_member,match_specific_role_evidence_multiple_fixtures
920987,阿不都海米提,Defender,guoan_acl_roster_transcription_2026-09-13,consistent_registration_position_group,D,Sofascore player-match General table Position field,defensive_line_member,match_specific_role_evidence_one_fixture
553488,阿科洛,Forward,guoan_acl_roster_transcription_2026-09-13,consistent_registration_position_group,F,Sofascore player-match General table Position field,forward_line_member,match_specific_role_evidence_one_fixture
,陈康悦,Midfielder,guoan_acl_roster_transcription_2026-09-13,consistent_registration_position_group,,,,unknown_no_role_inferred_from_broad_G_D_M_F_group
,韩佳奇,Goalkeeper,guoan_acl_roster_transcription_2026-09-13,consistent_registration_position_group,,,,unknown_no_role_inferred_from_broad_G_D_M_F_group
,马名扬,,,unknown_no_position_group_in_available_registration_sources,,,,unknown_no_role_inferred_from_broad_G_D_M_F_group
2181862,魏家傲,,,unknown_no_position_group_in_available_registration_sources,M,Sofascore player-match General table Position field,,unknown_no_role_inferred_from_broad_G_D_M_F_group
