player_id,player_name_zh,player_name_provider,registration_scopes,season_stats_appearances,season_minutes_sum_from_displayed_minutes,source_supported_starts_count_partial,appearance_rows_with_source_supported_start_status,appearance_rows_with_start_status_unknown,minutes_parseable_row_count,competitions_observed,latest_positive_minutes_match_date,latest_positive_minutes_event_id,latest_positive_minutes_competition,latest_positive_minutes_source_url,observed_position_groups,appearance_sample_status,interpretation,membership_status_as_of_decision_date
977985,何宇鹏,Yupeng He,CSL 2026;CSL 2026 second-window,3,112,2,3,0,3,Chinese Super League,2026-07-17,15552576,Chinese Super League,https://www.sofascore.com/football/match/liaoning-tieren-fc-beijing-guoan/BrbsPzNb#id:15552576,D;M,observed_current_season_sample,"Stat-table row is appearance evidence; no row means no observed in-scope player-stat sample, not zero performance, non-availability, or proof of non-selection.",public_roster_evidence_reconciled_first_team_member_as_of_2026-09-27
793878,侯森,Hou Sen,AFC Champions League Elite 2026/27;CSL 2026;CSL 2026 second-window,24,2160,24,24,0,24,AFC Champions League Elite;Chinese Super League,2026-09-15,16863671,AFC Champions League Elite,https://www.sofascore.com/football/match/pohang-steelers-beijing-guoan/Brbsadd#id:16863671,G,observed_current_season_sample,"Stat-table row is appearance evidence; no row means no observed in-scope player-stat sample, not zero performance, non-availability, or proof of non-selection.",public_roster_evidence_reconciled_first_team_member_as_of_2026-09-27
863642,冯博轩,Feng Boxuan,CSL 2026,2,45,0,2,0,2,Chinese Super League,2026-05-02,15552529,Chinese Super League,https://www.sofascore.com/football/match/yunnan-yukun-beijing-guoan/BrbsQZOd#id:15552529,D,observed_current_season_sample,"Stat-table row is appearance evidence; no row means no observed in-scope player-stat sample, not zero performance, non-availability, or proof of non-selection.",confirmed_transferred_out_2026-07-03
,刘俊泽,,AFC Champions League Elite 2026/27;CSL 2026 second-window,0,,0,0,0,0,,,,,,,no_current_season_appearance_sample,"Stat-table row is appearance evidence; no row means no observed in-scope player-stat sample, not zero performance, non-availability, or proof of non-selection.",public_roster_evidence_reconciled_first_team_member_as_of_2026-09-27
,刘邵子洋,,AFC Champions League Elite 2026/27;CSL 2026 second-window,0,,0,0,0,0,,,,,,,no_current_season_appearance_sample,"Stat-table row is appearance evidence; no row means no observed in-scope player-stat sample, not zero performance, non-availability, or proof of non-selection.",public_roster_evidence_reconciled_first_team_member_as_of_2026-09-27
,努尔艾力·阿巴斯,,CSL 2026;CSL 2026 second-window,0,,0,0,0,0,,,,,,,no_current_season_appearance_sample,"Stat-table row is appearance evidence; no row means no observed in-scope player-stat sample, not zero performance, non-availability, or proof of non-selection.",public_roster_evidence_reconciled_first_team_member_as_of_2026-09-27
,卢彤鋆,,AFC Champions League Elite 2026/27;CSL 2026,0,,0,0,0,0,,,,,,,no_current_season_appearance_sample,"Stat-table row is appearance evidence; no row means no observed in-scope player-stat sample, not zero performance, non-availability, or proof of non-selection.",public_roster_evidence_reconciled_first_team_member_as_of_2026-09-27
,吴少聪,,CSL 2026;CSL 2026 second-window,0,,0,0,0,0,,,,,,,no_current_season_appearance_sample,"Stat-table row is appearance evidence; no row means no observed in-scope player-stat sample, not zero performance, non-availability, or proof of non-selection.",public_roster_evidence_reconciled_first_team_member_as_of_2026-09-27
843735,塞尔吉尼奥,Sai Erjini'ao,AFC Champions League Elite 2026/27;CSL 2026;CSL 2026 second-window,24,1962,21,24,0,24,AFC Champions League Elite;Chinese Super League,2026-09-15,16863671,AFC Champions League Elite,https://www.sofascore.com/football/match/pohang-steelers-beijing-guoan/Brbsadd#id:16863671,F;M,observed_current_season_sample,"Stat-table row is appearance evidence; no row means no observed in-scope player-stat sample, not zero performance, non-availability, or proof of non-selection.",public_roster_evidence_reconciled_first_team_member_as_of_2026-09-27
,夏晓雨,,AFC Champions League Elite 2026/27;CSL 2026 second-window,0,,0,0,0,0,,,,,,,no_current_season_appearance_sample,"Stat-table row is appearance evidence; no row means no observed in-scope player-stat sample, not zero performance, non-availability, or proof of non-selection.",public_roster_evidence_reconciled_first_team_member_as_of_2026-09-27
979120,孔特,Aboubacar Konte,AFC Champions League Elite 2026/27;CSL 2026;CSL 2026 second-window,22,1978,22,22,0,22,Chinese Super League,2026-08-15,15552613,Chinese Super League,https://www.sofascore.com/football/match/beijing-guoan-tianjin-jinmen-tiger/rrbsBrb#id:15552613,F;M,observed_current_season_sample,"Stat-table row is appearance evidence; no row means no observed in-scope player-stat sample, not zero performance, non-availability, or proof of non-selection.",public_roster_evidence_reconciled_first_team_member_as_of_2026-09-27
991528,张健智,Zhang Jianzhi,CSL 2026,3,270,3,3,0,3,Chinese Super League,2026-04-04,15552476,Chinese Super League,https://www.sofascore.com/football/match/liaoning-tieren-fc-beijing-guoan/BrbsPzNb#id:15552476,G,observed_current_season_sample,"Stat-table row is appearance evidence; no row means no observed in-scope player-stat sample, not zero performance, non-availability, or proof of non-selection.",public_roster_evidence_reconciled_not_in_first_team_as_of_2026-09-27
,张昊冉,,AFC Champions League Elite 2026/27;CSL 2026 second-window,0,,0,0,0,0,,,,,,,no_current_season_appearance_sample,"Stat-table row is appearance evidence; no row means no observed in-scope player-stat sample, not zero performance, non-availability, or proof of non-selection.",public_roster_evidence_reconciled_first_team_member_as_of_2026-09-27
828227,张玉宁,Zhang Yuning,AFC Champions League Elite 2026/27;CSL 2026;CSL 2026 second-window,25,1939,24,25,0,25,Chinese Super League,2026-09-05,15552633,Chinese Super League,https://www.sofascore.com/football/match/shanghai-port-beijing-guoan/BrbsMFq#id:15552633,F,observed_current_season_sample,"Stat-table row is appearance evidence; no row means no observed in-scope player-stat sample, not zero performance, non-availability, or proof of non-selection.",public_roster_evidence_reconciled_first_team_member_as_of_2026-09-27
231992,张稀哲,Zhang Xizhe,AFC Champions League Elite 2026/27;CSL 2026;CSL 2026 second-window,24,1171,14,24,0,24,AFC Champions League Elite;Chinese Super League,2026-09-15,16863671,AFC Champions League Elite,https://www.sofascore.com/football/match/pohang-steelers-beijing-guoan/Brbsadd#id:16863671,F;M,observed_current_season_sample,"Stat-table row is appearance evidence; no row means no observed in-scope player-stat sample, not zero performance, non-availability, or proof of non-selection.",public_roster_evidence_reconciled_first_team_member_as_of_2026-09-27
837300,恩科洛洛,Béni Nkololo,AFC Champions League Elite 2026/27;CSL 2026,10,763,9,10,0,10,AFC Champions League Elite;Chinese Super League,2026-09-15,16863671,AFC Champions League Elite,https://www.sofascore.com/football/match/pohang-steelers-beijing-guoan/Brbsadd#id:16863671,F;M,observed_current_season_sample,"Stat-table row is appearance evidence; no row means no observed in-scope player-stat sample, not zero performance, non-availability, or proof of non-selection.",public_roster_evidence_reconciled_first_team_member_as_of_2026-09-27
827192,拉莫斯,Guilherme Ramos,AFC Champions League Elite 2026/27;CSL 2026;CSL 2026 second-window,25,2172,25,25,0,25,AFC Champions League Elite;Chinese Super League,2026-09-15,16863671,AFC Champions League Elite,https://www.sofascore.com/football/match/pohang-steelers-beijing-guoan/Brbsadd#id:16863671,D,observed_current_season_sample,"Stat-table row is appearance evidence; no row means no observed in-scope player-stat sample, not zero performance, non-availability, or proof of non-selection.",public_roster_evidence_reconciled_first_team_member_as_of_2026-09-27
111752,斯帕伊奇,Uroš Spajić,AFC Champions League Elite 2026/27;CSL 2026 second-window,2,114,2,2,0,2,Chinese Super League,2026-08-01,15552596,Chinese Super League,https://www.sofascore.com/football/match/zhejiang-beijing-guoan/BrbsXTn#id:15552596,D,observed_current_season_sample,"Stat-table row is appearance evidence; no row means no observed in-scope player-stat sample, not zero performance, non-availability, or proof of non-selection.",public_roster_evidence_reconciled_first_team_member_as_of_2026-09-27
817886,曹永竞,Yongjing Cao,AFC Champions League Elite 2026/27;CSL 2026;CSL 2026 second-window,24,1185,11,24,0,24,Chinese Super League,2026-09-05,15552633,Chinese Super League,https://www.sofascore.com/football/match/shanghai-port-beijing-guoan/BrbsMFq#id:15552633,M,observed_current_season_sample,"Stat-table row is appearance evidence; no row means no observed in-scope player-stat sample, not zero performance, non-availability, or proof of non-selection.",public_roster_evidence_reconciled_first_team_member_as_of_2026-09-27
791491,李磊,Li Lei,AFC Champions League Elite 2026/27;CSL 2026;CSL 2026 second-window,15,525,3,15,0,15,AFC Champions League Elite;Chinese Super League,2026-09-15,16863671,AFC Champions League Elite,https://www.sofascore.com/football/match/pohang-steelers-beijing-guoan/Brbsadd#id:16863671,D;M,observed_current_season_sample,"Stat-table row is appearance evidence; no row means no observed in-scope player-stat sample, not zero performance, non-availability, or proof of non-selection.",public_roster_evidence_reconciled_first_team_member_as_of_2026-09-27
187187,杜齐亚克,Jeremy Dudziak,AFC Champions League Elite 2026/27,1,82,1,1,0,1,AFC Champions League Elite,2026-09-15,16863671,AFC Champions League Elite,https://www.sofascore.com/football/match/pohang-steelers-beijing-guoan/Brbsadd#id:16863671,M,observed_current_season_sample,"Stat-table row is appearance evidence; no row means no observed in-scope player-stat sample, not zero performance, non-availability, or proof of non-selection.",public_roster_evidence_reconciled_first_team_member_as_of_2026-09-27
872209,杨立瑜,Yang Liyu,AFC Champions League Elite 2026/27;CSL 2026;CSL 2026 second-window,10,513,5,10,0,10,AFC Champions League Elite;Chinese Super League,2026-09-15,16863671,AFC Champions League Elite,https://www.sofascore.com/football/match/pohang-steelers-beijing-guoan/Brbsadd#id:16863671,F;M,observed_current_season_sample,"Stat-table row is appearance evidence; no row means no observed in-scope player-stat sample, not zero performance, non-availability, or proof of non-selection.",public_roster_evidence_reconciled_first_team_member_as_of_2026-09-27
,林涵祺,,CSL 2026,0,,0,0,0,0,,,,,,,no_current_season_appearance_sample,"Stat-table row is appearance evidence; no row means no observed in-scope player-stat sample, not zero performance, non-availability, or proof of non-selection.",public_roster_evidence_reconciled_not_in_first_team_as_of_2026-09-27
900549,林良铭,Lin Liangming,AFC Champions League Elite 2026/27;CSL 2026;CSL 2026 second-window,17,989,11,17,0,17,Chinese Super League,2026-07-17,15552576,Chinese Super League,https://www.sofascore.com/football/match/liaoning-tieren-fc-beijing-guoan/BrbsPzNb#id:15552576,F;M,observed_current_season_sample,"Stat-table row is appearance evidence; no row means no observed in-scope player-stat sample, not zero performance, non-availability, or proof of non-selection.",public_roster_evidence_reconciled_first_team_member_as_of_2026-09-27
1113798,柏杨,Yang Bai,AFC Champions League Elite 2026/27;CSL 2026;CSL 2026 second-window,23,1960,22,23,0,23,Chinese Super League,2026-09-05,15552633,Chinese Super League,https://www.sofascore.com/football/match/shanghai-port-beijing-guoan/BrbsMFq#id:15552633,D,observed_current_season_sample,"Stat-table row is appearance evidence; no row means no observed in-scope player-stat sample, not zero performance, non-availability, or proof of non-selection.",public_roster_evidence_reconciled_first_team_member_as_of_2026-09-27
1115187,江文豪,Jiang Wenhao,CSL 2026,1,45,0,1,0,1,Chinese Super League,2026-04-04,15552476,Chinese Super League,https://www.sofascore.com/football/match/liaoning-tieren-fc-beijing-guoan/BrbsPzNb#id:15552476,D,observed_current_season_sample,"Stat-table row is appearance evidence; no row means no observed in-scope player-stat sample, not zero performance, non-availability, or proof of non-selection.",public_roster_evidence_reconciled_not_in_first_team_as_of_2026-09-27
797459,池忠国,Chi Zhongguo,AFC Champions League Elite 2026/27;CSL 2026;CSL 2026 second-window,10,118,0,10,0,10,Chinese Super League,2026-07-26,15552587,Chinese Super League,https://www.sofascore.com/football/match/chengdu-rongcheng-beijing-guoan/BrbsQzNb#id:15552587,M,observed_current_season_sample,"Stat-table row is appearance evidence; no row means no observed in-scope player-stat sample, not zero performance, non-availability, or proof of non-selection.",public_roster_evidence_reconciled_first_team_member_as_of_2026-09-27
343673,法比奥,Fabio Abreu,AFC Champions League Elite 2026/27;CSL 2026;CSL 2026 second-window,22,1760,20,22,0,22,AFC Champions League Elite;Chinese Super League,2026-09-15,16863671,AFC Champions League Elite,https://www.sofascore.com/football/match/pohang-steelers-beijing-guoan/Brbsadd#id:16863671,F,observed_current_season_sample,"Stat-table row is appearance evidence; no row means no observed in-scope player-stat sample, not zero performance, non-availability, or proof of non-selection.",public_roster_evidence_reconciled_first_team_member_as_of_2026-09-27
77758,王刚,Gang Wang,AFC Champions League Elite 2026/27;CSL 2026;CSL 2026 second-window,21,1550,19,21,0,21,AFC Champions League Elite;Chinese Super League,2026-09-15,16863671,AFC Champions League Elite,https://www.sofascore.com/football/match/pohang-steelers-beijing-guoan/Brbsadd#id:16863671,D,observed_current_season_sample,"Stat-table row is appearance evidence; no row means no observed in-scope player-stat sample, not zero performance, non-availability, or proof of non-selection.",public_roster_evidence_reconciled_first_team_member_as_of_2026-09-27
,王思泽,,AFC Champions League Elite 2026/27;CSL 2026;CSL 2026 second-window,0,,0,0,0,0,,,,,,,no_current_season_appearance_sample,"Stat-table row is appearance evidence; no row means no observed in-scope player-stat sample, not zero performance, non-availability, or proof of non-selection.",public_roster_evidence_reconciled_first_team_member_as_of_2026-09-27
1130184,王禹,Wang Yu,AFC Champions League Elite 2026/27;CSL 2026;CSL 2026 second-window,6,150,1,6,0,6,AFC Champions League Elite;Chinese Super League,2026-09-15,16863671,AFC Champions League Elite,https://www.sofascore.com/football/match/pohang-steelers-beijing-guoan/Brbsadd#id:16863671,M,observed_current_season_sample,"Stat-table row is appearance evidence; no row means no observed in-scope player-stat sample, not zero performance, non-availability, or proof of non-selection.",public_roster_evidence_reconciled_first_team_member_as_of_2026-09-27
2487614,程熙,Cheng Xi,AFC Champions League Elite 2026/27;CSL 2026;CSL 2026 second-window,1,9,0,1,0,1,Chinese Super League,2026-09-05,15552633,Chinese Super League,https://www.sofascore.com/football/match/shanghai-port-beijing-guoan/BrbsMFq#id:15552633,M,observed_current_season_sample,"Stat-table row is appearance evidence; no row means no observed in-scope player-stat sample, not zero performance, non-availability, or proof of non-selection.",public_roster_evidence_reconciled_first_team_member_as_of_2026-09-27
,罗子祥,,AFC Champions League Elite 2026/27;CSL 2026 second-window,0,,0,0,0,0,,,,,,,no_current_season_appearance_sample,"Stat-table row is appearance evidence; no row means no observed in-scope player-stat sample, not zero performance, non-availability, or proof of non-selection.",public_roster_evidence_reconciled_first_team_member_as_of_2026-09-27
1886700,范双杰,Shuangjie Fan,AFC Champions League Elite 2026/27;CSL 2026;CSL 2026 second-window,3,64,0,3,0,3,Chinese Super League,2026-08-15,15552613,Chinese Super League,https://www.sofascore.com/football/match/beijing-guoan-tianjin-jinmen-tiger/rrbsBrb#id:15552613,D,observed_current_season_sample,"Stat-table row is appearance evidence; no row means no observed in-scope player-stat sample, not zero performance, non-availability, or proof of non-selection.",public_roster_evidence_reconciled_first_team_member_as_of_2026-09-27
967088,茹子楠,Tze-Nam Yue,AFC Champions League Elite 2026/27;CSL 2026;CSL 2026 second-window,18,1215,15,18,0,18,AFC Champions League Elite;Chinese Super League,2026-09-15,16863671,AFC Champions League Elite,https://www.sofascore.com/football/match/pohang-steelers-beijing-guoan/Brbsadd#id:16863671,D;M,observed_current_season_sample,"Stat-table row is appearance evidence; no row means no observed in-scope player-stat sample, not zero performance, non-availability, or proof of non-selection.",public_roster_evidence_reconciled_first_team_member_as_of_2026-09-27
2664502,蒋子承,Zicheng Jiang,AFC Champions League Elite 2026/27;CSL 2026 second-window,1,12,0,1,0,1,Chinese Super League,2026-08-07,15552600,Chinese Super League,https://www.sofascore.com/football/match/shenzhen-peng-city-beijing-guoan/BrbsGBmc#id:15552600,F,observed_current_season_sample,"Stat-table row is appearance evidence; no row means no observed in-scope player-stat sample, not zero performance, non-availability, or proof of non-selection.",public_roster_evidence_reconciled_first_team_member_as_of_2026-09-27
1121219,贾非凡,Feifan Jia,CSL 2026;CSL 2026 second-window,10,246,2,10,0,10,Chinese Super League,2026-09-05,15552633,Chinese Super League,https://www.sofascore.com/football/match/shanghai-port-beijing-guoan/BrbsMFq#id:15552633,D;M,observed_current_season_sample,"Stat-table row is appearance evidence; no row means no observed in-scope player-stat sample, not zero performance, non-availability, or proof of non-selection.",public_roster_evidence_reconciled_first_team_member_as_of_2026-09-27
926823,达万,Dawhan,AFC Champions League Elite 2026/27;CSL 2026;CSL 2026 second-window,20,1746,20,20,0,20,AFC Champions League Elite;Chinese Super League,2026-09-15,16863671,AFC Champions League Elite,https://www.sofascore.com/football/match/pohang-steelers-beijing-guoan/Brbsadd#id:16863671,D;M,observed_current_season_sample,"Stat-table row is appearance evidence; no row means no observed in-scope player-stat sample, not zero performance, non-availability, or proof of non-selection.",public_roster_evidence_reconciled_first_team_member_as_of_2026-09-27
2443057,邓捷夫,Deng Jiefu,AFC Champions League Elite 2026/27;CSL 2026;CSL 2026 second-window,20,828,10,20,0,20,AFC Champions League Elite;Chinese Super League,2026-09-15,16863671,AFC Champions League Elite,https://www.sofascore.com/football/match/pohang-steelers-beijing-guoan/Brbsadd#id:16863671,D;M,observed_current_season_sample,"Stat-table row is appearance evidence; no row means no observed in-scope player-stat sample, not zero performance, non-availability, or proof of non-selection.",public_roster_evidence_reconciled_first_team_member_as_of_2026-09-27
920987,阿不都海米提,Abdugheni Abduhamit,AFC Champions League Elite 2026/27;CSL 2026;CSL 2026 second-window,17,1034,10,17,0,17,AFC Champions League Elite;Chinese Super League,2026-09-15,16863671,AFC Champions League Elite,https://www.sofascore.com/football/match/pohang-steelers-beijing-guoan/Brbsadd#id:16863671,D,observed_current_season_sample,"Stat-table row is appearance evidence; no row means no observed in-scope player-stat sample, not zero performance, non-availability, or proof of non-selection.",public_roster_evidence_reconciled_first_team_member_as_of_2026-09-27
553488,阿科洛,Chadrac Akolo,AFC Champions League Elite 2026/27,1,34,1,1,0,1,AFC Champions League Elite,2026-09-15,16863671,AFC Champions League Elite,https://www.sofascore.com/football/match/pohang-steelers-beijing-guoan/Brbsadd#id:16863671,F,observed_current_season_sample,"Stat-table row is appearance evidence; no row means no observed in-scope player-stat sample, not zero performance, non-availability, or proof of non-selection.",public_roster_evidence_reconciled_first_team_member_as_of_2026-09-27
,陈康悦,,AFC Champions League Elite 2026/27;CSL 2026 second-window,0,,0,0,0,0,,,,,,,no_current_season_appearance_sample,"Stat-table row is appearance evidence; no row means no observed in-scope player-stat sample, not zero performance, non-availability, or proof of non-selection.",public_roster_evidence_reconciled_first_team_member_as_of_2026-09-27
,韩佳奇,,AFC Champions League Elite 2026/27;CSL 2026;CSL 2026 second-window,0,,0,0,0,0,,,,,,,no_current_season_appearance_sample,"Stat-table row is appearance evidence; no row means no observed in-scope player-stat sample, not zero performance, non-availability, or proof of non-selection.",public_roster_evidence_reconciled_first_team_member_as_of_2026-09-27
,马名扬,,CSL 2026,0,,0,0,0,0,,,,,,,no_current_season_appearance_sample,"Stat-table row is appearance evidence; no row means no observed in-scope player-stat sample, not zero performance, non-availability, or proof of non-selection.",public_roster_evidence_reconciled_not_in_first_team_as_of_2026-09-27
2181862,魏家傲,Jiaao Wei,CSL 2026,1,8,0,1,0,1,Chinese Super League,2026-03-08,15551889,Chinese Super League,https://www.sofascore.com/football/match/wuhan-three-towns-beijing-guoan/Brbscdtc#id:15551889,M,observed_current_season_sample,"Stat-table row is appearance evidence; no row means no observed in-scope player-stat sample, not zero performance, non-availability, or proof of non-selection.",confirmed_loaned_out_2026-07-03
