player_key,player_id,player_name_zh,date_of_birth,birth_date_source_id,birth_date_locator,birth_date_crosscheck_source_id,public_position_label_zh,public_position_source_id,public_position_locator,public_position_label_en_secondary,public_position_crosscheck_source_id
sofascore:920987,920987,阿不都海米提,1998-03-10,wikipedia_guoan_2026_squad_profile_2026-09-14,squad row 24,national_football_teams_guoan_2026_roster_profiles,后卫,wikipedia_guoan_2026_squad_profile_2026-09-14,squad row 24,Right Back,national_football_teams_guoan_2026_roster_profiles
sofascore:1113798,1113798,柏杨,1998-03-06,wikipedia_guoan_2026_squad_profile_2026-09-14,squad row 26,transfermarkt_guoan_2026_squad,中后卫,wikipedia_guoan_2026_squad_profile_2026-09-14,squad row 26,,
sofascore:2443057,2443057,邓捷夫,2007-06-28,wikipedia_guoan_2026_squad_profile_2026-09-14,squad row 47,transfermarkt_guoan_2026_squad,边后卫,wikipedia_guoan_2026_squad_profile_2026-09-14,squad row 47,,
sofascore:1886700,1886700,范双杰,2005-08-25,wikipedia_guoan_2026_squad_profile_2026-09-14,squad row 30,transfermarkt_guoan_2026_squad,后卫,wikipedia_guoan_2026_squad_profile_2026-09-14,squad row 30,,
sofascore:977985,977985,何宇鹏,1999-12-05,wikipedia_guoan_2026_squad_profile_2026-09-14,squad row 3,national_football_teams_guoan_2026_roster_profiles,后卫,wikipedia_guoan_2026_squad_profile_2026-09-14,squad row 3,Right Back,national_football_teams_guoan_2026_roster_profiles
sofascore:827192,827192,拉莫斯,1997-08-11,wikipedia_guoan_2026_squad_profile_2026-09-14,squad row 5,transfermarkt_guoan_2026_squad,中后卫,wikipedia_guoan_2026_squad_profile_2026-09-14,squad row 5,,
sofascore:791491,791491,李磊,1992-05-30,wikipedia_guoan_2026_squad_profile_2026-09-14,squad row 4,national_football_teams_guoan_2026_roster_profiles,边后卫,wikipedia_guoan_2026_squad_profile_2026-09-14,squad row 4,Left Back,national_football_teams_guoan_2026_roster_profiles
roster_name_zh:罗子祥,,罗子祥,2007-12-16,wikipedia_guoan_2026_squad_profile_2026-09-14,squad row 55,fotmob_luo_zixiang_player_profile,后卫,wikipedia_guoan_2026_squad_profile_2026-09-14,squad row 55,,
sofascore:967088,967088,茹子楠,1998-05-12,wikipedia_guoan_2026_squad_profile_2026-09-14,squad row 21,national_football_teams_guoan_2026_roster_profiles,边后卫,wikipedia_guoan_2026_squad_profile_2026-09-14,squad row 21,Right Back,national_football_teams_guoan_2026_roster_profiles
sofascore:111752,111752,斯帕伊奇,1993-02-13,wikipedia_guoan_2026_squad_profile_2026-09-14,squad row 25,national_football_teams_guoan_2026_roster_profiles,后卫,wikipedia_guoan_2026_squad_profile_2026-09-14,squad row 25,Centre Back,national_football_teams_guoan_2026_roster_profiles
sofascore:77758,77758,王刚,1989-02-17,wikipedia_guoan_2026_squad_profile_2026-09-14,squad row 27,national_football_teams_guoan_2026_roster_profiles,边后卫,wikipedia_guoan_2026_squad_profile_2026-09-14,squad row 27,Right Back,national_football_teams_guoan_2026_roster_profiles
roster_name_zh:吴少聪,,吴少聪,2000-03-20,wikipedia_guoan_2026_squad_profile_2026-09-14,squad row 2,national_football_teams_guoan_2026_roster_profiles,后卫,wikipedia_guoan_2026_squad_profile_2026-09-14,squad row 2,Centre Back,national_football_teams_guoan_2026_roster_profiles
sofascore:553488,553488,阿科洛,1995-04-01,wikipedia_guoan_2026_squad_profile_2026-09-14,squad row 77,national_football_teams_guoan_2026_roster_profiles,前锋,wikipedia_guoan_2026_squad_profile_2026-09-14,squad row 77,Right Winger,national_football_teams_guoan_2026_roster_profiles
sofascore:343673,343673,法比奥,1993-01-29,wikipedia_guoan_2026_squad_profile_2026-09-14,squad row 29,national_football_teams_guoan_2026_roster_profiles,前锋,wikipedia_guoan_2026_squad_profile_2026-09-14,squad row 29,Centre Forward,national_football_teams_guoan_2026_roster_profiles
sofascore:2664502,2664502,蒋子承,2007-09-11,wikipedia_guoan_2026_squad_profile_2026-09-14,squad row 58,transfermarkt_guoan_u20_squad,中场,wikipedia_guoan_2026_squad_profile_2026-09-14,squad row 58,,
sofascore:900549,900549,林良铭,1997-06-04,wikipedia_guoan_2026_squad_profile_2026-09-14,squad row 11,national_football_teams_guoan_2026_roster_profiles,前锋,wikipedia_guoan_2026_squad_profile_2026-09-14,squad row 11,Left Winger,national_football_teams_guoan_2026_roster_profiles
sofascore:872209,872209,杨立瑜,1997-02-13,wikipedia_guoan_2026_squad_profile_2026-09-14,squad row 17,national_football_teams_guoan_2026_roster_profiles,前锋,wikipedia_guoan_2026_squad_profile_2026-09-14,squad row 17,Right Winger,national_football_teams_guoan_2026_roster_profiles
sofascore:828227,828227,张玉宁,1997-01-05,wikipedia_guoan_2026_squad_profile_2026-09-14,squad row 9,national_football_teams_guoan_2026_roster_profiles,前锋,wikipedia_guoan_2026_squad_profile_2026-09-14,squad row 9,Centre Forward,national_football_teams_guoan_2026_roster_profiles
roster_name_zh:韩佳奇,,韩佳奇,1999-07-03,wikipedia_guoan_2026_squad_profile_2026-09-14,squad row 22,national_football_teams_guoan_2026_roster_profiles,守门员,wikipedia_guoan_2026_squad_profile_2026-09-14,squad row 22,Goalkeeper,national_football_teams_guoan_2026_roster_profiles
sofascore:793878,793878,侯森,1989-06-30,wikipedia_guoan_2026_squad_profile_2026-09-14,squad row 34,transfermarkt_guoan_2026_squad,守门员,wikipedia_guoan_2026_squad_profile_2026-09-14,squad row 34,,
roster_name_zh:刘邵子洋,,刘邵子洋,2003-11-12,wikipedia_guoan_2026_squad_profile_2026-09-14,squad row 31,transfermarkt_guoan_2026_squad,守门员,wikipedia_guoan_2026_squad_profile_2026-09-14,squad row 31,,
roster_name_zh:卢彤鋆,,卢彤鋆,2008-03-30,cfa_youth_athlete_registration_lu_tongyun_2023,official youth athlete register row 45,transfermarkt_tongyun_lu_profile,,,,,
roster_name_zh:努尔艾力·阿巴斯,,努尔艾力·阿巴斯,2004-09-26,wikipedia_guoan_2026_squad_profile_2026-09-14,squad row 33,transfermarkt_guoan_2026_squad,守门员,wikipedia_guoan_2026_squad_profile_2026-09-14,squad row 33,,
sofascore:817886,817886,曹永竞,1997-02-15,wikipedia_guoan_2026_squad_profile_2026-09-14,squad row 37,national_football_teams_guoan_2026_roster_profiles,中场,wikipedia_guoan_2026_squad_profile_2026-09-14,squad row 37,Left Winger,national_football_teams_guoan_2026_roster_profiles
roster_name_zh:陈康悦,,陈康悦,2008-05-26,wikipedia_guoan_2026_squad_profile_2026-09-14,squad row 59,tuttosport_chen_kangyue_profile,中场,wikipedia_guoan_2026_squad_profile_2026-09-14,squad row 59,,
sofascore:2487614,2487614,程熙,2008-02-05,wikipedia_guoan_2026_squad_profile_2026-09-14,squad row 41,transfermarkt_guoan_2026_squad,中场,wikipedia_guoan_2026_squad_profile_2026-09-14,squad row 41,,
sofascore:797459,797459,池忠国,1989-10-26,wikipedia_guoan_2026_squad_profile_2026-09-14,squad row 6,national_football_teams_guoan_2026_roster_profiles,后腰,wikipedia_guoan_2026_squad_profile_2026-09-14,squad row 6,Defensive Midfielder,national_football_teams_guoan_2026_roster_profiles
sofascore:926823,926823,达万,1996-06-03,wikipedia_guoan_2026_squad_profile_2026-09-14,squad row 23,transfermarkt_guoan_2026_squad,中前卫,wikipedia_guoan_2026_squad_profile_2026-09-14,squad row 23,,
sofascore:187187,187187,杜齐亚克,1995-08-28,wikipedia_guoan_2026_squad_profile_2026-09-14,squad row 28,national_football_teams_guoan_2026_roster_profiles,中场,wikipedia_guoan_2026_squad_profile_2026-09-14,squad row 28,Defensive Midfielder,national_football_teams_guoan_2026_roster_profiles
sofascore:837300,837300,恩科洛洛,1996-11-06,wikipedia_guoan_2026_squad_profile_2026-09-14,squad row 20,transfermarkt_guoan_2026_squad,边锋,wikipedia_guoan_2026_squad_profile_2026-09-14,squad row 20,,
sofascore:1121219,1121219,贾非凡,2001-01-13,wikipedia_guoan_2026_squad_profile_2026-09-14,squad row 36,transfermarkt_guoan_2026_squad,中场,wikipedia_guoan_2026_squad_profile_2026-09-14,squad row 36,,
sofascore:979120,979120,孔特,2001-03-02,wikipedia_guoan_2026_squad_profile_2026-09-14,squad row 8,transfermarkt_guoan_2026_squad,中前卫,wikipedia_guoan_2026_squad_profile_2026-09-14,squad row 8,,
roster_name_zh:刘俊泽,,刘俊泽,2008-04-17,wikipedia_guoan_2026_squad_profile_2026-09-14,squad row 57,sina_liu_junze_player_profile,中场,wikipedia_guoan_2026_squad_profile_2026-09-14,squad row 57,,
sofascore:843735,843735,塞尔吉尼奥,1995-03-15,wikipedia_guoan_2026_squad_profile_2026-09-14,squad row 7,national_football_teams_guoan_2026_roster_profiles,中场,wikipedia_guoan_2026_squad_profile_2026-09-14,squad row 7,Attacking Midfielder,national_football_teams_guoan_2026_roster_profiles
roster_name_zh:王思泽,,王思泽,2009-03-21,wikipedia_guoan_2026_squad_profile_2026-09-14,squad row 32,transfermarkt_guoan_2026_squad,中场,wikipedia_guoan_2026_squad_profile_2026-09-14,squad row 32,,
sofascore:1130184,1130184,王禹,2002-04-28,wikipedia_guoan_2026_squad_profile_2026-09-14,squad row 18,transfermarkt_guoan_2026_squad,中前卫,wikipedia_guoan_2026_squad_profile_2026-09-14,squad row 18,,
roster_name_zh:夏晓雨,,夏晓雨,2007-09-26,wikipedia_guoan_2026_squad_profile_2026-09-14,squad row 42,goal_xiaoyu_xia_player_profile,中场,wikipedia_guoan_2026_squad_profile_2026-09-14,squad row 42,,
roster_name_zh:张昊冉,,张昊冉,2007-10-17,wikipedia_guoan_2026_squad_profile_2026-09-14,squad row 50,transfermarkt_guoan_u20_squad,中场,wikipedia_guoan_2026_squad_profile_2026-09-14,squad row 50,,
sofascore:231992,231992,张稀哲,1991-01-23,wikipedia_guoan_2026_squad_profile_2026-09-14,squad row 10,national_football_teams_guoan_2026_roster_profiles,前腰,wikipedia_guoan_2026_squad_profile_2026-09-14,squad row 10,Left Midfielder,national_football_teams_guoan_2026_roster_profiles
