source_id,source_type,published_at,url,transcription_url,evidence_note
guoan_csl_roster_2026-03-03,club_announcement_image_mirror,2026-03-03,https://news.zhibo8.com/zuqiu/2026-03-03/69a69592d5bbcnative.htm,https://www.ppsport.com/360news/news/2495413.html?plt=clt,Page credits Beijing Guoan FC and carries the first-team roster title/date; roster is image-only. Names/numbers transcribed by Dongqiudi/PPSports and require official-image review for exact character verification.
guoan_csl_roster_second_window_2026-07-23,verified_club_social_post_image_mirror,2026-07-23,https://www.sina.cn/news/detail/5323868302478142.html,https://www.yndredu.com/news/zuqiu/186139.html,"Sina mirror identifies the publisher as Beijing Guoan FC's verified account and shows its 2026 CSL second-window registration image. Names, shirt numbers, and roster position groups are transcribed from a secondary report; the image itself was not independently readable during this pass. This is registration evidence for 2026-07-23, not proof of exact 2026-09-27 membership."
guoan_acl_roster_2026-09-13,verified_club_social_post_image,2026-09-13,https://weibo.com/2/detail/5342666443459201,https://www.sina.cn/news/detail/5342688482169115.html,"Verified Beijing Guoan FC post announces the 2026/27 AFC Elite registration. A verified Migu Football post transcribes the names and position groups; this is competition-specific registration, not a complete domestic first-team roster."
guoan_acl_roster_transcription_2026-09-13,verified_broadcaster_account_transcription,2026-09-13,https://www.sina.cn/news/detail/5342688482169115.html,https://weibo.com/2/detail/5342666443459201,"Verified Migu Football account publishes the full AFC Elite squad grouped by nominal position and links the announcement to the club's roster post; retained as transcription/cross-check, not as the club's own source."
feng_boxuan_transfer_2026-07-03,new_club_official_announcement_mirror,2026-07-03,https://i.ifeng.com/c/8uSnK13MrxB,,Dalian Yingbo official announcement states Feng Boxuan joined after agreement with Beijing Guoan and the player.
wei_jiaao_loan_2026-07-03,club_announcement_mirror,2026-07-03,https://k.sina.com.cn/article_7879923918_1d5ae18ce02001ethw.html?from=sports&subch=osport,,Reports Beijing Guoan's announcement that Jiaao Wei and Ma Longjian joined Beijing Institute of Technology on loan through 2026-12-31.
transfermarkt_jiang_wenhao_profile_index_2026-09-30,third_party_player_profile_search_index_excerpt,,https://www.transfermarkt.com/wenhao-jiang/profil/spieler/839306,,Search-index excerpt of Transfermarkt player profile lists Shaanxi Union joined date 2026-07-03 and loan parent Beijing Guoan. Direct page access triggered human verification on 2026-09-30; indexed fields are not a live page inspection.
shaanxi_union_jiang_wenhao_loan_announcement_mirror_2026-07-03,new_club_announcement_mirror,2026-07-03,https://i.ifeng.com/c/8uSMhET63Rq,,"Phoenix mirror reports Shaanxi Union's 2026-07-03 announcement of Jiang Wenhao's loan from Beijing Guoan. It corroborates the move and announcement date, while Transfermarkt supplies the joined date."
transfermarkt_fan_shuangjie_profile_index_2026-09-30,third_party_player_profile_search_index_excerpt,,https://www.transfermarkt.com/shuangjie-fan/profil/spieler/1130473,,Search-index excerpt lists Fan Shuangjie's main profile position as Centre-Back and other positions as Defensive Midfield and Right-Back. Profile labels only; direct page access triggered human verification.
transfermarkt_jia_feifan_profile_index_2026-09-30,third_party_player_profile_search_index_excerpt,,https://www.transfermarkt.com/feifan-jia/profil/spieler/824089,,Search-index excerpt lists Jia Feifan's main profile position as Central Midfield and other positions as Defensive Midfield and Attacking Midfield. Profile labels only; direct page access triggered human verification.
sofascore_visible_match_stats,rendered_player_stats_tables,,https://www.sofascore.com/football/team/beijing-guoan/3376,,Local 2026 player-match export; a player row with positive minutes is treated as observed match participation. Row absence does not prove non-selection.
cfl_official_starting_xi_15551889,official_competition_match_report,,https://www.cfl-china.cn/zh/content/news/mBiB.html,,Official CFL match report prints a complete Guoan starting XI for event 15551889.
cfl_official_starting_xi_15552489,official_competition_match_report,,https://www.cfl-china.cn/zh/content/news/bSDa.html,,Official CFL match report prints a complete Guoan starting XI for event 15552489.
cfl_official_starting_xi_15552493,official_competition_match_report,,https://www.cfl-china.cn/zh/content/news/uVVu.html,,Official CFL match report prints a complete Guoan starting XI for event 15552493.
cfl_official_starting_xi_15552498,official_competition_match_report,,https://www.cfl-china.cn/zh/content/news/GbVM.html,,Official CFL match report prints a complete Guoan starting XI for event 15552498.
cfl_official_starting_xi_15552507,official_competition_match_report,,https://www.cfl-china.cn/zh/content/news/ePaU.html,,Official CFL match report prints a complete Guoan starting XI for event 15552507.
cfl_official_starting_xi_15552546,official_competition_match_report,,https://www.cfl-china.cn/zh/content/news/CLkv.html,,Official CFL match report prints a complete Guoan starting XI for event 15552546.
cfl_official_starting_xi_15552576,official_competition_match_report,,https://www.cfl-china.cn/zh/content/news/mcHi.html,,Official CFL match report prints a complete Guoan starting XI for event 15552576.
cfl_official_starting_xi_15552587,official_competition_match_report,,https://www.cfl-china.cn/zh/content/news/GAYO.html,,Official CFL match report prints a complete Guoan starting XI for event 15552587.
cfl_official_starting_xi_15552596,official_competition_match_report,,https://www.cfl-china.cn/zh/content/news/HjEz.html,,Official CFL match report prints a complete Guoan starting XI for event 15552596.
cfl_official_starting_xi_15552613,official_competition_match_report,,https://www.cfl-china.cn/zh/content/news/Lnuf.html,,Official CFL match report prints a complete Guoan starting XI for event 15552613.
cfl_official_starting_xi_15552619,official_competition_match_report,,https://www.cfl-china.cn/zh/content/news/iZbR.html,,Official CFL match report prints a complete Guoan starting XI for event 15552619.
cfl_official_starting_xi_15552624,official_competition_match_report,,https://www.cfl-china.cn/zh/content/news/DqGe.html,,Official CFL match report prints a complete Guoan starting XI for event 15552624.
cfl_official_starting_xi_15552633,official_competition_match_report,,https://www.cfl-china.cn/zh/content/news/nDAQ.html,,Official CFL match report prints a complete Guoan starting XI for event 15552633.
secondary_starting_xi_15551900,Beijing Youth Daily syndicated report,,https://finance.sina.com.cn/jjxw/2026-03-21/doc-inhruetq2920218.shtml,,Public secondary source prints a complete Guoan starting XI for event 15551900; source tier remains distinct from official CFL match reports.
secondary_starting_xi_15552476,Zhibo8 matchday lineup report,,https://m2.zhibo8.com/news/web/zuqiu/2026-04-04/69d0948caa95cnative.htm,,Public secondary source prints a complete Guoan starting XI for event 15552476; source tier remains distinct from official CFL match reports.
secondary_starting_xi_15552529,Sina Sports match report,,https://sports.sina.cn/2026-05-02/detail-inhwppvx5370696.d.html,,Public secondary source prints a complete Guoan starting XI for event 15552529; source tier remains distinct from official CFL match reports.
secondary_starting_xi_15552536,Fengchi Live match lineup page,,https://www.fczhibo.net/live/zhongchao/511567.html,,Public secondary source prints a complete Guoan starting XI for event 15552536; source tier remains distinct from official CFL match reports.
secondary_starting_xi_15549838,Zhibo8 matchday lineup report,,https://news.zhibo8.com/zuqiu/2026-05-15/6a06c7b57051anative.htm,,Public secondary source prints a complete Guoan starting XI for event 15549838; source tier remains distinct from official CFL match reports.
secondary_starting_xi_15549843,PP Sports match report,,https://www.ppsports.com/article/news/2538609.html,,Public secondary source prints a complete Guoan starting XI for event 15549843; source tier remains distinct from official CFL match reports.
secondary_starting_xi_15549855,Zhibo8 matchday lineup report,,https://news.zhibo8.com/zuqiu/2026-05-23/6a1154355dcd0native.htm,,Public secondary source prints a complete Guoan starting XI for event 15549855; source tier remains distinct from official CFL match reports.
secondary_starting_xi_15552561,PP Sports match report,,https://www.ppsports.com/article/news/2564119.html,,Public secondary source prints a complete Guoan starting XI for event 15552561; source tier remains distinct from official CFL match reports.
secondary_starting_xi_15552600,Dongqiudi user report mirrored by Phoenix,,https://i.ifeng.com/c/8vOsEt0rsRr,,Public secondary source prints a complete Guoan starting XI for event 15552600; source tier remains distinct from official CFL match reports.
secondary_starting_xi_16851672,Beijing Youth Daily matchday report,,https://app.bjtitle.com/8816/newshow.php?did=867950049830928&mood=&newsid=6773523&typeid=16&uid=0,,Public secondary source prints a complete Guoan starting XI for event 16851672; source tier remains distinct from official CFL match reports.
secondary_starting_xi_16863671,PP Sports official-lineup report,,https://www.ppsport.com/article/news/2616403.html,,Public secondary source prints a complete Guoan starting XI for event 16863671; source tier remains distinct from official CFL match reports.
transfermarkt_starting_xi_user_reviewed_15551891,third_party_database_lineup_user_reviewed,,https://www.transfermarkt.com/spielbericht/index/spielbericht/4826113,,"Transfermarkt match sheet lists a complete Guoan starting XI for event 15551891; user manually reviewed and confirmed the data on 2026-09-27. Used as source-tiered third-party evidence, never labelled official."
transfermarkt_starting_xi_user_reviewed_15552547,third_party_database_lineup_user_reviewed,,https://www.transfermarkt.co.uk/spielbericht/index/spielbericht/4827804,,"Transfermarkt match sheet lists a complete Guoan starting XI for event 15552547; user manually reviewed and confirmed the data on 2026-09-27. Used as source-tiered third-party evidence, never labelled official."
transfermarkt_starting_xi_user_reviewed_15552563,third_party_database_lineup_user_reviewed,,https://www.transfermarkt.com/spielbericht/index/spielbericht/4827828,,"Transfermarkt match sheet lists a complete Guoan starting XI for event 15552563; user manually reviewed and confirmed the data on 2026-09-27. Used as source-tiered third-party evidence, never labelled official."
wikipedia_guoan_2026_squad_profile_2026-09-14,secondary_compiled_squad_profile,2026-09-14,https://zh.wikipedia.org/wiki/北京国安足球俱乐部2026赛季,,"2026 season article first-team roster table is marked updated 2026-09-14 and lists player birth dates and position labels. Used for profile evidence only, not to establish decision-date squad membership."
national_football_teams_guoan_2026_roster_profiles,secondary_player_profile_database,,https://www.national-football-teams.com/club/437/2026_2/Beijing_Guoan.html,,2026 Beijing Guoan page lists dates of birth and detailed position labels for 18 players cross-checked here. Secondary profile database; it does not define the project squad cohort.
cfa_youth_athlete_registration_lu_tongyun_2023,official_cfa_youth_athlete_registration_list,2023-06-28,https://imageoss.thecfa.cn/upload/file/20230628/1687936794968511.pdf,,Chinese Football Association public youth-athlete register row 45 lists Lu Tongjun with date of birth 2008-03-30; the identifier is partially redacted.
brtv_verified_lineup_post_15551891,verified_broadcaster_social_post_mirror,2026-03-14,https://www.sina.cn/news/detail/5276379853625238.html,,Verified BRTV Football 100 post states the match starting lineups and explicitly confirms Zhang Jianzhi started instead of Hou Sen; image's full XI was not transcribed in the text extraction.
csl_verified_lineup_post_15552547,verified_league_social_post_mirror,2026-05-30,https://www.sina.cn/news/detail/5304345402807057.html,,Verified Chinese Super League account published the Round 15 starting-lineup graphic for Chongqing Tonglianglong v Beijing Guoan; the image's full XI was not transcribed in the text extraction.
beijing_youth_daily_match_report_15552563,established_newspaper_match_report,2026-07-04,https://app.bjtitle.com/8816/newshow.php?did=356416815496248&mood=&newsid=6762008&typeid=16&uid=0,,"Beijing Youth Daily's match report independently describes multiple Guoan starters and substitution events, but does not print the complete XI in searchable text."
transfermarkt_guoan_2026_squad,secondary_player_profile_database,,https://www.transfermarkt.com/beijing-guoan/kader/verein/3176/saison_id/2025/plus/1,,"Transfermarkt 2026 detailed squad lists dates of birth for 14 current-profile rows. The new Size Wang Defensive Midfield and Tongyun Lu Goalkeeper labels were retrieved from a search-index excerpt on 2026-09-30; direct page access triggered human verification. Used only for profile attributes, not decision-date membership or match role."
transfermarkt_guoan_u20_squad,secondary_player_profile_database,,https://www.transfermarkt.com/beijing-guoan-u20/kader/verein/93911/saison_id/2025/plus/1,,"Transfermarkt Beijing Guoan U20 detailed squad page independently lists dates of birth for Zicheng Jiang and Haoran Zhang. Used only as a DOB cross-check, not to establish decision-date cohort membership or match role."
transfermarkt_tongyun_lu_profile,secondary_player_profile_database,,https://www.transfermarkt.co.uk/beijing-guoan/startseite/verein/3176/saison_id/2025,,Transfermarkt Beijing Guoan club profile lists Tongyun Lu date of birth as 2008-03-30. Used to independently cross-check the CFA youth-athlete registration entry; not to establish decision-date cohort membership or match role.
fotmob_luo_zixiang_player_profile,secondary_player_profile_database,,https://www.fotmob.com/players/2092752/zixiang-luo,,"FotMob player profile lists Luo Zixiang date of birth as 2007-12-16. Used only as an independent DOB cross-check, not to establish decision-date cohort membership or match role."
tuttosport_chen_kangyue_profile,secondary_player_profile_database,,https://www.tuttosport.com/giocatore/calcio/kangyue-chen/673154,,"Tuttosport player profile lists Chen Kangyue date of birth as 2008-05-26. Used only as an independent DOB cross-check, not to establish decision-date cohort membership or match role."
sina_liu_junze_player_profile,secondary_player_profile_database,,https://match.sports.sina.com.cn/football/player.php?dpc=1&id=9057656,,"Sina Sports player profile lists Liu Junze date of birth as 2008-04-17. Used only as an independent DOB cross-check, not to establish decision-date cohort membership or match role."
goal_xiaoyu_xia_player_profile,secondary_player_profile_database,,https://www.goal.com/en-sa/player/x-xia/sEnarSgXdEhTmhC89ehkj,,"Goal.com player profile lists Xiaoyu Xia date of birth as 2007-09-26. Used only as an independent DOB cross-check, not to establish decision-date cohort membership or match role."
starting11_guoan_pohang_2026-09-15,third_party_confirmed_lineup_formation,2026-09-15,https://starting11.com/fixtures/beijing-guoan-vs-pohang-steelers,,Starting11 lists the confirmed Beijing Guoan XI in a 4-4-2 with players grouped by formation line for the 2026-09-15 match. Used for match-specific line-unit labels only; no exact left/right/central positions or other matches are inferred.
fotmob_guoan_pohang_2026-09-15,secondary_match_lineup_formation,2026-09-15,https://www.fotmob.com/matches/beijing-guoan-vs-pohang-steelers/2ymampm,,"FotMob independently lists the confirmed Beijing Guoan XI and 4-4-2 formation for 2026-09-15, cross-checking the formation-line order. Used only for match-specific formation-line roles."
sofascore_lineup_snapshot_16863671,rendered_lineup_snapshot,,"https://www.sofascore.com/football/match/pohang-steelers-beijing-guoan/Brbsadd#id:16863671,tab:lineups",,Local rendered-lineup snapshot records both formations and starting players by shirt number for event 16863671. Player IDs are unresolved in that raw snapshot; the external Starting11 and FotMob lineups provide the name crosswalk and independently confirm the 4-4-2.
mackolik_guoan_tianjin_2026-08-15,third_party_match_lineup_candidate,2026-08-15,https://www.mackolik.com/mac/tianjin-jinmen-vs-beijing-guoan/81po1759neralepgwtvnsles4,,"Mackolik lists the 2026-08-15 Guoan starting XI and a 4-4-2 formation. Candidate formation evidence only; another public database lists 4-2-3-1, so this source is not used to assign position groups."
matchcountdown_guoan_tianjin_2026-08-15,third_party_match_lineup_candidate,2026-08-15,https://matchcountdown.com/en/football/football-169/tianjin-teda-vs-beijing-guoan-2026-08-15,,"MatchCountdown lists the 2026-08-15 Guoan starting XI and a 4-4-2 formation. Candidate formation evidence only; another public database lists 4-2-3-1, so this source is not used to assign position groups."
footmercato_guoan_tianjin_2026-08-15,third_party_match_lineup_candidate,2026-08-15,https://www.footmercato.net/live/6633794515954937069-tianjin-teda-vs-beijing-guoan,,"Foot Mercato lists the 2026-08-15 Guoan starting XI and a 4-4-2 formation. Candidate formation evidence only; another public database lists 4-2-3-1, so this source is not used to assign position groups."
worldfootball_guoan_tianjin_2026-08-15,third_party_match_lineup_conflict,2026-08-15,https://www.worldfootball.net/match-report/co1106/china-super-league/ma11909380/tianjin-jinmen-tiger_beijing-guoan/,,WorldFootball.net lists Beijing Guoan in a 4-2-3-1 for the 2026-08-15 fixture. It conflicts with three other checked public match pages that list 4-4-2; exact formation remains unresolved and no formation-derived roles are assigned.
beijing_youth_daily_tianjin_guoan_2026-08-15,established_newspaper_match_report_mirror,2026-08-15,https://www.sina.cn/news/detail/5332249459557230.html,,"Beijing Youth Daily Sports report, reposted by Sina, lists Guoan's confirmed XI under goalkeeper/defender/midfielder/forward groups. Used only for these broad match-specific position groups; it does not settle the exact formation."
