player_name_zh,player_id_sofascore_existing,decision_cohort_member_2026-09-27,registration_scopes,registration_source_ids,registration_source_urls,transfermarkt_name_as_listed,transfermarkt_source_url,sofascore_name_as_listed,sofascore_source_url,whoscored_name_as_listed,whoscored_player_url,whoscored_team_source_url,retrieved_on,evidence_scope
何宇鹏,977985,true,CSL 2026;CSL 2026 second-window,guoan_csl_roster_2026-03-03;guoan_csl_roster_second_window_2026-07-23,https://news.zhibo8.com/zuqiu/2026-03-03/69a69592d5bbcnative.htm;https://www.sina.cn/news/detail/5323868302478142.html,Yupeng He,https://www.transfermarkt.com/beijing-guoan/kader/verein/3176/saison_id/2025/plus/1,Yupeng He,https://www.sofascore.com/football/team/beijing-guoan/3376,He Yupeng,https://www.whoscored.com/players/372652/show/he-yupeng,https://www.whoscored.com/teams/2540/show/china-beijing-guoan,2026-09-30,provider_name_presence_only;not_decision_date_membership_proof
侯森,793878,true,AFC Champions League Elite 2026/27;CSL 2026;CSL 2026 second-window,guoan_acl_roster_2026-09-13;guoan_csl_roster_2026-03-03;guoan_csl_roster_second_window_2026-07-23,https://weibo.com/2/detail/5342666443459201;https://news.zhibo8.com/zuqiu/2026-03-03/69a69592d5bbcnative.htm;https://www.sina.cn/news/detail/5323868302478142.html,Sen Hou,https://www.transfermarkt.com/beijing-guoan/kader/verein/3176/saison_id/2025/plus/1,Hou Sen,https://www.sofascore.com/football/team/beijing-guoan/3376,Hou Sen,https://www.whoscored.com/players/62293/show/hou-sen,https://www.whoscored.com/teams/2540/show/china-beijing-guoan,2026-09-30,provider_name_presence_only;not_decision_date_membership_proof
冯博轩,863642,false,CSL 2026,guoan_csl_roster_2026-03-03,https://news.zhibo8.com/zuqiu/2026-03-03/69a69592d5bbcnative.htm,Boxuan Feng,https://www.transfermarkt.com/beijing-guoan/kader/verein/3176/saison_id/2025/plus/1,,,Feng Boxuan,https://www.whoscored.com/players/341643/show/feng-boxuan,https://www.whoscored.com/teams/2540/show/china-beijing-guoan,2026-09-30,provider_name_presence_only;not_decision_date_membership_proof
刘俊泽,,true,AFC Champions League Elite 2026/27;CSL 2026 second-window,guoan_acl_roster_2026-09-13;guoan_csl_roster_second_window_2026-07-23,https://weibo.com/2/detail/5342666443459201;https://www.sina.cn/news/detail/5323868302478142.html,,,Junze Liu,https://www.sofascore.com/football/team/beijing-guoan/3376,,,,2026-09-30,provider_name_presence_only;not_decision_date_membership_proof
刘邵子洋,,true,AFC Champions League Elite 2026/27;CSL 2026 second-window,guoan_acl_roster_2026-09-13;guoan_csl_roster_second_window_2026-07-23,https://weibo.com/2/detail/5342666443459201;https://www.sina.cn/news/detail/5323868302478142.html,Shaoziyang Liu,https://www.transfermarkt.com/shaoziyang-liu/profil/spieler/966946,Shaoziyang Liu,https://www.sofascore.com/football/team/beijing-guoan/3376,,,,2026-09-30,provider_name_presence_only;not_decision_date_membership_proof
努尔艾力·阿巴斯,,true,CSL 2026;CSL 2026 second-window,guoan_csl_roster_2026-03-03;guoan_csl_roster_second_window_2026-07-23,https://news.zhibo8.com/zuqiu/2026-03-03/69a69592d5bbcnative.htm;https://www.sina.cn/news/detail/5323868302478142.html,Nureli Abbas,https://www.transfermarkt.com/beijing-guoan/kader/verein/3176/saison_id/2025/plus/1,Nureli Abbas,https://www.sofascore.com/football/team/beijing-guoan/3376,,,,2026-09-30,provider_name_presence_only;not_decision_date_membership_proof
卢彤鋆,,true,AFC Champions League Elite 2026/27;CSL 2026,guoan_acl_roster_2026-09-13;guoan_csl_roster_2026-03-03,https://weibo.com/2/detail/5342666443459201;https://news.zhibo8.com/zuqiu/2026-03-03/69a69592d5bbcnative.htm,Tongyun Lu,https://www.transfermarkt.com/beijing-guoan/kader/verein/3176/saison_id/2025/plus/1,Tongyun Lu,https://www.sofascore.com/football/team/beijing-guoan/3376,,,,2026-09-30,provider_name_presence_only;not_decision_date_membership_proof
吴少聪,,true,CSL 2026;CSL 2026 second-window,guoan_csl_roster_2026-03-03;guoan_csl_roster_second_window_2026-07-23,https://news.zhibo8.com/zuqiu/2026-03-03/69a69592d5bbcnative.htm;https://www.sina.cn/news/detail/5323868302478142.html,Shaocong Wu,https://www.transfermarkt.com/beijing-guoan/kader/verein/3176/saison_id/2025/plus/1,Wu Shaocong,https://www.sofascore.com/football/team/beijing-guoan/3376,,,,2026-09-30,provider_name_presence_only;not_decision_date_membership_proof
塞尔吉尼奥,843735,true,AFC Champions League Elite 2026/27;CSL 2026;CSL 2026 second-window,guoan_acl_roster_2026-09-13;guoan_csl_roster_2026-03-03;guoan_csl_roster_second_window_2026-07-23,https://weibo.com/2/detail/5342666443459201;https://news.zhibo8.com/zuqiu/2026-03-03/69a69592d5bbcnative.htm;https://www.sina.cn/news/detail/5323868302478142.html,Serginho,https://www.transfermarkt.com/beijing-guoan/kader/verein/3176/saison_id/2025/plus/1,Sai Erjini'ao,https://www.sofascore.com/football/team/beijing-guoan/3376,Sai Erjini'ao,https://www.whoscored.com/players/149142/show/sai-erjini-39-ao,https://www.whoscored.com/teams/2540/show/china-beijing-guoan,2026-09-30,provider_name_presence_only;not_decision_date_membership_proof
夏晓雨,,true,AFC Champions League Elite 2026/27;CSL 2026 second-window,guoan_acl_roster_2026-09-13;guoan_csl_roster_second_window_2026-07-23,https://weibo.com/2/detail/5342666443459201;https://www.sina.cn/news/detail/5323868302478142.html,,,Xiaoyu Xia,https://www.sofascore.com/football/team/beijing-guoan/3376,,,,2026-09-30,provider_name_presence_only;not_decision_date_membership_proof
孔特,979120,true,AFC Champions League Elite 2026/27;CSL 2026;CSL 2026 second-window,guoan_acl_roster_2026-09-13;guoan_csl_roster_2026-03-03;guoan_csl_roster_second_window_2026-07-23,https://weibo.com/2/detail/5342666443459201;https://news.zhibo8.com/zuqiu/2026-03-03/69a69592d5bbcnative.htm;https://www.sina.cn/news/detail/5323868302478142.html,Boubacar Konté,https://www.transfermarkt.com/beijing-guoan/kader/verein/3176/saison_id/2025/plus/1,Aboubacar Konte,https://www.sofascore.com/football/team/beijing-guoan/3376,Boubacar Konté,https://www.whoscored.com/players/377475/show/boubacar-kont%C3%A9,https://www.whoscored.com/teams/2540/show/china-beijing-guoan,2026-09-30,provider_name_presence_only;not_decision_date_membership_proof
张健智,991528,false,CSL 2026,guoan_csl_roster_2026-03-03,https://news.zhibo8.com/zuqiu/2026-03-03/69a69592d5bbcnative.htm,Jianzhi Zhang,https://www.transfermarkt.com/beijing-guoan/kader/verein/3176/saison_id/2025/plus/1,,,Zhang Jianzhi,https://www.whoscored.com/players/402857/show/zhang-jianzhi,https://www.whoscored.com/teams/2540/show/china-beijing-guoan,2026-09-30,provider_name_presence_only;not_decision_date_membership_proof
张昊冉,,true,AFC Champions League Elite 2026/27;CSL 2026 second-window,guoan_acl_roster_2026-09-13;guoan_csl_roster_second_window_2026-07-23,https://weibo.com/2/detail/5342666443459201;https://www.sina.cn/news/detail/5323868302478142.html,,,Haoran Zhang,https://www.sofascore.com/football/team/beijing-guoan/3376,,,,2026-09-30,provider_name_presence_only;not_decision_date_membership_proof
张玉宁,828227,true,AFC Champions League Elite 2026/27;CSL 2026;CSL 2026 second-window,guoan_acl_roster_2026-09-13;guoan_csl_roster_2026-03-03;guoan_csl_roster_second_window_2026-07-23,https://weibo.com/2/detail/5342666443459201;https://news.zhibo8.com/zuqiu/2026-03-03/69a69592d5bbcnative.htm;https://www.sina.cn/news/detail/5323868302478142.html,Yuning Zhang,https://www.transfermarkt.com/beijing-guoan/kader/verein/3176/saison_id/2025/plus/1,Zhang Yuning,https://www.sofascore.com/football/team/beijing-guoan/3376,Zhang Yuning,https://www.whoscored.com/players/303136/show/zhang-yuning,https://www.whoscored.com/teams/2540/show/china-beijing-guoan,2026-09-30,provider_name_presence_only;not_decision_date_membership_proof
张稀哲,231992,true,AFC Champions League Elite 2026/27;CSL 2026;CSL 2026 second-window,guoan_acl_roster_2026-09-13;guoan_csl_roster_2026-03-03;guoan_csl_roster_second_window_2026-07-23,https://weibo.com/2/detail/5342666443459201;https://news.zhibo8.com/zuqiu/2026-03-03/69a69592d5bbcnative.htm;https://www.sina.cn/news/detail/5323868302478142.html,Xizhe Zhang,https://www.transfermarkt.com/beijing-guoan/kader/verein/3176/saison_id/2025/plus/1,Zhang Xizhe,https://www.sofascore.com/football/team/beijing-guoan/3376,Zhang Xizhe,https://www.whoscored.com/players/279458/show/zhang-xizhe,https://www.whoscored.com/teams/2540/show/china-beijing-guoan,2026-09-30,provider_name_presence_only;not_decision_date_membership_proof
恩科洛洛,837300,true,AFC Champions League Elite 2026/27;CSL 2026,guoan_acl_roster_2026-09-13;guoan_csl_roster_2026-03-03,https://weibo.com/2/detail/5342666443459201;https://news.zhibo8.com/zuqiu/2026-03-03/69a69592d5bbcnative.htm,Béni Nkololo,https://www.transfermarkt.com/beijing-guoan/kader/verein/3176/saison_id/2025/plus/1,Béni Nkololo,https://www.sofascore.com/football/team/beijing-guoan/3376,Béni Nkololo,https://www.whoscored.com/players/315270/show/b%C3%A9ni-nkololo,https://www.whoscored.com/teams/2540/show/china-beijing-guoan,2026-09-30,provider_name_presence_only;not_decision_date_membership_proof
拉莫斯,827192,true,AFC Champions League Elite 2026/27;CSL 2026;CSL 2026 second-window,guoan_acl_roster_2026-09-13;guoan_csl_roster_2026-03-03;guoan_csl_roster_second_window_2026-07-23,https://weibo.com/2/detail/5342666443459201;https://news.zhibo8.com/zuqiu/2026-03-03/69a69592d5bbcnative.htm;https://www.sina.cn/news/detail/5323868302478142.html,Gui Ramos,https://www.transfermarkt.com/beijing-guoan/kader/verein/3176/saison_id/2025/plus/1,Guilherme Ramos,https://www.sofascore.com/football/team/beijing-guoan/3376,Guilherme Ramos,https://www.whoscored.com/players/422719/show/guilherme-ramos,https://www.whoscored.com/teams/2540/show/china-beijing-guoan,2026-09-30,provider_name_presence_only;not_decision_date_membership_proof
斯帕伊奇,111752,true,AFC Champions League Elite 2026/27;CSL 2026 second-window,guoan_acl_roster_2026-09-13;guoan_csl_roster_second_window_2026-07-23,https://weibo.com/2/detail/5342666443459201;https://www.sina.cn/news/detail/5323868302478142.html,Uros Spajic,https://www.transfermarkt.com/beijing-guoan/kader/verein/3176/saison_id/2025/plus/1,Uroš Spajić,https://www.sofascore.com/football/team/beijing-guoan/3376,Uros Spajic,https://www.whoscored.com/players/127920/show/uros-spajic,https://www.whoscored.com/teams/2540/show/china-beijing-guoan,2026-09-30,provider_name_presence_only;not_decision_date_membership_proof
曹永竞,817886,true,AFC Champions League Elite 2026/27;CSL 2026;CSL 2026 second-window,guoan_acl_roster_2026-09-13;guoan_csl_roster_2026-03-03;guoan_csl_roster_second_window_2026-07-23,https://weibo.com/2/detail/5342666443459201;https://news.zhibo8.com/zuqiu/2026-03-03/69a69592d5bbcnative.htm;https://www.sina.cn/news/detail/5323868302478142.html,Yongjing Cao,https://www.transfermarkt.com/beijing-guoan/kader/verein/3176/saison_id/2025/plus/1,Yongjing Cao,https://www.sofascore.com/football/team/beijing-guoan/3376,Cao Yongjing,https://www.whoscored.com/players/353924/show/cao-yongjing,https://www.whoscored.com/teams/2540/show/china-beijing-guoan,2026-09-30,provider_name_presence_only;not_decision_date_membership_proof
李磊,791491,true,AFC Champions League Elite 2026/27;CSL 2026;CSL 2026 second-window,guoan_acl_roster_2026-09-13;guoan_csl_roster_2026-03-03;guoan_csl_roster_second_window_2026-07-23,https://weibo.com/2/detail/5342666443459201;https://news.zhibo8.com/zuqiu/2026-03-03/69a69592d5bbcnative.htm;https://www.sina.cn/news/detail/5323868302478142.html,Lei Li,https://www.transfermarkt.com/beijing-guoan/kader/verein/3176/saison_id/2025/plus/1,Li Lei,https://www.sofascore.com/football/team/beijing-guoan/3376,Li Lei,https://www.whoscored.com/players/72519/show/li-lei,https://www.whoscored.com/teams/2540/show/china-beijing-guoan,2026-09-30,provider_name_presence_only;not_decision_date_membership_proof
杜齐亚克,187187,true,AFC Champions League Elite 2026/27,guoan_acl_roster_2026-09-13,https://weibo.com/2/detail/5342666443459201,,,Jeremy Dudziak,https://www.sofascore.com/football/team/beijing-guoan/3376,,,,2026-09-30,provider_name_presence_only;not_decision_date_membership_proof
杨立瑜,872209,true,AFC Champions League Elite 2026/27;CSL 2026;CSL 2026 second-window,guoan_acl_roster_2026-09-13;guoan_csl_roster_2026-03-03;guoan_csl_roster_second_window_2026-07-23,https://weibo.com/2/detail/5342666443459201;https://news.zhibo8.com/zuqiu/2026-03-03/69a69592d5bbcnative.htm;https://www.sina.cn/news/detail/5323868302478142.html,Liyu Yang,https://www.transfermarkt.com/beijing-guoan/kader/verein/3176/saison_id/2025/plus/1,Yang Liyu,https://www.sofascore.com/football/team/beijing-guoan/3376,Yang Liyu,https://www.whoscored.com/players/334453/show/yang-liyu,https://www.whoscored.com/teams/2540/show/china-beijing-guoan,2026-09-30,provider_name_presence_only;not_decision_date_membership_proof
林涵祺,,false,CSL 2026,guoan_csl_roster_2026-03-03,https://news.zhibo8.com/zuqiu/2026-03-03/69a69592d5bbcnative.htm,Hanqi Lin,https://www.transfermarkt.com/beijing-guoan/kader/verein/3176/saison_id/2025/plus/1,Lin Hanqi,https://www.sofascore.com/football/team/beijing-guoan/3376,,,,2026-09-30,provider_name_presence_only;not_decision_date_membership_proof
林良铭,900549,true,AFC Champions League Elite 2026/27;CSL 2026;CSL 2026 second-window,guoan_acl_roster_2026-09-13;guoan_csl_roster_2026-03-03;guoan_csl_roster_second_window_2026-07-23,https://weibo.com/2/detail/5342666443459201;https://news.zhibo8.com/zuqiu/2026-03-03/69a69592d5bbcnative.htm;https://www.sina.cn/news/detail/5323868302478142.html,Liangming Lin,https://www.transfermarkt.com/beijing-guoan/kader/verein/3176/saison_id/2025/plus/1,Lin Liangming,https://www.sofascore.com/football/team/beijing-guoan/3376,Lin Liangming,https://www.whoscored.com/players/396726/show/lin-liangming,https://www.whoscored.com/teams/2540/show/china-beijing-guoan,2026-09-30,provider_name_presence_only;not_decision_date_membership_proof
柏杨,1113798,true,AFC Champions League Elite 2026/27;CSL 2026;CSL 2026 second-window,guoan_acl_roster_2026-09-13;guoan_csl_roster_2026-03-03;guoan_csl_roster_second_window_2026-07-23,https://weibo.com/2/detail/5342666443459201;https://news.zhibo8.com/zuqiu/2026-03-03/69a69592d5bbcnative.htm;https://www.sina.cn/news/detail/5323868302478142.html,Yang Bai,https://www.transfermarkt.com/beijing-guoan/kader/verein/3176/saison_id/2025/plus/1,Yang Bai,https://www.sofascore.com/football/team/beijing-guoan/3376,Yang Bai,https://www.whoscored.com/players/414131/show/yang-bai,https://www.whoscored.com/teams/2540/show/china-beijing-guoan,2026-09-30,provider_name_presence_only;not_decision_date_membership_proof
江文豪,1115187,false,CSL 2026,guoan_csl_roster_2026-03-03,https://news.zhibo8.com/zuqiu/2026-03-03/69a69592d5bbcnative.htm,Wenhao Jiang,https://www.transfermarkt.com/beijing-guoan/kader/verein/3176/saison_id/2025/plus/1,,,Wenhao Jiang,https://www.whoscored.com/players/413833/show/wenhao-jiang,https://www.whoscored.com/teams/2540/show/china-beijing-guoan,2026-09-30,provider_name_presence_only;not_decision_date_membership_proof
池忠国,797459,true,AFC Champions League Elite 2026/27;CSL 2026;CSL 2026 second-window,guoan_acl_roster_2026-09-13;guoan_csl_roster_2026-03-03;guoan_csl_roster_second_window_2026-07-23,https://weibo.com/2/detail/5342666443459201;https://news.zhibo8.com/zuqiu/2026-03-03/69a69592d5bbcnative.htm;https://www.sina.cn/news/detail/5323868302478142.html,Zhongguo Chi,https://www.transfermarkt.com/beijing-guoan/kader/verein/3176/saison_id/2025/plus/1,Chi Zhongguo,https://www.sofascore.com/football/team/beijing-guoan/3376,Chi Zhongguo,https://www.whoscored.com/players/271454/show/chi-zhongguo,https://www.whoscored.com/teams/2540/show/china-beijing-guoan,2026-09-30,provider_name_presence_only;not_decision_date_membership_proof
法比奥,343673,true,AFC Champions League Elite 2026/27;CSL 2026;CSL 2026 second-window,guoan_acl_roster_2026-09-13;guoan_csl_roster_2026-03-03;guoan_csl_roster_second_window_2026-07-23,https://weibo.com/2/detail/5342666443459201;https://news.zhibo8.com/zuqiu/2026-03-03/69a69592d5bbcnative.htm;https://www.sina.cn/news/detail/5323868302478142.html,Fabio Abreu,https://www.transfermarkt.com/beijing-guoan/kader/verein/3176/saison_id/2025/plus/1,Fabio Abreu,https://www.sofascore.com/football/team/beijing-guoan/3376,Fábio Abreu,https://www.whoscored.com/players/142269/show/f%C3%A1bio-abreu,https://www.whoscored.com/teams/2540/show/china-beijing-guoan,2026-09-30,provider_name_presence_only;not_decision_date_membership_proof
王刚,77758,true,AFC Champions League Elite 2026/27;CSL 2026;CSL 2026 second-window,guoan_acl_roster_2026-09-13;guoan_csl_roster_2026-03-03;guoan_csl_roster_second_window_2026-07-23,https://weibo.com/2/detail/5342666443459201;https://news.zhibo8.com/zuqiu/2026-03-03/69a69592d5bbcnative.htm;https://www.sina.cn/news/detail/5323868302478142.html,Gang Wang,https://www.transfermarkt.com/beijing-guoan/kader/verein/3176/saison_id/2025/plus/1,Gang Wang,https://www.sofascore.com/football/team/beijing-guoan/3376,Wang Gang,https://www.whoscored.com/players/353926/show/wang-gang,https://www.whoscored.com/teams/2540/show/china-beijing-guoan,2026-09-30,provider_name_presence_only;not_decision_date_membership_proof
王思泽,,true,AFC Champions League Elite 2026/27;CSL 2026;CSL 2026 second-window,guoan_acl_roster_2026-09-13;guoan_csl_roster_2026-03-03;guoan_csl_roster_second_window_2026-07-23,https://weibo.com/2/detail/5342666443459201;https://news.zhibo8.com/zuqiu/2026-03-03/69a69592d5bbcnative.htm;https://www.sina.cn/news/detail/5323868302478142.html,Size Wang,https://www.transfermarkt.com/beijing-guoan/kader/verein/3176/saison_id/2025/plus/1,Wang Size,https://www.sofascore.com/football/team/beijing-guoan/3376,,,,2026-09-30,provider_name_presence_only;not_decision_date_membership_proof
王禹,1130184,true,AFC Champions League Elite 2026/27;CSL 2026;CSL 2026 second-window,guoan_acl_roster_2026-09-13;guoan_csl_roster_2026-03-03;guoan_csl_roster_second_window_2026-07-23,https://weibo.com/2/detail/5342666443459201;https://news.zhibo8.com/zuqiu/2026-03-03/69a69592d5bbcnative.htm;https://www.sina.cn/news/detail/5323868302478142.html,Yu Wang,https://www.transfermarkt.com/beijing-guoan/kader/verein/3176/saison_id/2025/plus/1,Wang Yu;Yu Wang,https://www.sofascore.com/football/team/beijing-guoan/3376,Yu Wang,https://www.whoscored.com/players/419656/show/yu-wang,https://www.whoscored.com/teams/2540/show/china-beijing-guoan,2026-09-30,provider_name_presence_only;not_decision_date_membership_proof
程熙,2487614,true,AFC Champions League Elite 2026/27;CSL 2026;CSL 2026 second-window,guoan_acl_roster_2026-09-13;guoan_csl_roster_2026-03-03;guoan_csl_roster_second_window_2026-07-23,https://weibo.com/2/detail/5342666443459201;https://news.zhibo8.com/zuqiu/2026-03-03/69a69592d5bbcnative.htm;https://www.sina.cn/news/detail/5323868302478142.html,Xi Cheng,https://www.transfermarkt.com/beijing-guoan/kader/verein/3176/saison_id/2025/plus/1,Cheng Xi,https://www.sofascore.com/football/team/beijing-guoan/3376,Xi Cheng,https://www.whoscored.com/players/612253/show/xi-cheng,https://www.whoscored.com/teams/2540/show/china-beijing-guoan,2026-09-30,provider_name_presence_only;not_decision_date_membership_proof
罗子祥,,true,AFC Champions League Elite 2026/27;CSL 2026 second-window,guoan_acl_roster_2026-09-13;guoan_csl_roster_second_window_2026-07-23,https://weibo.com/2/detail/5342666443459201;https://www.sina.cn/news/detail/5323868302478142.html,,,Zixiang Luo,https://www.sofascore.com/football/team/beijing-guoan/3376,,,,2026-09-30,provider_name_presence_only;not_decision_date_membership_proof
范双杰,1886700,true,AFC Champions League Elite 2026/27;CSL 2026;CSL 2026 second-window,guoan_acl_roster_2026-09-13;guoan_csl_roster_2026-03-03;guoan_csl_roster_second_window_2026-07-23,https://weibo.com/2/detail/5342666443459201;https://news.zhibo8.com/zuqiu/2026-03-03/69a69592d5bbcnative.htm;https://www.sina.cn/news/detail/5323868302478142.html,Shuangjie Fan,https://www.transfermarkt.com/beijing-guoan/kader/verein/3176/saison_id/2025/plus/1,Shuangjie Fan,https://www.sofascore.com/football/team/beijing-guoan/3376,Shuangjie Fan,https://www.whoscored.com/players/539618/show/shuangjie-fan,https://www.whoscored.com/teams/2540/show/china-beijing-guoan,2026-09-30,provider_name_presence_only;not_decision_date_membership_proof
茹子楠,967088,true,AFC Champions League Elite 2026/27;CSL 2026;CSL 2026 second-window,guoan_acl_roster_2026-09-13;guoan_csl_roster_2026-03-03;guoan_csl_roster_second_window_2026-07-23,https://weibo.com/2/detail/5342666443459201;https://news.zhibo8.com/zuqiu/2026-03-03/69a69592d5bbcnative.htm;https://www.sina.cn/news/detail/5323868302478142.html,Tze-Nam Yue,https://www.transfermarkt.com/beijing-guoan/kader/verein/3176/saison_id/2025/plus/1,Tze-Nam Yue,https://www.sofascore.com/football/team/beijing-guoan/3376,Tze-Nam Yue,https://www.whoscored.com/players/391485/show/tze-nam-yue,https://www.whoscored.com/teams/2540/show/china-beijing-guoan,2026-09-30,provider_name_presence_only;not_decision_date_membership_proof
蒋子承,2664502,true,AFC Champions League Elite 2026/27;CSL 2026 second-window,guoan_acl_roster_2026-09-13;guoan_csl_roster_second_window_2026-07-23,https://weibo.com/2/detail/5342666443459201;https://www.sina.cn/news/detail/5323868302478142.html,,,Zicheng Jiang,https://www.sofascore.com/football/team/beijing-guoan/3376,Zicheng Jiang,https://www.whoscored.com/players/639738/show/zicheng-jiang,https://www.whoscored.com/teams/2540/show/china-beijing-guoan,2026-09-30,provider_name_presence_only;not_decision_date_membership_proof
贾非凡,1121219,true,CSL 2026;CSL 2026 second-window,guoan_csl_roster_2026-03-03;guoan_csl_roster_second_window_2026-07-23,https://news.zhibo8.com/zuqiu/2026-03-03/69a69592d5bbcnative.htm;https://www.sina.cn/news/detail/5323868302478142.html,Feifan Jia,https://www.transfermarkt.com/beijing-guoan/kader/verein/3176/saison_id/2025/plus/1,Feifan Jia,https://www.sofascore.com/football/team/beijing-guoan/3376,Feifan Jia,https://www.whoscored.com/players/426554/show/feifan-jia,https://www.whoscored.com/teams/2540/show/china-beijing-guoan,2026-09-30,provider_name_presence_only;not_decision_date_membership_proof
达万,926823,true,AFC Champions League Elite 2026/27;CSL 2026;CSL 2026 second-window,guoan_acl_roster_2026-09-13;guoan_csl_roster_2026-03-03;guoan_csl_roster_second_window_2026-07-23,https://weibo.com/2/detail/5342666443459201;https://news.zhibo8.com/zuqiu/2026-03-03/69a69592d5bbcnative.htm;https://www.sina.cn/news/detail/5323868302478142.html,Dawhan,https://www.transfermarkt.com/beijing-guoan/kader/verein/3176/saison_id/2025/plus/1,Dawhan,https://www.sofascore.com/football/team/beijing-guoan/3376,Dawhan,https://www.whoscored.com/players/363306/show/dawhan,https://www.whoscored.com/teams/2540/show/china-beijing-guoan,2026-09-30,provider_name_presence_only;not_decision_date_membership_proof
邓捷夫,2443057,true,AFC Champions League Elite 2026/27;CSL 2026;CSL 2026 second-window,guoan_acl_roster_2026-09-13;guoan_csl_roster_2026-03-03;guoan_csl_roster_second_window_2026-07-23,https://weibo.com/2/detail/5342666443459201;https://news.zhibo8.com/zuqiu/2026-03-03/69a69592d5bbcnative.htm;https://www.sina.cn/news/detail/5323868302478142.html,Jiefu Deng,https://www.transfermarkt.com/beijing-guoan/kader/verein/3176/saison_id/2025/plus/1,Deng Jiefu,https://www.sofascore.com/football/team/beijing-guoan/3376,Jiefu Deng,https://www.whoscored.com/players/611623/show/jiefu-deng,https://www.whoscored.com/teams/2540/show/china-beijing-guoan,2026-09-30,provider_name_presence_only;not_decision_date_membership_proof
阿不都海米提,920987,true,AFC Champions League Elite 2026/27;CSL 2026;CSL 2026 second-window,guoan_acl_roster_2026-09-13;guoan_csl_roster_2026-03-03;guoan_csl_roster_second_window_2026-07-23,https://weibo.com/2/detail/5342666443459201;https://news.zhibo8.com/zuqiu/2026-03-03/69a69592d5bbcnative.htm;https://www.sina.cn/news/detail/5323868302478142.html,Abduhamit Abdugheni,https://www.transfermarkt.com/beijing-guoan/kader/verein/3176/saison_id/2025/plus/1,Abdugheni Abduhamit,https://www.sofascore.com/football/team/beijing-guoan/3376,Abduhamit Abdugheni,https://www.whoscored.com/players/354046/show/abduhamit-abdugheni,https://www.whoscored.com/teams/2540/show/china-beijing-guoan,2026-09-30,provider_name_presence_only;not_decision_date_membership_proof
阿科洛,553488,true,AFC Champions League Elite 2026/27,guoan_acl_roster_2026-09-13,https://weibo.com/2/detail/5342666443459201,,,Chadrac Akolo,https://www.sofascore.com/football/team/beijing-guoan/3376,,,,2026-09-30,provider_name_presence_only;not_decision_date_membership_proof
陈康悦,,true,AFC Champions League Elite 2026/27;CSL 2026 second-window,guoan_acl_roster_2026-09-13;guoan_csl_roster_second_window_2026-07-23,https://weibo.com/2/detail/5342666443459201;https://www.sina.cn/news/detail/5323868302478142.html,,,Kangyue Chen,https://www.sofascore.com/football/team/beijing-guoan/3376,,,,2026-09-30,provider_name_presence_only;not_decision_date_membership_proof
韩佳奇,,true,AFC Champions League Elite 2026/27;CSL 2026;CSL 2026 second-window,guoan_acl_roster_2026-09-13;guoan_csl_roster_2026-03-03;guoan_csl_roster_second_window_2026-07-23,https://weibo.com/2/detail/5342666443459201;https://news.zhibo8.com/zuqiu/2026-03-03/69a69592d5bbcnative.htm;https://www.sina.cn/news/detail/5323868302478142.html,Jiaqi Han,https://www.transfermarkt.com/beijing-guoan/kader/verein/3176/saison_id/2025/plus/1,Han Jiaqi,https://www.sofascore.com/football/team/beijing-guoan/3376,,,,2026-09-30,provider_name_presence_only;not_decision_date_membership_proof
马名扬,,false,CSL 2026,guoan_csl_roster_2026-03-03,https://news.zhibo8.com/zuqiu/2026-03-03/69a69592d5bbcnative.htm,Mingyang Ma,https://www.transfermarkt.com/beijing-guoan/kader/verein/3176/saison_id/2025/plus/1,Ma Mingyang,https://www.sofascore.com/football/team/beijing-guoan/3376,,,,2026-09-30,provider_name_presence_only;not_decision_date_membership_proof
魏家傲,2181862,false,CSL 2026,guoan_csl_roster_2026-03-03,https://news.zhibo8.com/zuqiu/2026-03-03/69a69592d5bbcnative.htm,Jia'ao Wei,https://www.transfermarkt.com/beijing-guoan/kader/verein/3176/saison_id/2025/plus/1,,,Jiaao Wei,https://www.whoscored.com/players/568217/show/jiaao-wei,https://www.whoscored.com/teams/2540/show/china-beijing-guoan,2026-09-30,provider_name_presence_only;not_decision_date_membership_proof
