event_id,secondary_source_type,secondary_source_url,xi_count,xi_names_resolved_to_stats_rows,nonstarter_appearances_classified,status
15551900,Beijing Youth Daily syndicated report,https://finance.sina.com.cn/jjxw/2026-03-21/doc-inhruetq2920218.shtml,11,11,3,pass
15552476,Zhibo8 matchday lineup report,https://m2.zhibo8.com/news/web/zuqiu/2026-04-04/69d0948caa95cnative.htm,11,11,4,pass
15552529,Sina Sports match report,https://sports.sina.cn/2026-05-02/detail-inhwppvx5370696.d.html,11,11,3,pass
15552536,Fengchi Live match lineup page,https://www.fczhibo.net/live/zhongchao/511567.html,11,11,5,pass
15549838,Zhibo8 matchday lineup report,https://news.zhibo8.com/zuqiu/2026-05-15/6a06c7b57051anative.htm,11,11,4,pass
15549843,PP Sports match report,https://www.ppsports.com/article/news/2538609.html,11,11,3,pass
15549855,Zhibo8 matchday lineup report,https://news.zhibo8.com/zuqiu/2026-05-23/6a1154355dcd0native.htm,11,11,4,pass
15552561,PP Sports match report,https://www.ppsports.com/article/news/2564119.html,11,11,4,pass
15552600,Dongqiudi user report mirrored by Phoenix,https://i.ifeng.com/c/8vOsEt0rsRr,11,11,5,pass
16851672,Beijing Youth Daily matchday report,https://app.bjtitle.com/8816/newshow.php?did=867950049830928&mood=&newsid=6773523&typeid=16&uid=0,11,11,4,pass
16863671,PP Sports official-lineup report,https://www.ppsport.com/article/news/2616403.html,11,11,5,pass
