player_id,player_name_zh,player_name_provider,team_id,membership_scope,decision_cohort_member,shirt_numbers_by_source,registration_scopes,registration_evidence_count,membership_status_as_of_decision_date,membership_status_confidence,membership_status_note,membership_status_source_tier,membership_status_source,user_reported_status_detail,user_reported_registration_detail,user_reported_availability_detail,user_reported_appearance_detail,membership_transition_effective_date,valid_from,valid_to,latest_positive_minutes_match_date,latest_positive_minutes_event_id,latest_positive_minutes_competition,latest_positive_minutes_source_url,decision_date
977985,何宇鹏,Yupeng He,Beijing Guoan,first_team_squad,true,CSL 2026:3;CSL 2026 second-window:3,CSL 2026;CSL 2026 second-window,2,public_roster_evidence_reconciled_first_team_member_as_of_2026-09-27,public_roster_evidence_user_reconciled,User-supplied reconciliation of public roster/registration evidence: Season-ending injury; remains registered in the first-team squad,user_supplied_public_roster_evidence,user_supplied_public_roster_reconciliation_2026-09-27,Season-ending injury; remains registered in the first-team squad,2026 CSL first-team registration; absent from September AFC roster,"Season-ending injury, user-supplied public evidence",,,,,2026-07-17,15552576,Chinese Super League,https://www.sofascore.com/football/match/liaoning-tieren-fc-beijing-guoan/BrbsPzNb#id:15552576,2026-09-27
793878,侯森,Hou Sen,Beijing Guoan,first_team_squad,true,CSL 2026:34;CSL 2026 second-window:34;AFC Champions League Elite 2026/27:34,AFC Champions League Elite 2026/27;CSL 2026;CSL 2026 second-window,3,public_roster_evidence_reconciled_first_team_member_as_of_2026-09-27,public_roster_evidence_user_reconciled,User-supplied reconciliation of public roster/registration evidence: Public roster reconciliation supplied by the user places this player among the 31 listed in both the July CSL and September AFC squads and on Guoan's first-team roster on 2026-09-27.,user_supplied_public_roster_evidence,user_supplied_public_roster_reconciliation_2026-09-27,Public roster reconciliation supplied by the user places this player among the 31 listed in both the July CSL and September AFC squads and on Guoan's first-team roster on 2026-09-27.,Listed in 2026-07-23 CSL second-window and 2026-09-13 AFC registers,,,,,,2026-09-15,16863671,AFC Champions League Elite,https://www.sofascore.com/football/match/pohang-steelers-beijing-guoan/Brbsadd#id:16863671,2026-09-27
863642,冯博轩,Feng Boxuan,Beijing Guoan,first_team_squad,false,CSL 2026:16,CSL 2026,1,confirmed_transferred_out_2026-07-03,public_confirmed_transition,Dalian Yingbo official announcement confirms permanent joining; not an active Guoan first-team member at decision date.,public_announcement,feng_boxuan_transfer_2026-07-03,,,,,2026-07-03,,,2026-05-02,15552529,Chinese Super League,https://www.sofascore.com/football/match/yunnan-yukun-beijing-guoan/BrbsQZOd#id:15552529,2026-09-27
,刘俊泽,,Beijing Guoan,first_team_squad,true,CSL 2026 second-window:57;AFC Champions League Elite 2026/27:57,AFC Champions League Elite 2026/27;CSL 2026 second-window,2,public_roster_evidence_reconciled_first_team_member_as_of_2026-09-27,public_roster_evidence_user_reconciled,User-supplied reconciliation of public roster/registration evidence: Public roster reconciliation supplied by the user places this player among the 31 listed in both the July CSL and September AFC squads and on Guoan's first-team roster on 2026-09-27.,user_supplied_public_roster_evidence,user_supplied_public_roster_reconciliation_2026-09-27,Public roster reconciliation supplied by the user places this player among the 31 listed in both the July CSL and September AFC squads and on Guoan's first-team roster on 2026-09-27.,Listed in 2026-07-23 CSL second-window and 2026-09-13 AFC registers,,,,,,,,,,2026-09-27
,刘邵子洋,,Beijing Guoan,first_team_squad,true,CSL 2026 second-window:31;AFC Champions League Elite 2026/27:31,AFC Champions League Elite 2026/27;CSL 2026 second-window,2,public_roster_evidence_reconciled_first_team_member_as_of_2026-09-27,public_roster_evidence_user_reconciled,User-supplied reconciliation of public roster/registration evidence: Public roster reconciliation supplied by the user places this player among the 31 listed in both the July CSL and September AFC squads and on Guoan's first-team roster on 2026-09-27.,user_supplied_public_roster_evidence,user_supplied_public_roster_reconciliation_2026-09-27,Public roster reconciliation supplied by the user places this player among the 31 listed in both the July CSL and September AFC squads and on Guoan's first-team roster on 2026-09-27.,Listed in 2026-07-23 CSL second-window and 2026-09-13 AFC registers,,,,,,,,,,2026-09-27
,努尔艾力·阿巴斯,,Beijing Guoan,first_team_squad,true,CSL 2026:33;CSL 2026 second-window:33,CSL 2026;CSL 2026 second-window,2,public_roster_evidence_reconciled_first_team_member_as_of_2026-09-27,public_roster_evidence_user_reconciled,User-supplied reconciliation of public roster/registration evidence: Youth-team goalkeeper registered with the first team; no appearance record,user_supplied_public_roster_evidence,user_supplied_public_roster_reconciliation_2026-09-27,Youth-team goalkeeper registered with the first team; no appearance record,First-team registered,,"No first-team appearance on record, user-supplied public evidence",,,,,,,,2026-09-27
,卢彤鋆,,Beijing Guoan,first_team_squad,true,CSL 2026:14;AFC Champions League Elite 2026/27:14,AFC Champions League Elite 2026/27;CSL 2026,2,public_roster_evidence_reconciled_first_team_member_as_of_2026-09-27,public_roster_evidence_user_reconciled,User-supplied reconciliation of public roster/registration evidence: Youth-team goalkeeper registered with the first team; no appearance record,user_supplied_public_roster_evidence,user_supplied_public_roster_reconciliation_2026-09-27,Youth-team goalkeeper registered with the first team; no appearance record,First-team registered,,"No first-team appearance on record, user-supplied public evidence",,,,,,,,2026-09-27
,吴少聪,,Beijing Guoan,first_team_squad,true,CSL 2026:2;CSL 2026 second-window:2,CSL 2026;CSL 2026 second-window,2,public_roster_evidence_reconciled_first_team_member_as_of_2026-09-27,public_roster_evidence_user_reconciled,User-supplied reconciliation of public roster/registration evidence: Season-ending injury; remains registered in the first-team squad,user_supplied_public_roster_evidence,user_supplied_public_roster_reconciliation_2026-09-27,Season-ending injury; remains registered in the first-team squad,2026 CSL first-team registration; absent from September AFC roster,"Season-ending injury, user-supplied public evidence",,,,,,,,,2026-09-27
843735,塞尔吉尼奥,Sai Erjini'ao,Beijing Guoan,first_team_squad,true,CSL 2026:7;CSL 2026 second-window:7;AFC Champions League Elite 2026/27:7,AFC Champions League Elite 2026/27;CSL 2026;CSL 2026 second-window,3,public_roster_evidence_reconciled_first_team_member_as_of_2026-09-27,public_roster_evidence_user_reconciled,User-supplied reconciliation of public roster/registration evidence: Public roster reconciliation supplied by the user places this player among the 31 listed in both the July CSL and September AFC squads and on Guoan's first-team roster on 2026-09-27.,user_supplied_public_roster_evidence,user_supplied_public_roster_reconciliation_2026-09-27,Public roster reconciliation supplied by the user places this player among the 31 listed in both the July CSL and September AFC squads and on Guoan's first-team roster on 2026-09-27.,Listed in 2026-07-23 CSL second-window and 2026-09-13 AFC registers,,,,,,2026-09-15,16863671,AFC Champions League Elite,https://www.sofascore.com/football/match/pohang-steelers-beijing-guoan/Brbsadd#id:16863671,2026-09-27
,夏晓雨,,Beijing Guoan,first_team_squad,true,CSL 2026 second-window:43;AFC Champions League Elite 2026/27:43,AFC Champions League Elite 2026/27;CSL 2026 second-window,2,public_roster_evidence_reconciled_first_team_member_as_of_2026-09-27,public_roster_evidence_user_reconciled,User-supplied reconciliation of public roster/registration evidence: Public roster reconciliation supplied by the user places this player among the 31 listed in both the July CSL and September AFC squads and on Guoan's first-team roster on 2026-09-27.,user_supplied_public_roster_evidence,user_supplied_public_roster_reconciliation_2026-09-27,Public roster reconciliation supplied by the user places this player among the 31 listed in both the July CSL and September AFC squads and on Guoan's first-team roster on 2026-09-27.,Listed in 2026-07-23 CSL second-window and 2026-09-13 AFC registers,,,,,,,,,,2026-09-27
979120,孔特,Aboubacar Konte,Beijing Guoan,first_team_squad,true,CSL 2026:8;CSL 2026 second-window:8;AFC Champions League Elite 2026/27:8,AFC Champions League Elite 2026/27;CSL 2026;CSL 2026 second-window,3,public_roster_evidence_reconciled_first_team_member_as_of_2026-09-27,public_roster_evidence_user_reconciled,User-supplied reconciliation of public roster/registration evidence: Public roster reconciliation supplied by the user places this player among the 31 listed in both the July CSL and September AFC squads and on Guoan's first-team roster on 2026-09-27.,user_supplied_public_roster_evidence,user_supplied_public_roster_reconciliation_2026-09-27,Public roster reconciliation supplied by the user places this player among the 31 listed in both the July CSL and September AFC squads and on Guoan's first-team roster on 2026-09-27.,Listed in 2026-07-23 CSL second-window and 2026-09-13 AFC registers,,,,,,2026-08-15,15552613,Chinese Super League,https://www.sofascore.com/football/match/beijing-guoan-tianjin-jinmen-tiger/rrbsBrb#id:15552613,2026-09-27
991528,张健智,Zhang Jianzhi,Beijing Guoan,first_team_squad,false,CSL 2026:39,CSL 2026,1,public_roster_evidence_reconciled_not_in_first_team_as_of_2026-09-27,public_roster_evidence_user_reconciled,"User-supplied reconciliation of public roster/registration evidence: Loaned away from first team; user also wrote variant 张建智, normalized to roster identity 张健智",user_supplied_public_roster_evidence,user_supplied_public_roster_reconciliation_2026-09-27,"Loaned away from first team; user also wrote variant 张建智, normalized to roster identity 张健智",,,,,,,2026-04-04,15552476,Chinese Super League,https://www.sofascore.com/football/match/liaoning-tieren-fc-beijing-guoan/BrbsPzNb#id:15552476,2026-09-27
,张昊冉,,Beijing Guoan,first_team_squad,true,CSL 2026 second-window:50;AFC Champions League Elite 2026/27:50,AFC Champions League Elite 2026/27;CSL 2026 second-window,2,public_roster_evidence_reconciled_first_team_member_as_of_2026-09-27,public_roster_evidence_user_reconciled,User-supplied reconciliation of public roster/registration evidence: Public roster reconciliation supplied by the user places this player among the 31 listed in both the July CSL and September AFC squads and on Guoan's first-team roster on 2026-09-27.,user_supplied_public_roster_evidence,user_supplied_public_roster_reconciliation_2026-09-27,Public roster reconciliation supplied by the user places this player among the 31 listed in both the July CSL and September AFC squads and on Guoan's first-team roster on 2026-09-27.,Listed in 2026-07-23 CSL second-window and 2026-09-13 AFC registers,,,,,,,,,,2026-09-27
828227,张玉宁,Zhang Yuning,Beijing Guoan,first_team_squad,true,CSL 2026:9;CSL 2026 second-window:9;AFC Champions League Elite 2026/27:9,AFC Champions League Elite 2026/27;CSL 2026;CSL 2026 second-window,3,public_roster_evidence_reconciled_first_team_member_as_of_2026-09-27,public_roster_evidence_user_reconciled,User-supplied reconciliation of public roster/registration evidence: Public roster reconciliation supplied by the user places this player among the 31 listed in both the July CSL and September AFC squads and on Guoan's first-team roster on 2026-09-27.,user_supplied_public_roster_evidence,user_supplied_public_roster_reconciliation_2026-09-27,Public roster reconciliation supplied by the user places this player among the 31 listed in both the July CSL and September AFC squads and on Guoan's first-team roster on 2026-09-27.,Listed in 2026-07-23 CSL second-window and 2026-09-13 AFC registers,,,,,,2026-09-05,15552633,Chinese Super League,https://www.sofascore.com/football/match/shanghai-port-beijing-guoan/BrbsMFq#id:15552633,2026-09-27
231992,张稀哲,Zhang Xizhe,Beijing Guoan,first_team_squad,true,CSL 2026:10;CSL 2026 second-window:10;AFC Champions League Elite 2026/27:10,AFC Champions League Elite 2026/27;CSL 2026;CSL 2026 second-window,3,public_roster_evidence_reconciled_first_team_member_as_of_2026-09-27,public_roster_evidence_user_reconciled,User-supplied reconciliation of public roster/registration evidence: Public roster reconciliation supplied by the user places this player among the 31 listed in both the July CSL and September AFC squads and on Guoan's first-team roster on 2026-09-27.,user_supplied_public_roster_evidence,user_supplied_public_roster_reconciliation_2026-09-27,Public roster reconciliation supplied by the user places this player among the 31 listed in both the July CSL and September AFC squads and on Guoan's first-team roster on 2026-09-27.,Listed in 2026-07-23 CSL second-window and 2026-09-13 AFC registers,,,,,,2026-09-15,16863671,AFC Champions League Elite,https://www.sofascore.com/football/match/pohang-steelers-beijing-guoan/Brbsadd#id:16863671,2026-09-27
837300,恩科洛洛,Béni Nkololo,Beijing Guoan,first_team_squad,true,CSL 2026:20;AFC Champions League Elite 2026/27:20,AFC Champions League Elite 2026/27;CSL 2026,2,public_roster_evidence_reconciled_first_team_member_as_of_2026-09-27,public_roster_evidence_user_reconciled,User-supplied reconciliation of public roster/registration evidence: Registered in CSL for the first half of the season; CSL registration withdrawn in summer; remains in the first team and plays in AFC,user_supplied_public_roster_evidence,user_supplied_public_roster_reconciliation_2026-09-27,Registered in CSL for the first half of the season; CSL registration withdrawn in summer; remains in the first team and plays in AFC,CSL first-half registration withdrawn in summer; AFC registered,,"Currently appears in AFC, user-supplied public evidence",,,,2026-09-15,16863671,AFC Champions League Elite,https://www.sofascore.com/football/match/pohang-steelers-beijing-guoan/Brbsadd#id:16863671,2026-09-27
827192,拉莫斯,Guilherme Ramos,Beijing Guoan,first_team_squad,true,CSL 2026:5;CSL 2026 second-window:5;AFC Champions League Elite 2026/27:5,AFC Champions League Elite 2026/27;CSL 2026;CSL 2026 second-window,3,public_roster_evidence_reconciled_first_team_member_as_of_2026-09-27,public_roster_evidence_user_reconciled,User-supplied reconciliation of public roster/registration evidence: Public roster reconciliation supplied by the user places this player among the 31 listed in both the July CSL and September AFC squads and on Guoan's first-team roster on 2026-09-27.,user_supplied_public_roster_evidence,user_supplied_public_roster_reconciliation_2026-09-27,Public roster reconciliation supplied by the user places this player among the 31 listed in both the July CSL and September AFC squads and on Guoan's first-team roster on 2026-09-27.,Listed in 2026-07-23 CSL second-window and 2026-09-13 AFC registers,,,,,,2026-09-15,16863671,AFC Champions League Elite,https://www.sofascore.com/football/match/pohang-steelers-beijing-guoan/Brbsadd#id:16863671,2026-09-27
111752,斯帕伊奇,Uroš Spajić,Beijing Guoan,first_team_squad,true,CSL 2026 second-window:25;AFC Champions League Elite 2026/27:25,AFC Champions League Elite 2026/27;CSL 2026 second-window,2,public_roster_evidence_reconciled_first_team_member_as_of_2026-09-27,public_roster_evidence_user_reconciled,User-supplied reconciliation of public roster/registration evidence: Public roster reconciliation supplied by the user places this player among the 31 listed in both the July CSL and September AFC squads and on Guoan's first-team roster on 2026-09-27.,user_supplied_public_roster_evidence,user_supplied_public_roster_reconciliation_2026-09-27,Public roster reconciliation supplied by the user places this player among the 31 listed in both the July CSL and September AFC squads and on Guoan's first-team roster on 2026-09-27.,Listed in 2026-07-23 CSL second-window and 2026-09-13 AFC registers,,,,,,2026-08-01,15552596,Chinese Super League,https://www.sofascore.com/football/match/zhejiang-beijing-guoan/BrbsXTn#id:15552596,2026-09-27
817886,曹永竞,Yongjing Cao,Beijing Guoan,first_team_squad,true,CSL 2026:37;CSL 2026 second-window:37;AFC Champions League Elite 2026/27:37,AFC Champions League Elite 2026/27;CSL 2026;CSL 2026 second-window,3,public_roster_evidence_reconciled_first_team_member_as_of_2026-09-27,public_roster_evidence_user_reconciled,User-supplied reconciliation of public roster/registration evidence: Public roster reconciliation supplied by the user places this player among the 31 listed in both the July CSL and September AFC squads and on Guoan's first-team roster on 2026-09-27.,user_supplied_public_roster_evidence,user_supplied_public_roster_reconciliation_2026-09-27,Public roster reconciliation supplied by the user places this player among the 31 listed in both the July CSL and September AFC squads and on Guoan's first-team roster on 2026-09-27.,Listed in 2026-07-23 CSL second-window and 2026-09-13 AFC registers,,,,,,2026-09-05,15552633,Chinese Super League,https://www.sofascore.com/football/match/shanghai-port-beijing-guoan/BrbsMFq#id:15552633,2026-09-27
791491,李磊,Li Lei,Beijing Guoan,first_team_squad,true,CSL 2026:4;CSL 2026 second-window:4;AFC Champions League Elite 2026/27:4,AFC Champions League Elite 2026/27;CSL 2026;CSL 2026 second-window,3,public_roster_evidence_reconciled_first_team_member_as_of_2026-09-27,public_roster_evidence_user_reconciled,User-supplied reconciliation of public roster/registration evidence: Public roster reconciliation supplied by the user places this player among the 31 listed in both the July CSL and September AFC squads and on Guoan's first-team roster on 2026-09-27.,user_supplied_public_roster_evidence,user_supplied_public_roster_reconciliation_2026-09-27,Public roster reconciliation supplied by the user places this player among the 31 listed in both the July CSL and September AFC squads and on Guoan's first-team roster on 2026-09-27.,Listed in 2026-07-23 CSL second-window and 2026-09-13 AFC registers,,,,,,2026-09-15,16863671,AFC Champions League Elite,https://www.sofascore.com/football/match/pohang-steelers-beijing-guoan/Brbsadd#id:16863671,2026-09-27
187187,杜齐亚克,Jeremy Dudziak,Beijing Guoan,first_team_squad,true,AFC Champions League Elite 2026/27:28,AFC Champions League Elite 2026/27,1,public_roster_evidence_reconciled_first_team_member_as_of_2026-09-27,public_roster_evidence_user_reconciled,"User-supplied reconciliation of public roster/registration evidence: Registered for AFC only, not CSL",user_supplied_public_roster_evidence,user_supplied_public_roster_reconciliation_2026-09-27,"Registered for AFC only, not CSL",AFC only,,,,,,2026-09-15,16863671,AFC Champions League Elite,https://www.sofascore.com/football/match/pohang-steelers-beijing-guoan/Brbsadd#id:16863671,2026-09-27
872209,杨立瑜,Yang Liyu,Beijing Guoan,first_team_squad,true,CSL 2026:17;CSL 2026 second-window:17;AFC Champions League Elite 2026/27:17,AFC Champions League Elite 2026/27;CSL 2026;CSL 2026 second-window,3,public_roster_evidence_reconciled_first_team_member_as_of_2026-09-27,public_roster_evidence_user_reconciled,User-supplied reconciliation of public roster/registration evidence: Public roster reconciliation supplied by the user places this player among the 31 listed in both the July CSL and September AFC squads and on Guoan's first-team roster on 2026-09-27.,user_supplied_public_roster_evidence,user_supplied_public_roster_reconciliation_2026-09-27,Public roster reconciliation supplied by the user places this player among the 31 listed in both the July CSL and September AFC squads and on Guoan's first-team roster on 2026-09-27.,Listed in 2026-07-23 CSL second-window and 2026-09-13 AFC registers,,,,,,2026-09-15,16863671,AFC Champions League Elite,https://www.sofascore.com/football/match/pohang-steelers-beijing-guoan/Brbsadd#id:16863671,2026-09-27
,林涵祺,,Beijing Guoan,first_team_squad,false,CSL 2026:42,CSL 2026,1,public_roster_evidence_reconciled_not_in_first_team_as_of_2026-09-27,public_roster_evidence_user_reconciled,User-supplied reconciliation of public roster/registration evidence: Moved down to U20 team,user_supplied_public_roster_evidence,user_supplied_public_roster_reconciliation_2026-09-27,Moved down to U20 team,,,,,,,,,,,2026-09-27
900549,林良铭,Lin Liangming,Beijing Guoan,first_team_squad,true,CSL 2026:11;CSL 2026 second-window:11;AFC Champions League Elite 2026/27:11,AFC Champions League Elite 2026/27;CSL 2026;CSL 2026 second-window,3,public_roster_evidence_reconciled_first_team_member_as_of_2026-09-27,public_roster_evidence_user_reconciled,User-supplied reconciliation of public roster/registration evidence: Public roster reconciliation supplied by the user places this player among the 31 listed in both the July CSL and September AFC squads and on Guoan's first-team roster on 2026-09-27.,user_supplied_public_roster_evidence,user_supplied_public_roster_reconciliation_2026-09-27,Public roster reconciliation supplied by the user places this player among the 31 listed in both the July CSL and September AFC squads and on Guoan's first-team roster on 2026-09-27.,Listed in 2026-07-23 CSL second-window and 2026-09-13 AFC registers,,,,,,2026-07-17,15552576,Chinese Super League,https://www.sofascore.com/football/match/liaoning-tieren-fc-beijing-guoan/BrbsPzNb#id:15552576,2026-09-27
1113798,柏杨,Yang Bai,Beijing Guoan,first_team_squad,true,CSL 2026:26;CSL 2026 second-window:26;AFC Champions League Elite 2026/27:26,AFC Champions League Elite 2026/27;CSL 2026;CSL 2026 second-window,3,public_roster_evidence_reconciled_first_team_member_as_of_2026-09-27,public_roster_evidence_user_reconciled,User-supplied reconciliation of public roster/registration evidence: Public roster reconciliation supplied by the user places this player among the 31 listed in both the July CSL and September AFC squads and on Guoan's first-team roster on 2026-09-27.,user_supplied_public_roster_evidence,user_supplied_public_roster_reconciliation_2026-09-27,Public roster reconciliation supplied by the user places this player among the 31 listed in both the July CSL and September AFC squads and on Guoan's first-team roster on 2026-09-27.,Listed in 2026-07-23 CSL second-window and 2026-09-13 AFC registers,,,,,,2026-09-05,15552633,Chinese Super League,https://www.sofascore.com/football/match/shanghai-port-beijing-guoan/BrbsMFq#id:15552633,2026-09-27
1115187,江文豪,Jiang Wenhao,Beijing Guoan,first_team_squad,false,CSL 2026:35,CSL 2026,1,public_roster_evidence_reconciled_not_in_first_team_as_of_2026-09-27,public_roster_evidence_user_reconciled,User-supplied reconciliation of public roster/registration evidence: Loaned away from first team Public transition evidence: Transfermarkt indexed profile gives Shaanxi Union joined date; receiving-club announcement mirror confirms the loan was announced on the same date. This supports the move date but not a complete first-team membership interval.,public_announcement_and_third_party_profile_index,transfermarkt_jiang_wenhao_profile_index_2026-09-30;shaanxi_union_jiang_wenhao_loan_announcement_mirror_2026-07-03;user_supplied_public_roster_reconciliation_2026-09-27,Loaned away from first team,,,,2026-07-03,,,2026-04-04,15552476,Chinese Super League,https://www.sofascore.com/football/match/liaoning-tieren-fc-beijing-guoan/BrbsPzNb#id:15552476,2026-09-27
797459,池忠国,Chi Zhongguo,Beijing Guoan,first_team_squad,true,CSL 2026:6;CSL 2026 second-window:6;AFC Champions League Elite 2026/27:6,AFC Champions League Elite 2026/27;CSL 2026;CSL 2026 second-window,3,public_roster_evidence_reconciled_first_team_member_as_of_2026-09-27,public_roster_evidence_user_reconciled,User-supplied reconciliation of public roster/registration evidence: Public roster reconciliation supplied by the user places this player among the 31 listed in both the July CSL and September AFC squads and on Guoan's first-team roster on 2026-09-27.,user_supplied_public_roster_evidence,user_supplied_public_roster_reconciliation_2026-09-27,Public roster reconciliation supplied by the user places this player among the 31 listed in both the July CSL and September AFC squads and on Guoan's first-team roster on 2026-09-27.,Listed in 2026-07-23 CSL second-window and 2026-09-13 AFC registers,,,,,,2026-07-26,15552587,Chinese Super League,https://www.sofascore.com/football/match/chengdu-rongcheng-beijing-guoan/BrbsQzNb#id:15552587,2026-09-27
343673,法比奥,Fabio Abreu,Beijing Guoan,first_team_squad,true,CSL 2026:29;CSL 2026 second-window:29;AFC Champions League Elite 2026/27:29,AFC Champions League Elite 2026/27;CSL 2026;CSL 2026 second-window,3,public_roster_evidence_reconciled_first_team_member_as_of_2026-09-27,public_roster_evidence_user_reconciled,User-supplied reconciliation of public roster/registration evidence: Public roster reconciliation supplied by the user places this player among the 31 listed in both the July CSL and September AFC squads and on Guoan's first-team roster on 2026-09-27.,user_supplied_public_roster_evidence,user_supplied_public_roster_reconciliation_2026-09-27,Public roster reconciliation supplied by the user places this player among the 31 listed in both the July CSL and September AFC squads and on Guoan's first-team roster on 2026-09-27.,Listed in 2026-07-23 CSL second-window and 2026-09-13 AFC registers,,,,,,2026-09-15,16863671,AFC Champions League Elite,https://www.sofascore.com/football/match/pohang-steelers-beijing-guoan/Brbsadd#id:16863671,2026-09-27
77758,王刚,Gang Wang,Beijing Guoan,first_team_squad,true,CSL 2026:27;CSL 2026 second-window:27;AFC Champions League Elite 2026/27:27,AFC Champions League Elite 2026/27;CSL 2026;CSL 2026 second-window,3,public_roster_evidence_reconciled_first_team_member_as_of_2026-09-27,public_roster_evidence_user_reconciled,User-supplied reconciliation of public roster/registration evidence: Public roster reconciliation supplied by the user places this player among the 31 listed in both the July CSL and September AFC squads and on Guoan's first-team roster on 2026-09-27.,user_supplied_public_roster_evidence,user_supplied_public_roster_reconciliation_2026-09-27,Public roster reconciliation supplied by the user places this player among the 31 listed in both the July CSL and September AFC squads and on Guoan's first-team roster on 2026-09-27.,Listed in 2026-07-23 CSL second-window and 2026-09-13 AFC registers,,,,,,2026-09-15,16863671,AFC Champions League Elite,https://www.sofascore.com/football/match/pohang-steelers-beijing-guoan/Brbsadd#id:16863671,2026-09-27
,王思泽,,Beijing Guoan,first_team_squad,true,CSL 2026:32;CSL 2026 second-window:32;AFC Champions League Elite 2026/27:32,AFC Champions League Elite 2026/27;CSL 2026;CSL 2026 second-window,3,public_roster_evidence_reconciled_first_team_member_as_of_2026-09-27,public_roster_evidence_user_reconciled,User-supplied reconciliation of public roster/registration evidence: Public roster reconciliation supplied by the user places this player among the 31 listed in both the July CSL and September AFC squads and on Guoan's first-team roster on 2026-09-27.,user_supplied_public_roster_evidence,user_supplied_public_roster_reconciliation_2026-09-27,Public roster reconciliation supplied by the user places this player among the 31 listed in both the July CSL and September AFC squads and on Guoan's first-team roster on 2026-09-27.,Listed in 2026-07-23 CSL second-window and 2026-09-13 AFC registers,,,,,,,,,,2026-09-27
1130184,王禹,Wang Yu,Beijing Guoan,first_team_squad,true,CSL 2026:18;CSL 2026 second-window:18;AFC Champions League Elite 2026/27:18,AFC Champions League Elite 2026/27;CSL 2026;CSL 2026 second-window,3,public_roster_evidence_reconciled_first_team_member_as_of_2026-09-27,public_roster_evidence_user_reconciled,User-supplied reconciliation of public roster/registration evidence: Public roster reconciliation supplied by the user places this player among the 31 listed in both the July CSL and September AFC squads and on Guoan's first-team roster on 2026-09-27.,user_supplied_public_roster_evidence,user_supplied_public_roster_reconciliation_2026-09-27,Public roster reconciliation supplied by the user places this player among the 31 listed in both the July CSL and September AFC squads and on Guoan's first-team roster on 2026-09-27.,Listed in 2026-07-23 CSL second-window and 2026-09-13 AFC registers,,,,,,2026-09-15,16863671,AFC Champions League Elite,https://www.sofascore.com/football/match/pohang-steelers-beijing-guoan/Brbsadd#id:16863671,2026-09-27
2487614,程熙,Cheng Xi,Beijing Guoan,first_team_squad,true,CSL 2026:41;CSL 2026 second-window:41;AFC Champions League Elite 2026/27:41,AFC Champions League Elite 2026/27;CSL 2026;CSL 2026 second-window,3,public_roster_evidence_reconciled_first_team_member_as_of_2026-09-27,public_roster_evidence_user_reconciled,User-supplied reconciliation of public roster/registration evidence: Public roster reconciliation supplied by the user places this player among the 31 listed in both the July CSL and September AFC squads and on Guoan's first-team roster on 2026-09-27.,user_supplied_public_roster_evidence,user_supplied_public_roster_reconciliation_2026-09-27,Public roster reconciliation supplied by the user places this player among the 31 listed in both the July CSL and September AFC squads and on Guoan's first-team roster on 2026-09-27.,Listed in 2026-07-23 CSL second-window and 2026-09-13 AFC registers,,,,,,2026-09-05,15552633,Chinese Super League,https://www.sofascore.com/football/match/shanghai-port-beijing-guoan/BrbsMFq#id:15552633,2026-09-27
,罗子祥,,Beijing Guoan,first_team_squad,true,CSL 2026 second-window:55;AFC Champions League Elite 2026/27:55,AFC Champions League Elite 2026/27;CSL 2026 second-window,2,public_roster_evidence_reconciled_first_team_member_as_of_2026-09-27,public_roster_evidence_user_reconciled,User-supplied reconciliation of public roster/registration evidence: Public roster reconciliation supplied by the user places this player among the 31 listed in both the July CSL and September AFC squads and on Guoan's first-team roster on 2026-09-27.,user_supplied_public_roster_evidence,user_supplied_public_roster_reconciliation_2026-09-27,Public roster reconciliation supplied by the user places this player among the 31 listed in both the July CSL and September AFC squads and on Guoan's first-team roster on 2026-09-27.,Listed in 2026-07-23 CSL second-window and 2026-09-13 AFC registers,,,,,,,,,,2026-09-27
1886700,范双杰,Shuangjie Fan,Beijing Guoan,first_team_squad,true,CSL 2026:30;CSL 2026 second-window:30;AFC Champions League Elite 2026/27:30,AFC Champions League Elite 2026/27;CSL 2026;CSL 2026 second-window,3,public_roster_evidence_reconciled_first_team_member_as_of_2026-09-27,public_roster_evidence_user_reconciled,User-supplied reconciliation of public roster/registration evidence: Public roster reconciliation supplied by the user places this player among the 31 listed in both the July CSL and September AFC squads and on Guoan's first-team roster on 2026-09-27.,user_supplied_public_roster_evidence,user_supplied_public_roster_reconciliation_2026-09-27,Public roster reconciliation supplied by the user places this player among the 31 listed in both the July CSL and September AFC squads and on Guoan's first-team roster on 2026-09-27.,Listed in 2026-07-23 CSL second-window and 2026-09-13 AFC registers,,,,,,2026-08-15,15552613,Chinese Super League,https://www.sofascore.com/football/match/beijing-guoan-tianjin-jinmen-tiger/rrbsBrb#id:15552613,2026-09-27
967088,茹子楠,Tze-Nam Yue,Beijing Guoan,first_team_squad,true,CSL 2026:21;CSL 2026 second-window:21;AFC Champions League Elite 2026/27:21,AFC Champions League Elite 2026/27;CSL 2026;CSL 2026 second-window,3,public_roster_evidence_reconciled_first_team_member_as_of_2026-09-27,public_roster_evidence_user_reconciled,User-supplied reconciliation of public roster/registration evidence: Public roster reconciliation supplied by the user places this player among the 31 listed in both the July CSL and September AFC squads and on Guoan's first-team roster on 2026-09-27.,user_supplied_public_roster_evidence,user_supplied_public_roster_reconciliation_2026-09-27,Public roster reconciliation supplied by the user places this player among the 31 listed in both the July CSL and September AFC squads and on Guoan's first-team roster on 2026-09-27.,Listed in 2026-07-23 CSL second-window and 2026-09-13 AFC registers,,,,,,2026-09-15,16863671,AFC Champions League Elite,https://www.sofascore.com/football/match/pohang-steelers-beijing-guoan/Brbsadd#id:16863671,2026-09-27
2664502,蒋子承,Zicheng Jiang,Beijing Guoan,first_team_squad,true,CSL 2026 second-window:58;AFC Champions League Elite 2026/27:58,AFC Champions League Elite 2026/27;CSL 2026 second-window,2,public_roster_evidence_reconciled_first_team_member_as_of_2026-09-27,public_roster_evidence_user_reconciled,User-supplied reconciliation of public roster/registration evidence: Public roster reconciliation supplied by the user places this player among the 31 listed in both the July CSL and September AFC squads and on Guoan's first-team roster on 2026-09-27.,user_supplied_public_roster_evidence,user_supplied_public_roster_reconciliation_2026-09-27,Public roster reconciliation supplied by the user places this player among the 31 listed in both the July CSL and September AFC squads and on Guoan's first-team roster on 2026-09-27.,Listed in 2026-07-23 CSL second-window and 2026-09-13 AFC registers,,,,,,2026-08-07,15552600,Chinese Super League,https://www.sofascore.com/football/match/shenzhen-peng-city-beijing-guoan/BrbsGBmc#id:15552600,2026-09-27
1121219,贾非凡,Feifan Jia,Beijing Guoan,first_team_squad,true,CSL 2026:36;CSL 2026 second-window:36,CSL 2026;CSL 2026 second-window,2,public_roster_evidence_reconciled_first_team_member_as_of_2026-09-27,public_roster_evidence_user_reconciled,"User-supplied reconciliation of public roster/registration evidence: Registered for CSL only, not AFC",user_supplied_public_roster_evidence,user_supplied_public_roster_reconciliation_2026-09-27,"Registered for CSL only, not AFC",CSL only,,,,,,2026-09-05,15552633,Chinese Super League,https://www.sofascore.com/football/match/shanghai-port-beijing-guoan/BrbsMFq#id:15552633,2026-09-27
926823,达万,Dawhan,Beijing Guoan,first_team_squad,true,CSL 2026:23;CSL 2026 second-window:23;AFC Champions League Elite 2026/27:23,AFC Champions League Elite 2026/27;CSL 2026;CSL 2026 second-window,3,public_roster_evidence_reconciled_first_team_member_as_of_2026-09-27,public_roster_evidence_user_reconciled,User-supplied reconciliation of public roster/registration evidence: Public roster reconciliation supplied by the user places this player among the 31 listed in both the July CSL and September AFC squads and on Guoan's first-team roster on 2026-09-27.,user_supplied_public_roster_evidence,user_supplied_public_roster_reconciliation_2026-09-27,Public roster reconciliation supplied by the user places this player among the 31 listed in both the July CSL and September AFC squads and on Guoan's first-team roster on 2026-09-27.,Listed in 2026-07-23 CSL second-window and 2026-09-13 AFC registers,,,,,,2026-09-15,16863671,AFC Champions League Elite,https://www.sofascore.com/football/match/pohang-steelers-beijing-guoan/Brbsadd#id:16863671,2026-09-27
2443057,邓捷夫,Deng Jiefu,Beijing Guoan,first_team_squad,true,CSL 2026:47;CSL 2026 second-window:47;AFC Champions League Elite 2026/27:47,AFC Champions League Elite 2026/27;CSL 2026;CSL 2026 second-window,3,public_roster_evidence_reconciled_first_team_member_as_of_2026-09-27,public_roster_evidence_user_reconciled,User-supplied reconciliation of public roster/registration evidence: Public roster reconciliation supplied by the user places this player among the 31 listed in both the July CSL and September AFC squads and on Guoan's first-team roster on 2026-09-27.,user_supplied_public_roster_evidence,user_supplied_public_roster_reconciliation_2026-09-27,Public roster reconciliation supplied by the user places this player among the 31 listed in both the July CSL and September AFC squads and on Guoan's first-team roster on 2026-09-27.,Listed in 2026-07-23 CSL second-window and 2026-09-13 AFC registers,,,,,,2026-09-15,16863671,AFC Champions League Elite,https://www.sofascore.com/football/match/pohang-steelers-beijing-guoan/Brbsadd#id:16863671,2026-09-27
920987,阿不都海米提,Abdugheni Abduhamit,Beijing Guoan,first_team_squad,true,CSL 2026:24;CSL 2026 second-window:24;AFC Champions League Elite 2026/27:24,AFC Champions League Elite 2026/27;CSL 2026;CSL 2026 second-window,3,public_roster_evidence_reconciled_first_team_member_as_of_2026-09-27,public_roster_evidence_user_reconciled,User-supplied reconciliation of public roster/registration evidence: Public roster reconciliation supplied by the user places this player among the 31 listed in both the July CSL and September AFC squads and on Guoan's first-team roster on 2026-09-27.,user_supplied_public_roster_evidence,user_supplied_public_roster_reconciliation_2026-09-27,Public roster reconciliation supplied by the user places this player among the 31 listed in both the July CSL and September AFC squads and on Guoan's first-team roster on 2026-09-27.,Listed in 2026-07-23 CSL second-window and 2026-09-13 AFC registers,,,,,,2026-09-15,16863671,AFC Champions League Elite,https://www.sofascore.com/football/match/pohang-steelers-beijing-guoan/Brbsadd#id:16863671,2026-09-27
553488,阿科洛,Chadrac Akolo,Beijing Guoan,first_team_squad,true,AFC Champions League Elite 2026/27:77,AFC Champions League Elite 2026/27,1,public_roster_evidence_reconciled_first_team_member_as_of_2026-09-27,public_roster_evidence_user_reconciled,"User-supplied reconciliation of public roster/registration evidence: Registered for AFC only, not CSL",user_supplied_public_roster_evidence,user_supplied_public_roster_reconciliation_2026-09-27,"Registered for AFC only, not CSL",AFC only,,,,,,2026-09-15,16863671,AFC Champions League Elite,https://www.sofascore.com/football/match/pohang-steelers-beijing-guoan/Brbsadd#id:16863671,2026-09-27
,陈康悦,,Beijing Guoan,first_team_squad,true,CSL 2026 second-window:59;AFC Champions League Elite 2026/27:59,AFC Champions League Elite 2026/27;CSL 2026 second-window,2,public_roster_evidence_reconciled_first_team_member_as_of_2026-09-27,public_roster_evidence_user_reconciled,User-supplied reconciliation of public roster/registration evidence: Public roster reconciliation supplied by the user places this player among the 31 listed in both the July CSL and September AFC squads and on Guoan's first-team roster on 2026-09-27.,user_supplied_public_roster_evidence,user_supplied_public_roster_reconciliation_2026-09-27,Public roster reconciliation supplied by the user places this player among the 31 listed in both the July CSL and September AFC squads and on Guoan's first-team roster on 2026-09-27.,Listed in 2026-07-23 CSL second-window and 2026-09-13 AFC registers,,,,,,,,,,2026-09-27
,韩佳奇,,Beijing Guoan,first_team_squad,true,CSL 2026:22;CSL 2026 second-window:22;AFC Champions League Elite 2026/27:22,AFC Champions League Elite 2026/27;CSL 2026;CSL 2026 second-window,3,public_roster_evidence_reconciled_first_team_member_as_of_2026-09-27,public_roster_evidence_user_reconciled,User-supplied reconciliation of public roster/registration evidence: Public roster reconciliation supplied by the user places this player among the 31 listed in both the July CSL and September AFC squads and on Guoan's first-team roster on 2026-09-27.,user_supplied_public_roster_evidence,user_supplied_public_roster_reconciliation_2026-09-27,Public roster reconciliation supplied by the user places this player among the 31 listed in both the July CSL and September AFC squads and on Guoan's first-team roster on 2026-09-27.,Listed in 2026-07-23 CSL second-window and 2026-09-13 AFC registers,,,,,,,,,,2026-09-27
,马名扬,,Beijing Guoan,first_team_squad,false,CSL 2026:45,CSL 2026,1,public_roster_evidence_reconciled_not_in_first_team_as_of_2026-09-27,public_roster_evidence_user_reconciled,User-supplied reconciliation of public roster/registration evidence: Moved down to U20 team,user_supplied_public_roster_evidence,user_supplied_public_roster_reconciliation_2026-09-27,Moved down to U20 team,,,,,,,,,,,2026-09-27
2181862,魏家傲,Jiaao Wei,Beijing Guoan,first_team_squad,false,CSL 2026:38,CSL 2026,1,confirmed_loaned_out_2026-07-03,public_confirmed_transition,Club announcement reports loan to Beijing Institute of Technology through 2026-12-31; exclude from active Guoan first-team snapshot while loan is active.,public_announcement,wei_jiaao_loan_2026-07-03,,,,,2026-07-03,,,2026-03-08,15551889,Chinese Super League,https://www.sofascore.com/football/match/wuhan-three-towns-beijing-guoan/Brbscdtc#id:15551889,2026-09-27
