player_name_zh,shirt_number,registration_scope,source_id,registered_on,nominal_position,nominal_position_source
吴少聪,2,CSL 2026,guoan_csl_roster_2026-03-03,2026-03-03,,
何宇鹏,3,CSL 2026,guoan_csl_roster_2026-03-03,2026-03-03,,
李磊,4,CSL 2026,guoan_csl_roster_2026-03-03,2026-03-03,,
拉莫斯,5,CSL 2026,guoan_csl_roster_2026-03-03,2026-03-03,,
池忠国,6,CSL 2026,guoan_csl_roster_2026-03-03,2026-03-03,,
塞尔吉尼奥,7,CSL 2026,guoan_csl_roster_2026-03-03,2026-03-03,,
孔特,8,CSL 2026,guoan_csl_roster_2026-03-03,2026-03-03,,
张玉宁,9,CSL 2026,guoan_csl_roster_2026-03-03,2026-03-03,,
张稀哲,10,CSL 2026,guoan_csl_roster_2026-03-03,2026-03-03,,
林良铭,11,CSL 2026,guoan_csl_roster_2026-03-03,2026-03-03,,
卢彤鋆,14,CSL 2026,guoan_csl_roster_2026-03-03,2026-03-03,,
冯博轩,16,CSL 2026,guoan_csl_roster_2026-03-03,2026-03-03,,
杨立瑜,17,CSL 2026,guoan_csl_roster_2026-03-03,2026-03-03,,
王禹,18,CSL 2026,guoan_csl_roster_2026-03-03,2026-03-03,,
恩科洛洛,20,CSL 2026,guoan_csl_roster_2026-03-03,2026-03-03,,
茹子楠,21,CSL 2026,guoan_csl_roster_2026-03-03,2026-03-03,,
韩佳奇,22,CSL 2026,guoan_csl_roster_2026-03-03,2026-03-03,,
达万,23,CSL 2026,guoan_csl_roster_2026-03-03,2026-03-03,,
阿不都海米提,24,CSL 2026,guoan_csl_roster_2026-03-03,2026-03-03,,
柏杨,26,CSL 2026,guoan_csl_roster_2026-03-03,2026-03-03,,
王刚,27,CSL 2026,guoan_csl_roster_2026-03-03,2026-03-03,,
法比奥,29,CSL 2026,guoan_csl_roster_2026-03-03,2026-03-03,,
范双杰,30,CSL 2026,guoan_csl_roster_2026-03-03,2026-03-03,,
王思泽,32,CSL 2026,guoan_csl_roster_2026-03-03,2026-03-03,,
努尔艾力·阿巴斯,33,CSL 2026,guoan_csl_roster_2026-03-03,2026-03-03,,
侯森,34,CSL 2026,guoan_csl_roster_2026-03-03,2026-03-03,,
江文豪,35,CSL 2026,guoan_csl_roster_2026-03-03,2026-03-03,,
贾非凡,36,CSL 2026,guoan_csl_roster_2026-03-03,2026-03-03,,
曹永竞,37,CSL 2026,guoan_csl_roster_2026-03-03,2026-03-03,,
魏家傲,38,CSL 2026,guoan_csl_roster_2026-03-03,2026-03-03,,
张健智,39,CSL 2026,guoan_csl_roster_2026-03-03,2026-03-03,,
程熙,41,CSL 2026,guoan_csl_roster_2026-03-03,2026-03-03,,
林涵祺,42,CSL 2026,guoan_csl_roster_2026-03-03,2026-03-03,,
马名扬,45,CSL 2026,guoan_csl_roster_2026-03-03,2026-03-03,,
邓捷夫,47,CSL 2026,guoan_csl_roster_2026-03-03,2026-03-03,,
韩佳奇,22,CSL 2026 second-window,guoan_csl_roster_second_window_2026-07-23,2026-07-23,Goalkeeper,guoan_csl_roster_second_window_2026-07-23
刘邵子洋,31,CSL 2026 second-window,guoan_csl_roster_second_window_2026-07-23,2026-07-23,Goalkeeper,guoan_csl_roster_second_window_2026-07-23
努尔艾力·阿巴斯,33,CSL 2026 second-window,guoan_csl_roster_second_window_2026-07-23,2026-07-23,Goalkeeper,guoan_csl_roster_second_window_2026-07-23
侯森,34,CSL 2026 second-window,guoan_csl_roster_second_window_2026-07-23,2026-07-23,Goalkeeper,guoan_csl_roster_second_window_2026-07-23
吴少聪,2,CSL 2026 second-window,guoan_csl_roster_second_window_2026-07-23,2026-07-23,Defender,guoan_csl_roster_second_window_2026-07-23
何宇鹏,3,CSL 2026 second-window,guoan_csl_roster_second_window_2026-07-23,2026-07-23,Defender,guoan_csl_roster_second_window_2026-07-23
李磊,4,CSL 2026 second-window,guoan_csl_roster_second_window_2026-07-23,2026-07-23,Defender,guoan_csl_roster_second_window_2026-07-23
拉莫斯,5,CSL 2026 second-window,guoan_csl_roster_second_window_2026-07-23,2026-07-23,Defender,guoan_csl_roster_second_window_2026-07-23
茹子楠,21,CSL 2026 second-window,guoan_csl_roster_second_window_2026-07-23,2026-07-23,Defender,guoan_csl_roster_second_window_2026-07-23
阿不都海米提,24,CSL 2026 second-window,guoan_csl_roster_second_window_2026-07-23,2026-07-23,Defender,guoan_csl_roster_second_window_2026-07-23
斯帕伊奇,25,CSL 2026 second-window,guoan_csl_roster_second_window_2026-07-23,2026-07-23,Defender,guoan_csl_roster_second_window_2026-07-23
柏杨,26,CSL 2026 second-window,guoan_csl_roster_second_window_2026-07-23,2026-07-23,Defender,guoan_csl_roster_second_window_2026-07-23
王刚,27,CSL 2026 second-window,guoan_csl_roster_second_window_2026-07-23,2026-07-23,Defender,guoan_csl_roster_second_window_2026-07-23
范双杰,30,CSL 2026 second-window,guoan_csl_roster_second_window_2026-07-23,2026-07-23,Defender,guoan_csl_roster_second_window_2026-07-23
邓捷夫,47,CSL 2026 second-window,guoan_csl_roster_second_window_2026-07-23,2026-07-23,Defender,guoan_csl_roster_second_window_2026-07-23
罗子祥,55,CSL 2026 second-window,guoan_csl_roster_second_window_2026-07-23,2026-07-23,Defender,guoan_csl_roster_second_window_2026-07-23
池忠国,6,CSL 2026 second-window,guoan_csl_roster_second_window_2026-07-23,2026-07-23,Midfielder,guoan_csl_roster_second_window_2026-07-23
塞尔吉尼奥,7,CSL 2026 second-window,guoan_csl_roster_second_window_2026-07-23,2026-07-23,Midfielder,guoan_csl_roster_second_window_2026-07-23
孔特,8,CSL 2026 second-window,guoan_csl_roster_second_window_2026-07-23,2026-07-23,Midfielder,guoan_csl_roster_second_window_2026-07-23
张稀哲,10,CSL 2026 second-window,guoan_csl_roster_second_window_2026-07-23,2026-07-23,Midfielder,guoan_csl_roster_second_window_2026-07-23
王禹,18,CSL 2026 second-window,guoan_csl_roster_second_window_2026-07-23,2026-07-23,Midfielder,guoan_csl_roster_second_window_2026-07-23
达万,23,CSL 2026 second-window,guoan_csl_roster_second_window_2026-07-23,2026-07-23,Midfielder,guoan_csl_roster_second_window_2026-07-23
王思泽,32,CSL 2026 second-window,guoan_csl_roster_second_window_2026-07-23,2026-07-23,Midfielder,guoan_csl_roster_second_window_2026-07-23
贾非凡,36,CSL 2026 second-window,guoan_csl_roster_second_window_2026-07-23,2026-07-23,Midfielder,guoan_csl_roster_second_window_2026-07-23
曹永竞,37,CSL 2026 second-window,guoan_csl_roster_second_window_2026-07-23,2026-07-23,Midfielder,guoan_csl_roster_second_window_2026-07-23
程熙,41,CSL 2026 second-window,guoan_csl_roster_second_window_2026-07-23,2026-07-23,Midfielder,guoan_csl_roster_second_window_2026-07-23
夏晓雨,43,CSL 2026 second-window,guoan_csl_roster_second_window_2026-07-23,2026-07-23,Midfielder,guoan_csl_roster_second_window_2026-07-23
张昊冉,50,CSL 2026 second-window,guoan_csl_roster_second_window_2026-07-23,2026-07-23,Midfielder,guoan_csl_roster_second_window_2026-07-23
刘俊泽,57,CSL 2026 second-window,guoan_csl_roster_second_window_2026-07-23,2026-07-23,Midfielder,guoan_csl_roster_second_window_2026-07-23
陈康悦,59,CSL 2026 second-window,guoan_csl_roster_second_window_2026-07-23,2026-07-23,Midfielder,guoan_csl_roster_second_window_2026-07-23
张玉宁,9,CSL 2026 second-window,guoan_csl_roster_second_window_2026-07-23,2026-07-23,Forward,guoan_csl_roster_second_window_2026-07-23
林良铭,11,CSL 2026 second-window,guoan_csl_roster_second_window_2026-07-23,2026-07-23,Forward,guoan_csl_roster_second_window_2026-07-23
杨立瑜,17,CSL 2026 second-window,guoan_csl_roster_second_window_2026-07-23,2026-07-23,Forward,guoan_csl_roster_second_window_2026-07-23
法比奥,29,CSL 2026 second-window,guoan_csl_roster_second_window_2026-07-23,2026-07-23,Forward,guoan_csl_roster_second_window_2026-07-23
蒋子承,58,CSL 2026 second-window,guoan_csl_roster_second_window_2026-07-23,2026-07-23,Forward,guoan_csl_roster_second_window_2026-07-23
李磊,4,AFC Champions League Elite 2026/27,guoan_acl_roster_2026-09-13,2026-09-13,Defender,guoan_acl_roster_transcription_2026-09-13
拉莫斯,5,AFC Champions League Elite 2026/27,guoan_acl_roster_2026-09-13,2026-09-13,Defender,guoan_acl_roster_transcription_2026-09-13
池忠国,6,AFC Champions League Elite 2026/27,guoan_acl_roster_2026-09-13,2026-09-13,Midfielder,guoan_acl_roster_transcription_2026-09-13
塞尔吉尼奥,7,AFC Champions League Elite 2026/27,guoan_acl_roster_2026-09-13,2026-09-13,Midfielder,guoan_acl_roster_transcription_2026-09-13
孔特,8,AFC Champions League Elite 2026/27,guoan_acl_roster_2026-09-13,2026-09-13,Midfielder,guoan_acl_roster_transcription_2026-09-13
张玉宁,9,AFC Champions League Elite 2026/27,guoan_acl_roster_2026-09-13,2026-09-13,Forward,guoan_acl_roster_transcription_2026-09-13
张稀哲,10,AFC Champions League Elite 2026/27,guoan_acl_roster_2026-09-13,2026-09-13,Midfielder,guoan_acl_roster_transcription_2026-09-13
林良铭,11,AFC Champions League Elite 2026/27,guoan_acl_roster_2026-09-13,2026-09-13,Forward,guoan_acl_roster_transcription_2026-09-13
卢彤鋆,14,AFC Champions League Elite 2026/27,guoan_acl_roster_2026-09-13,2026-09-13,Goalkeeper,guoan_acl_roster_transcription_2026-09-13
杨立瑜,17,AFC Champions League Elite 2026/27,guoan_acl_roster_2026-09-13,2026-09-13,Forward,guoan_acl_roster_transcription_2026-09-13
王禹,18,AFC Champions League Elite 2026/27,guoan_acl_roster_2026-09-13,2026-09-13,Midfielder,guoan_acl_roster_transcription_2026-09-13
恩科洛洛,20,AFC Champions League Elite 2026/27,guoan_acl_roster_2026-09-13,2026-09-13,Midfielder,guoan_acl_roster_transcription_2026-09-13
茹子楠,21,AFC Champions League Elite 2026/27,guoan_acl_roster_2026-09-13,2026-09-13,Defender,guoan_acl_roster_transcription_2026-09-13
韩佳奇,22,AFC Champions League Elite 2026/27,guoan_acl_roster_2026-09-13,2026-09-13,Goalkeeper,guoan_acl_roster_transcription_2026-09-13
达万,23,AFC Champions League Elite 2026/27,guoan_acl_roster_2026-09-13,2026-09-13,Midfielder,guoan_acl_roster_transcription_2026-09-13
阿不都海米提,24,AFC Champions League Elite 2026/27,guoan_acl_roster_2026-09-13,2026-09-13,Defender,guoan_acl_roster_transcription_2026-09-13
斯帕伊奇,25,AFC Champions League Elite 2026/27,guoan_acl_roster_2026-09-13,2026-09-13,Defender,guoan_acl_roster_transcription_2026-09-13
柏杨,26,AFC Champions League Elite 2026/27,guoan_acl_roster_2026-09-13,2026-09-13,Defender,guoan_acl_roster_transcription_2026-09-13
王刚,27,AFC Champions League Elite 2026/27,guoan_acl_roster_2026-09-13,2026-09-13,Defender,guoan_acl_roster_transcription_2026-09-13
杜齐亚克,28,AFC Champions League Elite 2026/27,guoan_acl_roster_2026-09-13,2026-09-13,Midfielder,guoan_acl_roster_transcription_2026-09-13
法比奥,29,AFC Champions League Elite 2026/27,guoan_acl_roster_2026-09-13,2026-09-13,Forward,guoan_acl_roster_transcription_2026-09-13
范双杰,30,AFC Champions League Elite 2026/27,guoan_acl_roster_2026-09-13,2026-09-13,Defender,guoan_acl_roster_transcription_2026-09-13
刘邵子洋,31,AFC Champions League Elite 2026/27,guoan_acl_roster_2026-09-13,2026-09-13,Goalkeeper,guoan_acl_roster_transcription_2026-09-13
王思泽,32,AFC Champions League Elite 2026/27,guoan_acl_roster_2026-09-13,2026-09-13,Midfielder,guoan_acl_roster_transcription_2026-09-13
侯森,34,AFC Champions League Elite 2026/27,guoan_acl_roster_2026-09-13,2026-09-13,Goalkeeper,guoan_acl_roster_transcription_2026-09-13
曹永竞,37,AFC Champions League Elite 2026/27,guoan_acl_roster_2026-09-13,2026-09-13,Midfielder,guoan_acl_roster_transcription_2026-09-13
程熙,41,AFC Champions League Elite 2026/27,guoan_acl_roster_2026-09-13,2026-09-13,Midfielder,guoan_acl_roster_transcription_2026-09-13
夏晓雨,43,AFC Champions League Elite 2026/27,guoan_acl_roster_2026-09-13,2026-09-13,Midfielder,guoan_acl_roster_transcription_2026-09-13
邓捷夫,47,AFC Champions League Elite 2026/27,guoan_acl_roster_2026-09-13,2026-09-13,Defender,guoan_acl_roster_transcription_2026-09-13
张昊冉,50,AFC Champions League Elite 2026/27,guoan_acl_roster_2026-09-13,2026-09-13,Midfielder,guoan_acl_roster_transcription_2026-09-13
罗子祥,55,AFC Champions League Elite 2026/27,guoan_acl_roster_2026-09-13,2026-09-13,Defender,guoan_acl_roster_transcription_2026-09-13
刘俊泽,57,AFC Champions League Elite 2026/27,guoan_acl_roster_2026-09-13,2026-09-13,Midfielder,guoan_acl_roster_transcription_2026-09-13
蒋子承,58,AFC Champions League Elite 2026/27,guoan_acl_roster_2026-09-13,2026-09-13,Forward,guoan_acl_roster_transcription_2026-09-13
陈康悦,59,AFC Champions League Elite 2026/27,guoan_acl_roster_2026-09-13,2026-09-13,Midfielder,guoan_acl_roster_transcription_2026-09-13
阿科洛,77,AFC Champions League Elite 2026/27,guoan_acl_roster_2026-09-13,2026-09-13,Forward,guoan_acl_roster_transcription_2026-09-13
