"player_name_zh","reported_first_team_status","reported_status_detail","reported_registration_detail","reported_availability_detail","reported_appearance_detail","transition_effective_date","source_provenance","recorded_on","public_verification_status"
"阿不都海米提","active_first_team","Public roster reconciliation supplied by the user places this player among the 31 listed in both the July CSL and September AFC squads and on Guoan's first-team roster on 2026-09-27.","Listed in 2026-07-23 CSL second-window and 2026-09-13 AFC registers","","","","user_supplied_public_roster_evidence","2026-09-27","user_identified_public_evidence; exact_item_reference_pending"
"柏杨","active_first_team","Public roster reconciliation supplied by the user places this player among the 31 listed in both the July CSL and September AFC squads and on Guoan's first-team roster on 2026-09-27.","Listed in 2026-07-23 CSL second-window and 2026-09-13 AFC registers","","","","user_supplied_public_roster_evidence","2026-09-27","user_identified_public_evidence; exact_item_reference_pending"
"曹永竞","active_first_team","Public roster reconciliation supplied by the user places this player among the 31 listed in both the July CSL and September AFC squads and on Guoan's first-team roster on 2026-09-27.","Listed in 2026-07-23 CSL second-window and 2026-09-13 AFC registers","","","","user_supplied_public_roster_evidence","2026-09-27","user_identified_public_evidence; exact_item_reference_pending"
"陈康悦","active_first_team","Public roster reconciliation supplied by the user places this player among the 31 listed in both the July CSL and September AFC squads and on Guoan's first-team roster on 2026-09-27.","Listed in 2026-07-23 CSL second-window and 2026-09-13 AFC registers","","","","user_supplied_public_roster_evidence","2026-09-27","user_identified_public_evidence; exact_item_reference_pending"
"程熙","active_first_team","Public roster reconciliation supplied by the user places this player among the 31 listed in both the July CSL and September AFC squads and on Guoan's first-team roster on 2026-09-27.","Listed in 2026-07-23 CSL second-window and 2026-09-13 AFC registers","","","","user_supplied_public_roster_evidence","2026-09-27","user_identified_public_evidence; exact_item_reference_pending"
"池忠国","active_first_team","Public roster reconciliation supplied by the user places this player among the 31 listed in both the July CSL and September AFC squads and on Guoan's first-team roster on 2026-09-27.","Listed in 2026-07-23 CSL second-window and 2026-09-13 AFC registers","","","","user_supplied_public_roster_evidence","2026-09-27","user_identified_public_evidence; exact_item_reference_pending"
"达万","active_first_team","Public roster reconciliation supplied by the user places this player among the 31 listed in both the July CSL and September AFC squads and on Guoan's first-team roster on 2026-09-27.","Listed in 2026-07-23 CSL second-window and 2026-09-13 AFC registers","","","","user_supplied_public_roster_evidence","2026-09-27","user_identified_public_evidence; exact_item_reference_pending"
"邓捷夫","active_first_team","Public roster reconciliation supplied by the user places this player among the 31 listed in both the July CSL and September AFC squads and on Guoan's first-team roster on 2026-09-27.","Listed in 2026-07-23 CSL second-window and 2026-09-13 AFC registers","","","","user_supplied_public_roster_evidence","2026-09-27","user_identified_public_evidence; exact_item_reference_pending"
"法比奥","active_first_team","Public roster reconciliation supplied by the user places this player among the 31 listed in both the July CSL and September AFC squads and on Guoan's first-team roster on 2026-09-27.","Listed in 2026-07-23 CSL second-window and 2026-09-13 AFC registers","","","","user_supplied_public_roster_evidence","2026-09-27","user_identified_public_evidence; exact_item_reference_pending"
"范双杰","active_first_team","Public roster reconciliation supplied by the user places this player among the 31 listed in both the July CSL and September AFC squads and on Guoan's first-team roster on 2026-09-27.","Listed in 2026-07-23 CSL second-window and 2026-09-13 AFC registers","","","","user_supplied_public_roster_evidence","2026-09-27","user_identified_public_evidence; exact_item_reference_pending"
"韩佳奇","active_first_team","Public roster reconciliation supplied by the user places this player among the 31 listed in both the July CSL and September AFC squads and on Guoan's first-team roster on 2026-09-27.","Listed in 2026-07-23 CSL second-window and 2026-09-13 AFC registers","","","","user_supplied_public_roster_evidence","2026-09-27","user_identified_public_evidence; exact_item_reference_pending"
"侯森","active_first_team","Public roster reconciliation supplied by the user places this player among the 31 listed in both the July CSL and September AFC squads and on Guoan's first-team roster on 2026-09-27.","Listed in 2026-07-23 CSL second-window and 2026-09-13 AFC registers","","","","user_supplied_public_roster_evidence","2026-09-27","user_identified_public_evidence; exact_item_reference_pending"
"蒋子承","active_first_team","Public roster reconciliation supplied by the user places this player among the 31 listed in both the July CSL and September AFC squads and on Guoan's first-team roster on 2026-09-27.","Listed in 2026-07-23 CSL second-window and 2026-09-13 AFC registers","","","","user_supplied_public_roster_evidence","2026-09-27","user_identified_public_evidence; exact_item_reference_pending"
"孔特","active_first_team","Public roster reconciliation supplied by the user places this player among the 31 listed in both the July CSL and September AFC squads and on Guoan's first-team roster on 2026-09-27.","Listed in 2026-07-23 CSL second-window and 2026-09-13 AFC registers","","","","user_supplied_public_roster_evidence","2026-09-27","user_identified_public_evidence; exact_item_reference_pending"
"拉莫斯","active_first_team","Public roster reconciliation supplied by the user places this player among the 31 listed in both the July CSL and September AFC squads and on Guoan's first-team roster on 2026-09-27.","Listed in 2026-07-23 CSL second-window and 2026-09-13 AFC registers","","","","user_supplied_public_roster_evidence","2026-09-27","user_identified_public_evidence; exact_item_reference_pending"
"李磊","active_first_team","Public roster reconciliation supplied by the user places this player among the 31 listed in both the July CSL and September AFC squads and on Guoan's first-team roster on 2026-09-27.","Listed in 2026-07-23 CSL second-window and 2026-09-13 AFC registers","","","","user_supplied_public_roster_evidence","2026-09-27","user_identified_public_evidence; exact_item_reference_pending"
"林良铭","active_first_team","Public roster reconciliation supplied by the user places this player among the 31 listed in both the July CSL and September AFC squads and on Guoan's first-team roster on 2026-09-27.","Listed in 2026-07-23 CSL second-window and 2026-09-13 AFC registers","","","","user_supplied_public_roster_evidence","2026-09-27","user_identified_public_evidence; exact_item_reference_pending"
"刘俊泽","active_first_team","Public roster reconciliation supplied by the user places this player among the 31 listed in both the July CSL and September AFC squads and on Guoan's first-team roster on 2026-09-27.","Listed in 2026-07-23 CSL second-window and 2026-09-13 AFC registers","","","","user_supplied_public_roster_evidence","2026-09-27","user_identified_public_evidence; exact_item_reference_pending"
"刘邵子洋","active_first_team","Public roster reconciliation supplied by the user places this player among the 31 listed in both the July CSL and September AFC squads and on Guoan's first-team roster on 2026-09-27.","Listed in 2026-07-23 CSL second-window and 2026-09-13 AFC registers","","","","user_supplied_public_roster_evidence","2026-09-27","user_identified_public_evidence; exact_item_reference_pending"
"罗子祥","active_first_team","Public roster reconciliation supplied by the user places this player among the 31 listed in both the July CSL and September AFC squads and on Guoan's first-team roster on 2026-09-27.","Listed in 2026-07-23 CSL second-window and 2026-09-13 AFC registers","","","","user_supplied_public_roster_evidence","2026-09-27","user_identified_public_evidence; exact_item_reference_pending"
"茹子楠","active_first_team","Public roster reconciliation supplied by the user places this player among the 31 listed in both the July CSL and September AFC squads and on Guoan's first-team roster on 2026-09-27.","Listed in 2026-07-23 CSL second-window and 2026-09-13 AFC registers","","","","user_supplied_public_roster_evidence","2026-09-27","user_identified_public_evidence; exact_item_reference_pending"
"塞尔吉尼奥","active_first_team","Public roster reconciliation supplied by the user places this player among the 31 listed in both the July CSL and September AFC squads and on Guoan's first-team roster on 2026-09-27.","Listed in 2026-07-23 CSL second-window and 2026-09-13 AFC registers","","","","user_supplied_public_roster_evidence","2026-09-27","user_identified_public_evidence; exact_item_reference_pending"
"斯帕伊奇","active_first_team","Public roster reconciliation supplied by the user places this player among the 31 listed in both the July CSL and September AFC squads and on Guoan's first-team roster on 2026-09-27.","Listed in 2026-07-23 CSL second-window and 2026-09-13 AFC registers","","","","user_supplied_public_roster_evidence","2026-09-27","user_identified_public_evidence; exact_item_reference_pending"
"王刚","active_first_team","Public roster reconciliation supplied by the user places this player among the 31 listed in both the July CSL and September AFC squads and on Guoan's first-team roster on 2026-09-27.","Listed in 2026-07-23 CSL second-window and 2026-09-13 AFC registers","","","","user_supplied_public_roster_evidence","2026-09-27","user_identified_public_evidence; exact_item_reference_pending"
"王思泽","active_first_team","Public roster reconciliation supplied by the user places this player among the 31 listed in both the July CSL and September AFC squads and on Guoan's first-team roster on 2026-09-27.","Listed in 2026-07-23 CSL second-window and 2026-09-13 AFC registers","","","","user_supplied_public_roster_evidence","2026-09-27","user_identified_public_evidence; exact_item_reference_pending"
"王禹","active_first_team","Public roster reconciliation supplied by the user places this player among the 31 listed in both the July CSL and September AFC squads and on Guoan's first-team roster on 2026-09-27.","Listed in 2026-07-23 CSL second-window and 2026-09-13 AFC registers","","","","user_supplied_public_roster_evidence","2026-09-27","user_identified_public_evidence; exact_item_reference_pending"
"夏晓雨","active_first_team","Public roster reconciliation supplied by the user places this player among the 31 listed in both the July CSL and September AFC squads and on Guoan's first-team roster on 2026-09-27.","Listed in 2026-07-23 CSL second-window and 2026-09-13 AFC registers","","","","user_supplied_public_roster_evidence","2026-09-27","user_identified_public_evidence; exact_item_reference_pending"
"杨立瑜","active_first_team","Public roster reconciliation supplied by the user places this player among the 31 listed in both the July CSL and September AFC squads and on Guoan's first-team roster on 2026-09-27.","Listed in 2026-07-23 CSL second-window and 2026-09-13 AFC registers","","","","user_supplied_public_roster_evidence","2026-09-27","user_identified_public_evidence; exact_item_reference_pending"
"张昊冉","active_first_team","Public roster reconciliation supplied by the user places this player among the 31 listed in both the July CSL and September AFC squads and on Guoan's first-team roster on 2026-09-27.","Listed in 2026-07-23 CSL second-window and 2026-09-13 AFC registers","","","","user_supplied_public_roster_evidence","2026-09-27","user_identified_public_evidence; exact_item_reference_pending"
"张稀哲","active_first_team","Public roster reconciliation supplied by the user places this player among the 31 listed in both the July CSL and September AFC squads and on Guoan's first-team roster on 2026-09-27.","Listed in 2026-07-23 CSL second-window and 2026-09-13 AFC registers","","","","user_supplied_public_roster_evidence","2026-09-27","user_identified_public_evidence; exact_item_reference_pending"
"张玉宁","active_first_team","Public roster reconciliation supplied by the user places this player among the 31 listed in both the July CSL and September AFC squads and on Guoan's first-team roster on 2026-09-27.","Listed in 2026-07-23 CSL second-window and 2026-09-13 AFC registers","","","","user_supplied_public_roster_evidence","2026-09-27","user_identified_public_evidence; exact_item_reference_pending"
"何宇鹏","active_first_team","Season-ending injury; remains registered in the first-team squad","2026 CSL first-team registration; absent from September AFC roster","Season-ending injury, user-supplied public evidence","","","user_supplied_public_roster_evidence","2026-09-27","user_identified_public_evidence; exact_item_reference_pending"
"吴少聪","active_first_team","Season-ending injury; remains registered in the first-team squad","2026 CSL first-team registration; absent from September AFC roster","Season-ending injury, user-supplied public evidence","","","user_supplied_public_roster_evidence","2026-09-27","user_identified_public_evidence; exact_item_reference_pending"
"贾非凡","active_first_team","Registered for CSL only, not AFC","CSL only","","","","user_supplied_public_roster_evidence","2026-09-27","user_identified_public_evidence; exact_item_reference_pending"
"阿科洛","active_first_team","Registered for AFC only, not CSL","AFC only","","","","user_supplied_public_roster_evidence","2026-09-27","user_identified_public_evidence; exact_item_reference_pending"
"杜齐亚克","active_first_team","Registered for AFC only, not CSL","AFC only","","","","user_supplied_public_roster_evidence","2026-09-27","user_identified_public_evidence; exact_item_reference_pending"
"恩科洛洛","active_first_team","Registered in CSL for the first half of the season; CSL registration withdrawn in summer; remains in the first team and plays in AFC","CSL first-half registration withdrawn in summer; AFC registered","","Currently appears in AFC, user-supplied public evidence","","user_supplied_public_roster_evidence","2026-09-27","user_identified_public_evidence; exact_item_reference_pending"
"努尔艾力·阿巴斯","active_first_team","Youth-team goalkeeper registered with the first team; no appearance record","First-team registered","","No first-team appearance on record, user-supplied public evidence","","user_supplied_public_roster_evidence","2026-09-27","user_identified_public_evidence; exact_item_reference_pending"
"卢彤鋆","active_first_team","Youth-team goalkeeper registered with the first team; no appearance record","First-team registered","","No first-team appearance on record, user-supplied public evidence","","user_supplied_public_roster_evidence","2026-09-27","user_identified_public_evidence; exact_item_reference_pending"
"江文豪","not_first_team","Loaned away from first team","","","","","user_supplied_public_roster_evidence","2026-09-27","user_identified_public_evidence; exact_item_reference_pending"
"张健智","not_first_team","Loaned away from first team; user also wrote variant 张建智, normalized to roster identity 张健智","","","","","user_supplied_public_roster_evidence","2026-09-27","user_identified_public_evidence; exact_item_reference_pending"
"林涵祺","not_first_team","Moved down to U20 team","","","","","user_supplied_public_roster_evidence","2026-09-27","user_identified_public_evidence; exact_item_reference_pending"
"马名扬","not_first_team","Moved down to U20 team","","","","","user_supplied_public_roster_evidence","2026-09-27","user_identified_public_evidence; exact_item_reference_pending"
