player_name_zh,user_listed_group,decision_cohort_member,c2_discussion_member,user_registration_note,user_availability_note,user_current_role_note,user_transition_note,transition_effective_date,source_tier,recorded_on
侯森,Goalkeeper,true,true,,,,,,user_direct_authoritative,2026-09-30
刘邵子洋,Goalkeeper,true,true,,,,,,user_direct_authoritative,2026-09-30
韩佳奇,Goalkeeper,true,true,,,,,,user_direct_authoritative,2026-09-30
努尔艾力·阿巴斯,Goalkeeper,true,true,,,,,,user_direct_authoritative,2026-09-30
卢彤鋆,Goalkeeper,true,false,,U20本赛季未出场；不计入C2讨论,,,,user_direct_authoritative,2026-09-30
拉莫斯,Defender,true,true,,,,,,user_direct_authoritative,2026-09-30
茹子楠,Defender,true,true,,,,,,user_direct_authoritative,2026-09-30
邓捷夫,Defender,true,true,,,近期主要踢左边前卫,,,user_direct_authoritative,2026-09-30
王刚,Defender,true,true,,,,,,user_direct_authoritative,2026-09-30
柏杨,Defender,true,true,报名为中后卫,,实际踢左边后卫,,,user_direct_authoritative,2026-09-30
李磊,Defender,true,true,,,,,,user_direct_authoritative,2026-09-30
阿不都海米提,Defender,true,true,,,,,,user_direct_authoritative,2026-09-30
范双杰,Defender,true,true,,,,,,user_direct_authoritative,2026-09-30
何宇鹏,Defender,true,true,,,,,,user_direct_authoritative,2026-09-30
斯帕伊奇,Defender,true,true,夏窗补充报名；替换恩科洛洛,,,,,user_direct_authoritative,2026-09-30
罗子祥,Defender,true,false,,U20本赛季未出场；不计入C2讨论,,,,user_direct_authoritative,2026-09-30
吴少聪,Defender,true,true,,赛季报销；本赛季0出场,,,,user_direct_authoritative,2026-09-30
张稀哲,Midfielder,true,true,,,,,,user_direct_authoritative,2026-09-30
塞尔吉尼奥,Midfielder,true,true,,,,,,user_direct_authoritative,2026-09-30
曹永竞,Midfielder,true,true,,,,,,user_direct_authoritative,2026-09-30
达万,Midfielder,true,true,,,,,,user_direct_authoritative,2026-09-30
贾非凡,Midfielder,true,true,,,,,,user_direct_authoritative,2026-09-30
杜齐亚克,Midfielder,true,true,亚冠专属,,,,,user_direct_authoritative,2026-09-30
孔特,Midfielder,true,true,,,,,,user_direct_authoritative,2026-09-30
池忠国,Midfielder,true,true,,,,,,user_direct_authoritative,2026-09-30
王禹,Midfielder,true,true,,,,,,user_direct_authoritative,2026-09-30
程熙,Midfielder,true,true,,,,,,user_direct_authoritative,2026-09-30
夏晓雨,Midfielder,true,false,,U20本赛季未出场；不计入C2讨论,,,,user_direct_authoritative,2026-09-30
张昊冉,Midfielder,true,false,,U20本赛季未出场；不计入C2讨论,,,,user_direct_authoritative,2026-09-30
刘俊泽,Midfielder,true,false,,U20本赛季未出场；不计入C2讨论,,,,user_direct_authoritative,2026-09-30
陈康悦,Midfielder,true,false,,U20本赛季未出场；不计入C2讨论,,,,user_direct_authoritative,2026-09-30
王思泽,Midfielder,true,false,,U20本赛季未出场；不计入C2讨论,,,,user_direct_authoritative,2026-09-30
张玉宁,Forward,true,true,,,,,,user_direct_authoritative,2026-09-30
法比奥,Forward,true,true,,,,,,user_direct_authoritative,2026-09-30
林良铭,Forward,true,true,,,实际踢左边前卫,,,user_direct_authoritative,2026-09-30
阿科洛,Forward,true,true,亚冠专属,,,,,user_direct_authoritative,2026-09-30
恩科洛洛,Forward,true,true,上半赛季报名；夏窗撤销,,,,,user_direct_authoritative,2026-09-30
蒋子承,Forward,true,true,,,,,,user_direct_authoritative,2026-09-30
杨立瑜,Forward,true,true,,,,,,user_direct_authoritative,2026-09-30
冯博轩,,false,false,,,,转出大连英博,2026-07-03,user_direct_authoritative,2026-09-30
江文豪,,false,false,,,,租借陕西联合,2026-07-03,user_direct_authoritative,2026-09-30
张健智,,false,false,,,,租借中甲广西恒宸；具体日期未提供,,user_direct_authoritative,2026-09-30
林涵祺,,false,false,,,,夏季转会窗下放U20；具体日期未提供,,user_direct_authoritative,2026-09-30
马名扬,,false,false,,,,夏季转会窗下放U20；具体日期未提供,,user_direct_authoritative,2026-09-30
魏家傲,,false,false,,,,租借北京理工,2026-07-03,user_direct_authoritative,2026-09-30
